<?xml version="1.0" encoding="UTF-8"?>
<!DOCTYPE sqlMap PUBLIC "-//ibatis.apache.org//DTD SQL Map 2.0//EN" "http://ibatis.apache.org/dtd/sql-map-2.dtd" >
<sqlMap namespace="AUDIT_LOG">

	<sql id="queryCondition">
		where 1=1
		<dynamic>
			<isNotEmpty prepend="AND" property="systemId">
            al.SYSTEM_ID =
            #systemId#
        </isNotEmpty>
        <isNotEmpty prepend="AND" property="orgId">
            al.BRANCH_ID =
            #orgId#
        </isNotEmpty>
        <isNotEmpty prepend="AND" property="opertor">
            al.USER_ID =
            #opertor#
        </isNotEmpty>
        <isNotEmpty prepend="AND" property="userId">
            al.userId =
            #userId#
        </isNotEmpty>
        <isNotEmpty prepend="AND" property="operDateStart">
            al.oper_Date <![CDATA[>=]]>
            #operDateStart#
        </isNotEmpty>
        <isNotEmpty prepend="AND" property="operDateEnd">
            al.oper_Date <![CDATA[<=]]>
            #operDateEnd#
        </isNotEmpty>
        <isNotEmpty prepend="AND" property="operTimeStart">
            al.oper_Time <![CDATA[>=]]>
            #operTimeStart#
        </isNotEmpty>
        <isNotEmpty prepend="AND" property="operTimeEnd">
            al.oper_Time <![CDATA[<=]]>
            #operTimeEnd#
        </isNotEmpty>
        <isNotEmpty prepend="AND" property="funcName">
			al.func_name =
			#funcName#
		</isNotEmpty>
		<isNotEmpty prepend="AND" property="operType">
            al.oper_type =
            #operType#
        </isNotEmpty>
		</dynamic>
	</sql>
	
	<!-- 查询密码输入失败3次及以上的日志  -->
	<select id="selectPasswordErrLogList" parameterClass="com.synesoft.cci.business.auditLog.CciAuditLogForm" resultClass="com.synesoft.cci.business.auditLog.CciAuditLogForm">
		select 
		'UMP' as systemId,
		loginorg as orgId,
		'登录失败' as funcName,
		userid as userId,
		username as userName,
		${DB_FUNC_SUBSTR}(lastlogintime,1,8) as operDate,
		${DB_FUNC_SUBSTR}(lastlogintime,9,6) as operTime
		from ${UMP_SCHEMA}sys_user_inf
		where faillogincnt>=3
		<isNotEmpty prepend="AND" property="orgId">
			loginorg =
			#orgId#
		</isNotEmpty>
		<isNotEmpty prepend="AND" property="userId">
			userid =
			#userId#
		</isNotEmpty>
		<isNotEmpty prepend="AND" property="userName">
			username =
			#userName#
		</isNotEmpty>
		<isNotEmpty prepend="AND" property="operDateStart">
			${DB_FUNC_SUBSTR}(lastlogintime,1,8) <![CDATA[>=]]>
			#operDateStart#
		</isNotEmpty>
		<isNotEmpty prepend="AND" property="operDateEnd">
			${DB_FUNC_SUBSTR}(lastlogintime,1,8) <![CDATA[<=]]>
			#operDateEnd#
		</isNotEmpty>
		<isNotEmpty prepend="AND" property="operTimeStart">
			${DB_FUNC_SUBSTR}(lastlogintime,9,6) <![CDATA[>=]]>
			#operTimeStart#
		</isNotEmpty>
		<isNotEmpty prepend="AND" property="operTimeEnd">
			${DB_FUNC_SUBSTR}(lastlogintime,9,6) <![CDATA[<=]]>
			#operTimeEnd#
		</isNotEmpty>
		order by lastlogintime desc
	</select>
	<select id="selectPasswordErrLogCount" parameterClass="com.synesoft.cci.business.auditLog.CciAuditLogForm" resultClass="java.lang.Integer">
		select count(*)
		from ${UMP_SCHEMA}sys_user_inf
		where faillogincnt>=3
		<isNotEmpty prepend="AND" property="orgId">
			loginorg =
			#orgId#
		</isNotEmpty>
		<isNotEmpty prepend="AND" property="userId">
			userid =
			#userId#
		</isNotEmpty>
		<isNotEmpty prepend="AND" property="userName">
			username =
			#userName#
		</isNotEmpty>
		<isNotEmpty prepend="AND" property="operDateStart">
			${DB_FUNC_SUBSTR}(lastlogintime,1,8) <![CDATA[>=]]>
			#operDateStart#
		</isNotEmpty>
		<isNotEmpty prepend="AND" property="operDateEnd">
			${DB_FUNC_SUBSTR}(lastlogintime,1,8) <![CDATA[<=]]>
			#operDateEnd#
		</isNotEmpty>
		<isNotEmpty prepend="AND" property="operTimeStart">
			${DB_FUNC_SUBSTR}(lastlogintime,9,6) <![CDATA[>=]]>
			#operTimeStart#
		</isNotEmpty>
		<isNotEmpty prepend="AND" property="operTimeEnd">
			${DB_FUNC_SUBSTR}(lastlogintime,9,6) <![CDATA[<=]]>
			#operTimeEnd#
		</isNotEmpty>
	</select>
	
	<!-- 用户登录日志  -->
	<select id="selectUserLoginLogList" parameterClass="com.synesoft.cci.business.auditLog.CciAuditLogForm" resultClass="com.synesoft.cci.business.auditLog.CciAuditLogForm">
		select 
		'UMP' as systemId,
		loginorg as orgId,
		'用户登录' as funcName,
		userid as userId,
		username as userName,
		lastlogintime as lastLoginTime,
		logouttime as lastLoginOutTime
		from ${UMP_SCHEMA}sys_user_inf
		where 1=1
		<isNotEmpty prepend="AND" property="orgId">
			loginorg =
			#orgId#
		</isNotEmpty>
		<isNotEmpty prepend="AND" property="userId">
			userid =
			#userId#
		</isNotEmpty>
		<isNotEmpty prepend="AND" property="userName">
			username =
			#userName#
		</isNotEmpty>
		order by lastLoginTime desc
	</select>
	<select id="selectUserLoginLogCount" parameterClass="com.synesoft.cci.business.auditLog.CciAuditLogForm" resultClass="java.lang.Integer">
		select count(*)
		from ${UMP_SCHEMA}sys_user_inf
		where 1=1
		<isNotEmpty prepend="AND" property="orgId">
			loginorg =
			#orgId#
		</isNotEmpty>
		<isNotEmpty prepend="AND" property="userId">
			userid =
			#userId#
		</isNotEmpty>
		<isNotEmpty prepend="AND" property="userName">
			username =
			#userName#
		</isNotEmpty>
	</select>
	
	<!-- 查询密码重置、用户解锁日志   -->
	<select id="selectPasswordResetUnlockLogList" parameterClass="com.synesoft.cci.business.auditLog.CciAuditLogForm" resultClass="com.synesoft.cci.business.auditLog.CciAuditLogForm">
		select 
		SYSTEM_ID as systemId,
		BRANCH_ID as orgId,
		${DB_FUNC_SUBSTR}(FUNC_URL,10,${DB_FUNC_LEN}(FUNC_URL)) as funcName,
		'' as userId,
		'' as userName,
        USER_ID as opertor,
        USER_NAME_CN as opertorName,
		OPER_DATE as operDate,
		OPER_TIME as operTime
		from ${UMP_SCHEMA}SYS_OPER_LOG
		where FUNC_URL in('/sm03/08/unlock','/sm03/08/passwordReset')
		<isNotEmpty prepend="AND" property="orgId">
			BRANCH_ID =
			#orgId#
		</isNotEmpty>
		<isNotEmpty prepend="AND" property="opertor">
			USER_ID =
			#opertor#
		</isNotEmpty>
		<isNotEmpty prepend="AND" property="operDateStart">
			oper_Date <![CDATA[>=]]>
			#operDateStart#
		</isNotEmpty>
		<isNotEmpty prepend="AND" property="operDateEnd">
			oper_Date <![CDATA[<=]]>
			#operDateEnd#
		</isNotEmpty>
		<isNotEmpty prepend="AND" property="operTimeStart">
			oper_Time <![CDATA[>=]]>
			#operTimeStart#
		</isNotEmpty>
		<isNotEmpty prepend="AND" property="operTimeEnd">
			oper_Time <![CDATA[<=]]>
			#operTimeEnd#
		</isNotEmpty>
		<isNotEmpty prepend="AND" property="funcName">
			${DB_FUNC_SUBSTR}(FUNC_URL,10,${DB_FUNC_LEN}(FUNC_URL)) =
			#funcName#
		</isNotEmpty>
        <!-- add by gcj 20161201 Release V1.0 NO.246 start-->
		order by OPER_DATE desc, OPER_TIME desc
        <!-- add by gcj 20161201 Release V1.0 NO.246 end-->
	</select>
	<select id="selectPasswordResetUnlockLogCount" parameterClass="com.synesoft.cci.business.auditLog.CciAuditLogForm" resultClass="java.lang.Integer">
		select count(*)
		from ${UMP_SCHEMA}SYS_OPER_LOG
		where FUNC_URL in('/sm03/08/unlock','/sm03/08/passwordReset')
		<isNotEmpty prepend="AND" property="orgId">
			BRANCH_ID =
			#orgId#
		</isNotEmpty>
		<isNotEmpty prepend="AND" property="opertor">
			USER_ID =
			#opertor#
		</isNotEmpty>
		<isNotEmpty prepend="AND" property="operDateStart">
			oper_Date <![CDATA[>=]]>
			#operDateStart#
		</isNotEmpty>
		<isNotEmpty prepend="AND" property="operDateEnd">
			oper_Date <![CDATA[<=]]>
			#operDateEnd#
		</isNotEmpty>
		<isNotEmpty prepend="AND" property="operTimeStart">
			oper_Time <![CDATA[>=]]>
			#operTimeStart#
		</isNotEmpty>
		<isNotEmpty prepend="AND" property="operTimeEnd">
			oper_Time <![CDATA[<=]]>
			#operTimeEnd#
		</isNotEmpty>
		<isNotEmpty prepend="AND" property="funcName">
			${DB_FUNC_SUBSTR}(FUNC_URL,10,${DB_FUNC_LEN}(FUNC_URL)) =
			#funcName#
		</isNotEmpty>
	</select>
	<!-- ///////////////////////////////////////////////////////////////////////////////////////// -->
	<!-- 查询用户新增，删除log（审核通过后） -->
	<select id="selectUserOperLogList" parameterClass="com.synesoft.cci.business.auditLog.CciAuditLogForm" resultClass="com.synesoft.cci.business.auditLog.CciAuditLogForm" >
        select al.SYS_DATA_ID as sysDataid,
            al.SYSTEM_ID as systemId,
            al.BRANCH_ID as orgId,
            al.FUNC_ID as funcId,
            al.FUNC_NAME as funcName,
            al.userId as userId,
            ${DB_FUNC_SUBSTR}(al.userName, CHARINDEX(':',al.userName)+1, CHARINDEX(';',al.userName)-CHARINDEX(':',al.userName)-1) as userName,
            al.USER_ID as opertor,
            al.USER_NAME_CN as opertorName,
            al.OPER_DATE as operDate,
            al.OPER_TIME as operTime,
            al.OPER_TYPE as operType,
            al.DATA_BEFORE as dataBefore,
            al.DATA_AFTER as dataAfter
        FROM
        (
            select row_number() over(PARTITION BY c.userId order by c.userId,b.OPER_DATE,b.OPER_TIME) as rowNum,
                b.*,c.userId,c.userName
            from ${UMP_SCHEMA}SYS_CHG_SYS_LOG b
            INNER JOIN (
                SELECT
                    a.SYS_DATA_ID as SYS_DATA_ID,
                    CASE CHARINDEX(':',a.DATA_AFTER) WHEN 0 THEN
			        ${DB_FUNC_SUBSTR}(CAST(a.DATA_BEFORE as VARCHAR(MAX)), CHARINDEX(':',a.DATA_BEFORE)+1, CHARINDEX(';',a.DATA_BEFORE)-CHARINDEX(':',a.DATA_BEFORE)-1)
			        ELSE
			        ${DB_FUNC_SUBSTR}(CAST(a.DATA_AFTER as VARCHAR(MAX)), CHARINDEX(':',a.DATA_AFTER)+1, CHARINDEX(';',a.DATA_AFTER)-CHARINDEX(':',a.DATA_AFTER)-1)
			        END as userId,
			        CASE CHARINDEX(':',a.DATA_AFTER) WHEN 0 THEN
			        ${DB_FUNC_SUBSTR}(CAST(a.DATA_BEFORE as VARCHAR(MAX)), CHARINDEX(';',a.DATA_BEFORE)+1, len(CAST(a.DATA_BEFORE as VARCHAR(MAX)))-CHARINDEX(';',a.DATA_BEFORE)-1)
			        ELSE
			        ${DB_FUNC_SUBSTR}(CAST(a.DATA_AFTER as VARCHAR(MAX)), CHARINDEX(';',a.DATA_AFTER)+1, len(CAST(a.DATA_AFTER as VARCHAR(MAX)))-CHARINDEX(';',a.DATA_AFTER)-1)
			        END as userName
                FROM
                    ${UMP_SCHEMA}SYS_CHG_SYS_LOG a
            ) c
            on c.SYS_DATA_ID = b.SYS_DATA_ID
            where b.FUNC_ID in ('SM_User_Qry')
        ) al
        INNER JOIN
        (
            select row_number() over(PARTITION BY c.userId order by c.userId,b.OPER_DATE,b.OPER_TIME) as rowNum,
                b.*,c.userId,c.userName
            from ${UMP_SCHEMA}SYS_CHG_SYS_LOG b
            INNER JOIN (
                SELECT
                    a.SYS_DATA_ID as SYS_DATA_ID,
                    CASE CHARINDEX(':',a.DATA_AFTER) WHEN 0 THEN
			        ${DB_FUNC_SUBSTR}(CAST(a.DATA_BEFORE as VARCHAR(MAX)), CHARINDEX(':',a.DATA_BEFORE)+1, CHARINDEX(';',a.DATA_BEFORE)-CHARINDEX(':',a.DATA_BEFORE)-1)
			        ELSE
			        ${DB_FUNC_SUBSTR}(CAST(a.DATA_AFTER as VARCHAR(MAX)), CHARINDEX(':',a.DATA_AFTER)+1, CHARINDEX(';',a.DATA_AFTER)-CHARINDEX(':',a.DATA_AFTER)-1)
			        END as userId,
			        CASE CHARINDEX(':',a.DATA_AFTER) WHEN 0 THEN
			        ${DB_FUNC_SUBSTR}(CAST(a.DATA_BEFORE as VARCHAR(MAX)), CHARINDEX(';',a.DATA_BEFORE)+1, len(CAST(a.DATA_BEFORE as VARCHAR(MAX)))-CHARINDEX(';',a.DATA_BEFORE)-1)
			        ELSE
			        ${DB_FUNC_SUBSTR}(CAST(a.DATA_AFTER as VARCHAR(MAX)), CHARINDEX(';',a.DATA_AFTER)+1, len(CAST(a.DATA_AFTER as VARCHAR(MAX)))-CHARINDEX(';',a.DATA_AFTER)-1)
			        END as userName
        		FROM
                    ${UMP_SCHEMA}SYS_CHG_SYS_LOG a
            ) c
            on c.SYS_DATA_ID = b.SYS_DATA_ID
            where b.FUNC_ID in ('SM_Uchk_Qry')
        ) ar
        on al.OPER_TYPE in ('A', 'D')
            AND ar.OPER_TYPE = 'C'
            AND (ar.rowNum / 2) = (al.rowNum / 2)
            AND al.userId = ar.userId
        <include refid="queryCondition" />
        <!-- add by gcj 20161201 Release V1.0 NO.246 start-->
        order by al.OPER_DATE desc, al.OPER_TIME desc
        <!-- add by gcj 20161201 Release V1.0 NO.246 end-->
    </select>
    
    <select id="selectUserOperLogCount" parameterClass="com.synesoft.cci.business.auditLog.CciAuditLogForm" resultClass="java.lang.Integer" >
        select count(1)
        FROM
        (
        select row_number() over(PARTITION BY c.userId order by c.userId,b.OPER_DATE,b.OPER_TIME) as rowNum,
        b.*,c.userId,c.userName
        from ${UMP_SCHEMA}SYS_CHG_SYS_LOG b
        INNER JOIN (
        SELECT
        a.SYS_DATA_ID as SYS_DATA_ID,
        CASE CHARINDEX(':',a.DATA_AFTER) WHEN 0 THEN
        ${DB_FUNC_SUBSTR}(CAST(a.DATA_BEFORE as VARCHAR(MAX)), CHARINDEX(':',a.DATA_BEFORE)+1, CHARINDEX(';',a.DATA_BEFORE)-CHARINDEX(':',a.DATA_BEFORE)-1)
        ELSE
        ${DB_FUNC_SUBSTR}(CAST(a.DATA_AFTER as VARCHAR(MAX)), CHARINDEX(':',a.DATA_AFTER)+1, CHARINDEX(';',a.DATA_AFTER)-CHARINDEX(':',a.DATA_AFTER)-1)
        END as userId,
        CASE CHARINDEX(':',a.DATA_AFTER) WHEN 0 THEN
        ${DB_FUNC_SUBSTR}(CAST(a.DATA_BEFORE as VARCHAR(MAX)), CHARINDEX(';',a.DATA_BEFORE)+1, len(CAST(a.DATA_BEFORE as VARCHAR(MAX)))-CHARINDEX(';',a.DATA_BEFORE)-1)
        ELSE
        ${DB_FUNC_SUBSTR}(CAST(a.DATA_AFTER as VARCHAR(MAX)), CHARINDEX(';',a.DATA_AFTER)+1, len(CAST(a.DATA_AFTER as VARCHAR(MAX)))-CHARINDEX(';',a.DATA_AFTER)-1)
        END as userName
        FROM
        ${UMP_SCHEMA}SYS_CHG_SYS_LOG a
        ) c
        on c.SYS_DATA_ID = b.SYS_DATA_ID
        where b.FUNC_ID in ('SM_User_Qry')
        ) al
        INNER JOIN
        (
        select row_number() over(PARTITION BY c.userId order by c.userId,b.OPER_DATE,b.OPER_TIME) as rowNum,
        b.*,c.userId,c.userName
        from ${UMP_SCHEMA}SYS_CHG_SYS_LOG b
        INNER JOIN (
        SELECT
        a.SYS_DATA_ID as SYS_DATA_ID,
        CASE CHARINDEX(':',a.DATA_AFTER) WHEN 0 THEN
        ${DB_FUNC_SUBSTR}(CAST(a.DATA_BEFORE as VARCHAR(MAX)), CHARINDEX(':',a.DATA_BEFORE)+1, CHARINDEX(';',a.DATA_BEFORE)-CHARINDEX(':',a.DATA_BEFORE)-1)
        ELSE
        ${DB_FUNC_SUBSTR}(CAST(a.DATA_AFTER as VARCHAR(MAX)), CHARINDEX(':',a.DATA_AFTER)+1, CHARINDEX(';',a.DATA_AFTER)-CHARINDEX(':',a.DATA_AFTER)-1)
        END as userId,
        CASE CHARINDEX(':',a.DATA_AFTER) WHEN 0 THEN
        ${DB_FUNC_SUBSTR}(CAST(a.DATA_BEFORE as VARCHAR(MAX)), CHARINDEX(';',a.DATA_BEFORE)+1, len(CAST(a.DATA_BEFORE as VARCHAR(MAX)))-CHARINDEX(';',a.DATA_BEFORE)-1)
        ELSE
        ${DB_FUNC_SUBSTR}(CAST(a.DATA_AFTER as VARCHAR(MAX)), CHARINDEX(';',a.DATA_AFTER)+1, len(CAST(a.DATA_AFTER as VARCHAR(MAX)))-CHARINDEX(';',a.DATA_AFTER)-1)
        END as userName
        FROM
        ${UMP_SCHEMA}SYS_CHG_SYS_LOG a
        ) c
        on c.SYS_DATA_ID = b.SYS_DATA_ID
        where b.FUNC_ID in ('SM_Uchk_Qry')
        ) ar
        on al.OPER_TYPE in ('A', 'D')
        AND ar.OPER_TYPE = 'C'
        AND (ar.rowNum / 2) = (al.rowNum / 2)
        AND al.userId = ar.userId
        <include refid="queryCondition" />
    </select>
	
	<!-- 查询角色权限新增，修改，删除log（审核通过后） -->
    <select id="selectRoleProfileLogList" parameterClass="com.synesoft.cci.business.auditLog.CciAuditLogForm" resultClass="com.synesoft.cci.business.auditLog.CciAuditLogForm" >
        select al.SYS_DATA_ID as sysDataid,
            al.SYSTEM_ID as systemId,
            al.BRANCH_ID as orgId,
            al.FUNC_ID as funcId,
            al.FUNC_NAME as funcName,
            al.roleId as roleId,
            ${DB_FUNC_SUBSTR}(al.roleName, CHARINDEX(':',al.roleName)+1, CHARINDEX(';',al.roleName)-CHARINDEX(':',al.roleName)-1) as roleName,
            al.USER_ID as opertor,
            al.USER_NAME_CN as opertorName,
            al.OPER_DATE as operDate,
            al.OPER_TIME as operTime,
            al.OPER_TYPE as operType,
            ar.DATA_BEFORE as dataBefore,
            ar.DATA_AFTER as dataAfter
        FROM
        (
        select row_number() over(PARTITION BY c.roleId order by c.roleId,b.OPER_DATE,b.OPER_TIME) as rowNum,
        b.SYS_DATA_ID,
        b.SYSTEM_ID,
        b.BRANCH_ID,
        b.FUNC_ID,
        b.FUNC_NAME,
        b.USER_ID,
        b.USER_NAME_CN,
        b.OPER_DATE,
        b.OPER_TIME,
        b.OPER_TYPE,
        c.roleId,
        c.roleName
        from ${UMP_SCHEMA}SYS_CHG_SYS_LOG b
        INNER JOIN (
        SELECT
        a.SYS_DATA_ID as SYS_DATA_ID,
        CASE CHARINDEX(':',a.DATA_AFTER) WHEN 0 THEN
		${DB_FUNC_SUBSTR}(CAST(a.DATA_BEFORE as VARCHAR(MAX)), CHARINDEX(':',a.DATA_BEFORE)+1, CHARINDEX(';',a.DATA_BEFORE)-CHARINDEX(':',a.DATA_BEFORE)-1)
		ELSE
		${DB_FUNC_SUBSTR}(CAST(a.DATA_AFTER as VARCHAR(MAX)), CHARINDEX(':',a.DATA_AFTER)+1, CHARINDEX(';',a.DATA_AFTER)-CHARINDEX(':',a.DATA_AFTER)-1)
		END as roleId,
		CASE CHARINDEX(':',a.DATA_AFTER) WHEN 0 THEN
		${DB_FUNC_SUBSTR}(CAST(a.DATA_BEFORE as VARCHAR(MAX)), CHARINDEX(';',a.DATA_BEFORE)+1, len(CAST(a.DATA_BEFORE as VARCHAR(MAX)))-CHARINDEX(';',a.DATA_BEFORE)-1)
		ELSE
		${DB_FUNC_SUBSTR}(CAST(a.DATA_AFTER as VARCHAR(MAX)), CHARINDEX(';',a.DATA_AFTER)+1, len(CAST(a.DATA_AFTER as VARCHAR(MAX)))-CHARINDEX(';',a.DATA_AFTER)-1)
		END as roleName
        FROM
        ${UMP_SCHEMA}SYS_CHG_SYS_LOG a
        ) c
        on c.SYS_DATA_ID = b.SYS_DATA_ID
        where b.FUNC_ID = 'SM02_01'
        ) al
        INNER JOIN
        (
        select row_number() over(PARTITION BY c.roleId order by c.roleId,b.OPER_DATE,b.OPER_TIME) as rowNum,
        b.OPER_TYPE,
        b.DATA_BEFORE,
        b.DATA_AFTER,
        c.roleId,c.roleName
        from ${UMP_SCHEMA}SYS_CHG_SYS_LOG b
        INNER JOIN (
        SELECT
        a.SYS_DATA_ID as SYS_DATA_ID,
        CASE CHARINDEX(':',a.DATA_AFTER) WHEN 0 THEN
		${DB_FUNC_SUBSTR}(CAST(a.DATA_BEFORE as VARCHAR(MAX)), CHARINDEX(':',a.DATA_BEFORE)+1, CHARINDEX(';',a.DATA_BEFORE)-CHARINDEX(':',a.DATA_BEFORE)-1)
		ELSE
		${DB_FUNC_SUBSTR}(CAST(a.DATA_AFTER as VARCHAR(MAX)), CHARINDEX(':',a.DATA_AFTER)+1, CHARINDEX(';',a.DATA_AFTER)-CHARINDEX(':',a.DATA_AFTER)-1)
		END as roleId,
		CASE CHARINDEX(':',a.DATA_AFTER) WHEN 0 THEN
		${DB_FUNC_SUBSTR}(CAST(a.DATA_BEFORE as VARCHAR(MAX)), CHARINDEX(';',a.DATA_BEFORE)+1, len(CAST(a.DATA_BEFORE as VARCHAR(MAX)))-CHARINDEX(';',a.DATA_BEFORE)-1)
		ELSE
		${DB_FUNC_SUBSTR}(CAST(a.DATA_AFTER as VARCHAR(MAX)), CHARINDEX(';',a.DATA_AFTER)+1, len(CAST(a.DATA_AFTER as VARCHAR(MAX)))-CHARINDEX(';',a.DATA_AFTER)-1)
		END as roleName
        FROM
        ${UMP_SCHEMA}SYS_CHG_SYS_LOG a
        ) c
        on c.SYS_DATA_ID = b.SYS_DATA_ID
        where b.FUNC_ID = 'SM02_04'
        ) ar
        on al.OPER_TYPE in ('A', 'M', 'D')
        AND ar.OPER_TYPE = 'C'
        AND (ar.rowNum / 2) = (al.rowNum / 2)
        AND al.roleId = ar.roleId
        where 1=1
        <isNotEmpty prepend="AND" property="systemId">
            al.SYSTEM_ID =
            #systemId#
        </isNotEmpty>
        <isNotEmpty prepend="AND" property="orgId">
            al.BRANCH_ID =
            #orgId#
        </isNotEmpty>
        <isNotEmpty prepend="AND" property="opertor">
            al.USER_ID =
            #opertor#
        </isNotEmpty>
        <isNotEmpty prepend="AND" property="operDateStart">
            al.oper_Date <![CDATA[>=]]>
            #operDateStart#
        </isNotEmpty>
        <isNotEmpty prepend="AND" property="operDateEnd">
            al.oper_Date <![CDATA[<=]]>
            #operDateEnd#
        </isNotEmpty>
        <isNotEmpty prepend="AND" property="operTimeStart">
            al.oper_Time <![CDATA[>=]]>
            #operTimeStart#
        </isNotEmpty>
        <isNotEmpty prepend="AND" property="operTimeEnd">
            al.oper_Time <![CDATA[<=]]>
            #operTimeEnd#
        </isNotEmpty>
        <isNotEmpty prepend="AND" property="funcName">
			al.func_name =
			#funcName#
		</isNotEmpty>
		<isNotEmpty prepend="AND" property="operType">
            al.oper_type =
            #operType#
        </isNotEmpty>
        <isNotEmpty prepend="AND" property="roleId">
            al.roleId =
            #roleId#
        </isNotEmpty>
        <!-- add by gcj 20161201 Release V1.0 NO.246 start-->
        order by al.OPER_DATE desc, al.OPER_TIME desc
        <!-- add by gcj 20161201 Release V1.0 NO.246 end-->
    </select>
    
    <select id="selectRoleProfileLogCount" parameterClass="com.synesoft.cci.business.auditLog.CciAuditLogForm" resultClass="java.lang.Integer" >
        select count(1)
        FROM
        (
        select row_number() over(PARTITION BY c.roleId order by c.roleId,b.OPER_DATE,b.OPER_TIME) as rowNum,
        b.*,c.roleId,c.roleName
        from ${UMP_SCHEMA}SYS_CHG_SYS_LOG b
        INNER JOIN (
        SELECT
        a.SYS_DATA_ID as SYS_DATA_ID,
        CASE CHARINDEX(':',a.DATA_AFTER) WHEN 0 THEN
		${DB_FUNC_SUBSTR}(CAST(a.DATA_BEFORE as VARCHAR(MAX)), CHARINDEX(':',a.DATA_BEFORE)+1, CHARINDEX(';',a.DATA_BEFORE)-CHARINDEX(':',a.DATA_BEFORE)-1)
		ELSE
		${DB_FUNC_SUBSTR}(CAST(a.DATA_AFTER as VARCHAR(MAX)), CHARINDEX(':',a.DATA_AFTER)+1, CHARINDEX(';',a.DATA_AFTER)-CHARINDEX(':',a.DATA_AFTER)-1)
		END as roleId,
		CASE CHARINDEX(':',a.DATA_AFTER) WHEN 0 THEN
		${DB_FUNC_SUBSTR}(CAST(a.DATA_BEFORE as VARCHAR(MAX)), CHARINDEX(';',a.DATA_BEFORE)+1, len(CAST(a.DATA_BEFORE as VARCHAR(MAX)))-CHARINDEX(';',a.DATA_BEFORE)-1)
		ELSE
		${DB_FUNC_SUBSTR}(CAST(a.DATA_AFTER as VARCHAR(MAX)), CHARINDEX(';',a.DATA_AFTER)+1, len(CAST(a.DATA_AFTER as VARCHAR(MAX)))-CHARINDEX(';',a.DATA_AFTER)-1)
		END as roleName
        FROM
        ${UMP_SCHEMA}SYS_CHG_SYS_LOG a
        ) c
        on c.SYS_DATA_ID = b.SYS_DATA_ID
        where b.FUNC_ID = 'SM02_01'
        ) al
        INNER JOIN
        (
        select row_number() over(PARTITION BY c.roleId order by c.roleId,b.OPER_DATE,b.OPER_TIME) as rowNum,
        b.*,c.roleId,c.roleName
        from ${UMP_SCHEMA}SYS_CHG_SYS_LOG b
        INNER JOIN (
        SELECT
        a.SYS_DATA_ID as SYS_DATA_ID,
        CASE CHARINDEX(':',a.DATA_AFTER) WHEN 0 THEN
		${DB_FUNC_SUBSTR}(CAST(a.DATA_BEFORE as VARCHAR(MAX)), CHARINDEX(':',a.DATA_BEFORE)+1, CHARINDEX(';',a.DATA_BEFORE)-CHARINDEX(':',a.DATA_BEFORE)-1)
		ELSE
		${DB_FUNC_SUBSTR}(CAST(a.DATA_AFTER as VARCHAR(MAX)), CHARINDEX(':',a.DATA_AFTER)+1, CHARINDEX(';',a.DATA_AFTER)-CHARINDEX(':',a.DATA_AFTER)-1)
		END as roleId,
		CASE CHARINDEX(':',a.DATA_AFTER) WHEN 0 THEN
		${DB_FUNC_SUBSTR}(CAST(a.DATA_BEFORE as VARCHAR(MAX)), CHARINDEX(';',a.DATA_BEFORE)+1, len(CAST(a.DATA_BEFORE as VARCHAR(MAX)))-CHARINDEX(';',a.DATA_BEFORE)-1)
		ELSE
		${DB_FUNC_SUBSTR}(CAST(a.DATA_AFTER as VARCHAR(MAX)), CHARINDEX(';',a.DATA_AFTER)+1, len(CAST(a.DATA_AFTER as VARCHAR(MAX)))-CHARINDEX(';',a.DATA_AFTER)-1)
		END as roleName
        FROM
        ${UMP_SCHEMA}SYS_CHG_SYS_LOG a
        ) c
        on c.SYS_DATA_ID = b.SYS_DATA_ID
        where b.FUNC_ID = 'SM02_04'
        ) ar
        on al.OPER_TYPE in ('A', 'M', 'D')
        AND ar.OPER_TYPE = 'C'
        AND (ar.rowNum / 2) = (al.rowNum / 2)
        AND al.roleId = ar.roleId
        where 1=1
        <isNotEmpty prepend="AND" property="systemId">
            al.SYSTEM_ID =
            #systemId#
        </isNotEmpty>
        <isNotEmpty prepend="AND" property="orgId">
            al.BRANCH_ID =
            #orgId#
        </isNotEmpty>
        <isNotEmpty prepend="AND" property="opertor">
            al.USER_ID =
            #opertor#
        </isNotEmpty>
        <isNotEmpty prepend="AND" property="operDateStart">
            al.oper_Date <![CDATA[>=]]>
            #operDateStart#
        </isNotEmpty>
        <isNotEmpty prepend="AND" property="operDateEnd">
            al.oper_Date <![CDATA[<=]]>
            #operDateEnd#
        </isNotEmpty>
        <isNotEmpty prepend="AND" property="operTimeStart">
            al.oper_Time <![CDATA[>=]]>
            #operTimeStart#
        </isNotEmpty>
        <isNotEmpty prepend="AND" property="operTimeEnd">
            al.oper_Time <![CDATA[<=]]>
            #operTimeEnd#
        </isNotEmpty>
        <isNotEmpty prepend="AND" property="funcName">
			al.func_name =
			#funcName#
		</isNotEmpty>
		<isNotEmpty prepend="AND" property="operType">
            al.oper_type =
            #operType#
        </isNotEmpty>
        <isNotEmpty prepend="AND" property="roleId">
            al.roleId =
            #roleId#
        </isNotEmpty>
    </select>
	
	
</sqlMap>