<?xml version="1.0" encoding="UTF-8" ?>
<!DOCTYPE sqlMap PUBLIC "-//ibatis.apache.org//DTD SQL Map 2.0//EN" "http://ibatis.apache.org/dtd/sql-map-2.dtd" >
<sqlMap namespace="FTZ_MSG_GENERATE2">
	<typeAlias alias="FtzMsgGenerate"
		type="com.synesoft.ftzmis.domain.model.FtzMsgGenerateParam" />
	<typeAlias alias="FtzMsgProc"
		type="com.synesoft.ftzmis.domain.model.FtzMsgProc" />
	<typeAlias alias="FtzMsgBatch"
		type="com.synesoft.ftzmis.domain.model.FtzMsgBatch" />

	<resultMap id="MsgCntResult" class="FtzMsgGenerate">
		<result column="MSG_ID" property="msgId" jdbcType="VARCHAR" />
		<result column="CNT" property="cnt" jdbcType="INTEGER" />
		<result column="MSG_NO" property="msgNo" jdbcType="CHAR" />
		<result column="SUBMIT_DATE" property="submitDate" jdbcType="CHAR" />
	</resultMap>
	<resultMap id="BranchMsgResult" class="FtzMsgGenerate">
		<result column="MSG_NO" property="msgNo" jdbcType="CHAR" />
		<result column="SUBMIT_DATE" property="submitDate" jdbcType="VARCHAR" />
		<result column="INPUTING" property="inputing" jdbcType="INTEGER" />
		<result column="COMPLETED" property="completed" jdbcType="INTEGER" />
		<result column="SUCC" property="succ" jdbcType="INTEGER" />
		<result column="FAIL" property="fail" jdbcType="INTEGER" />
		<result column="WAIT_ADD" property="waitingAdd" jdbcType="INTEGER" />
		<result column="REFUSE" property="refuse" jdbcType="INTEGER" />
	</resultMap>
	<resultMap id="FIMsgResult" class="FtzMsgGenerate">
		<result column="MSG_NO" property="msgNo" jdbcType="CHAR" />
		<result column="SUBMIT_DATE" property="submitDate" jdbcType="VARCHAR" />
		<result column="EDIT_FLAG" property="sendFlag" jdbcType="VARCHAR" />
		<result column="INPUTING" property="inputing" jdbcType="INTEGER" />
		<result column="COMPLETED" property="completed" jdbcType="INTEGER" />
		<result column="SUCC" property="succ" jdbcType="INTEGER" />
		<result column="FAIL" property="fail" jdbcType="INTEGER" />
		<result column="WAIT_ADD" property="waitingAdd" jdbcType="INTEGER" />
		<result column="REFUSE" property="refuse" jdbcType="INTEGER" />
	</resultMap>
	<!-- Ver2.0.2.release add by wyl at 20150916-->
	<resultMap id="HDMsgResult" class="FtzMsgGenerate">
		<result column="MSG_NO" property="msgNo" jdbcType="CHAR" />
		<result column="DTL_SEND_STATUS" property="sendFlag" jdbcType="VARCHAR" />
		<result column="INPUTING" property="inputing" jdbcType="INTEGER" />
		<result column="COMPLETED" property="completed" jdbcType="INTEGER" />
		<result column="SUCC" property="succ" jdbcType="INTEGER" />
		<result column="FAIL" property="fail" jdbcType="INTEGER" />
		<result column="WAIT_ADD" property="waitingAdd" jdbcType="INTEGER" />
		<result column="REFUSE" property="refuse" jdbcType="INTEGER" />
	</resultMap>
	<resultMap id="MsgCntResultHD" class="FtzMsgGenerate">
		<result column="MSG_ID" property="msgId" jdbcType="VARCHAR" />
		<result column="CNT" property="cnt" jdbcType="INTEGER" />
		<result column="MSG_NO" property="msgNo" jdbcType="CHAR" />
	</resultMap>
	<!-- Ver2.0.2.release add by wyl at 20150916-->
	<select id="selectMsgList" parameterClass="FtzMsgGenerate"
		resultMap="BranchMsgResult">
		SELECT MSG_NO,
		SUBMIT_DATE,
		DECODE(INPUTING, NULL, 0, INPUTING) INPUTING,
		DECODE(COMPLETED, NULL, 0, COMPLETED) COMPLETED,
		DECODE(SUCC, NULL, 0, SUCC) SUCC,
		DECODE(FAIL, NULL, 0, FAIL) FAIL,
		DECODE(WAIT_ADD, NULL, 0, WAIT_ADD) WAIT_ADD,
		DECODE(REFUSE, NULL, 0, REFUSE) REFUSE
		FROM (SELECT MSG_NO,
		SUBMIT_DATE,
		SUM(DECODE(MSG_STATUS, '01', CNT)) INPUTING,
		SUM(DECODE(MSG_STATUS, '02', CNT)) COMPLETED,
		SUM(DECODE(MSG_STATUS, '03', CNT)) SUCC,
		SUM(DECODE(MSG_STATUS, '04', CNT)) FAIL,
		SUM(DECODE(MSG_STATUS, '30', CNT)) WAIT_ADD,
		SUM(DECODE(MSG_STATUS, '14', CNT)) REFUSE
		FROM (SELECT COUNT(*) CNT,
		FTZ_IN_MSG_CTL.MSG_STATUS,
		FTZ_IN_MSG_CTL.MSG_NO,
		FTZ_IN_MSG_CTL.SUBMIT_DATE
		FROM ${FTZMIS_SCHEMA}FTZ_IN_MSG_CTL
		WHERE FTZ_IN_MSG_CTL.BLANK_FLAG = '0'
		AND FTZ_IN_MSG_CTL.MSG_STATUS IN ('01', '02', '03', '04', '30', '14')
		<!-- AND FTZ_IN_MSG_CTL.SUBMIT_DATE=#submitDate# -->
		AND FTZ_IN_MSG_CTL.MSG_RETURN_STATUS = '0'
		<isNotEmpty property="msgNos" prepend="AND">
			<iterate property="msgNos"
				open=" FTZ_IN_MSG_CTL.SUBMIT_DATE ||'_'|| FTZ_IN_MSG_CTL.MSG_NO IN ("
				close=")" conjunction=",">
				#msgNos[]#
			</iterate>
		</isNotEmpty>
		GROUP BY FTZ_IN_MSG_CTL.MSG_STATUS,
		FTZ_IN_MSG_CTL.MSG_NO,
		FTZ_IN_MSG_CTL.SUBMIT_DATE
		union all
		SELECT COUNT(*) CNT,
		FTZ_OFF_MSG_CTL.MSG_STATUS,
		FTZ_OFF_MSG_CTL.MSG_NO,
		FTZ_OFF_MSG_CTL.WORK_DATE SUBMIT_DATE
		FROM ${FTZMIS_SCHEMA}FTZ_OFF_MSG_CTL
		WHERE FTZ_OFF_MSG_CTL.MSG_STATUS IN ('01', '02', '03', '04', '30', '14')
		<!-- AND FTZ_OFF_MSG_CTL.WORK_DATE=#submitDate# -->
		AND FTZ_OFF_MSG_CTL.MSG_RETURN_STATUS = '0'
		<isNotEmpty property="msgNos" prepend="AND">
			<iterate property="msgNos"
				open=" FTZ_OFF_MSG_CTL.WORK_DATE ||'_'|| FTZ_OFF_MSG_CTL.MSG_NO IN ("
				close=")" conjunction=",">
				#msgNos[]#
			</iterate>
		</isNotEmpty>
		GROUP BY FTZ_OFF_MSG_CTL.MSG_STATUS,
		FTZ_OFF_MSG_CTL.MSG_NO,FTZ_OFF_MSG_CTL.WORK_DATE
		<isEqual property="actFlag" compareValue="1">
			union all
			SELECT SUM(CNT1) CNT,
			ACT.MSG_STATUS,
			'210501' MSG_NO,
			ACT.SUBMIT_DATE
			FROM
			(SELECT COUNT(*) CNT1,
			FTZ_ACT_MSTR.MSG_STATUS,
			'210501' MSG_NO,
			FTZ_ACT_MSTR.SUBMIT_DATE
			FROM ${FTZMIS_SCHEMA}FTZ_ACT_MSTR
			<!-- Ver2.2.release NO.161by dbb at 20180807 s -->
			WHERE <!-- MSG_RETURN_STATUS = '0' AND -->
			RSV1='2' AND 
			<!-- Ver2.2.release NO.161by dbb at 20180807 e -->
			OPERTYPE IN ('1', '2', '3')
			AND ACC_TYPE IN ('01','02','03','04','05')
			AND MSG_STATUS IN ('01', '02', '03', '04', '30','14')
			<!-- AND SUBMIT_DATE=#submitDate# -->
			<isNotEmpty property="msgNos" prepend="AND">
				<iterate property="msgNos" open=" SUBMIT_DATE ||'_210501' IN ("
					close=")" conjunction=",">
					#msgNos[]#
				</iterate>
			</isNotEmpty>
			GROUP BY MSG_STATUS, SUBMIT_DATE
			union all
			SELECT COUNT(*) CNT1,
			MSG_STATUS,
			'210501' MSG_NO,
			SUBMIT_DATE
			FROM ${FTZMIS_SCHEMA}FTZ_ACT_MSTR_HISTORY
			WHERE MSG_RETURN_STATUS = '0' AND
			OPERTYPE IN ('1', '2', '3')
			AND ACC_TYPE IN ('01','02','03','04','05')
			AND MSG_STATUS IN ('01', '02', '03', '04', '30','14')
			<!-- AND SUBMIT_DATE=#submitDate# -->
			<isNotEmpty property="msgNos" prepend="AND">
				<iterate property="msgNos" open=" SUBMIT_DATE ||'_210501' IN ("
					close=")" conjunction=",">
					#msgNos[]#
				</iterate>
			</isNotEmpty>
			GROUP BY MSG_STATUS, SUBMIT_DATE
			)ACT
			GROUP BY ACT.MSG_STATUS, ACT.SUBMIT_DATE
		</isEqual>
		<!-- Ver2.2.release NO.140 by dbb at 20170208 s -->
		<!-- Ver2.0.1.release start add by hlj at 20150716 持仓信息报文发送
		UNION ALL
		SELECT COUNT(*) CNT,
		FTZ_HD_DTL.CHK_STATUS AS MSG_STATUS,
		'210801' AS MSG_NO,
		FTZ_HD_DTL.POSITION_DATE AS SUBMIT_DATE
		FROM ${FTZMIS_SCHEMA}FTZ_HD_DTL
		WHERE FTZ_HD_DTL.CHK_STATUS IN ('01', '02', '03', '04', '30', '14')
		AND FTZ_HD_DTL.MSG_RETURN_STATUS = '0'
		Ver2.0.2.release end add by hlj at 20150810 持仓信息报文发送 修复
		<isNotEmpty property="msgNos" prepend="AND">
			<iterate property="msgNos" open=" FTZ_HD_DTL.POSITION_DATE||'_'|| FTZ_HD_DTL.MSG_NO IN ("
				close=")" conjunction=",">
				#msgNos[]#
			</iterate>
		</isNotEmpty>
		Ver2.0.2.release end add by hlj at 20150810持仓信息报文发送 修复
		GROUP BY FTZ_HD_DTL.CHK_STATUS,
		FTZ_HD_DTL.MSG_NO,FTZ_HD_DTL.POSITION_DATE
		Ver2.0.1.release end add by hlj at 20150716 持仓信息报文发送 -->
		UNION ALL
		SELECT COUNT(*) CNT,
		CHK_STATUS AS MSG_STATUS,
		MSG_NO,
		SUBMIT_DATE
		FROM ${FTZMIS_SCHEMA}FTZ_OFF_2_DTL
		WHERE CHK_STATUS IN ('01', '02', '03', '04', '30', '14')
		AND MSG_RETURN_STATUS = '0'
		<isNotEmpty property="msgNos" prepend="AND">
			<iterate property="msgNos" open="SUBMIT_DATE||'_'|| MSG_NO IN ("
				close=")" conjunction=",">
				#msgNos[]#
			</iterate>
		</isNotEmpty>
		GROUP BY CHK_STATUS,MSG_NO,SUBMIT_DATE
		<!-- Ver2.2.release NO.140 by dbb at 20170208 e -->
		)
		GROUP BY MSG_NO, SUBMIT_DATE
		)
		ORDER BY MSG_NO, SUBMIT_DATE
	</select>
	<select id="isActAddSubmit" parameterClass="FtzMsgGenerate"
		resultClass="FtzMsgGenerate">
		SELECT COUNT(*) CNT,
		'210501' msgNo,
		FTZ_ACT_MSTR.SUBMIT_DATE submitDate
		FROM ${FTZMIS_SCHEMA}FTZ_ACT_MSTR
		WHERE (MSG_RETURN_STATUS IS NULL or MSG_RETURN_STATUS &lt;&gt; '0')
		AND
		OPERTYPE IN ('1', '2', '3')
		<!-- Ver2.2.release NO.161by dbb at 20180807 s -->
		AND (FTZ_ACT_MSTR.RSV1='1' or FTZ_ACT_MSTR.RSV1 is null)
		<!-- Ver2.2.release NO.161by dbb at 20180807 e -->
		AND ACC_TYPE IN ('01','02','03','04','05')
		AND MSG_STATUS IN ('01', '02', '03', '04', '30','14')
		GROUP BY MSG_STATUS, SUBMIT_DATE

	</select>
	<!-- Ver2.0.1.release start modify by hlj at 20150716-->
	<select id="getFIList" parameterClass="FtzMsgGenerate"
		resultMap="FIMsgResult">
		SELECT MSG_NO,
		EDIT_FLAG,
		SUBMIT_DATE,
		SUM(DECODE(MSG_STATUS, '01', CNT, 0)) INPUTING,
		SUM(DECODE(MSG_STATUS, '02', CNT, 0)) COMPLETED,
		SUM(DECODE(MSG_STATUS, '03', CNT, 0)) SUCC,
		SUM(DECODE(MSG_STATUS, '04', CNT, 0)) FAIL,
		SUM(DECODE(MSG_STATUS, '30', CNT, 0)) WAIT_ADD,
		SUM(DECODE(MSG_STATUS, '14', CNT, 0)) REFUSE
		FROM (SELECT COUNT(*) CNT,
		EDIT_FLAG,
		MSG_STATUS,
		MSG_NO,
		SUBMIT_DATE
		FROM ${FTZMIS_SCHEMA}ftz_fi_main_inf
		WHERE MSG_STATUS IN ('01', '02', '03', '04', '30', '14')

		<!-- add by liuqh 20150601 start -->
		AND ((INSTITUTION_CODE NOT IN (SELECT R.INSTITUTION_CODE FROM
		${FTZMIS_SCHEMA}FTZ_FI_MAIN_QRY_RESULT R WHERE R.RESULT = '90000')
		AND EDIT_FLAG = '1') OR EDIT_FLAG = '2' OR EDIT_FLAG = '3')
		<!-- add by liuqh 20150601 end -->

		<isNotEmpty property="msgNos" prepend="AND">
			<iterate property="msgNos"
				open=" SUBMIT_DATE ||'_'|| EDIT_FLAG ||'_'|| MSG_NO IN (" close=")"
				conjunction=",">
				#msgNos[]#
			</iterate>
		</isNotEmpty>

		GROUP BY EDIT_FLAG,MSG_STATUS, MSG_NO, SUBMIT_DATE
		union all
		SELECT COUNT(*) CNT,
		EDIT_FLAG,
		MSG_STATUS,
		MSG_NO,
		SUBMIT_DATE
		FROM ${FTZMIS_SCHEMA}ftz_fi_contract_inf
		WHERE MSG_STATUS IN ('01', '02', '03', '04', '30', '14')

		<!-- add by liuqh 20150601 start -->
		AND MAIN_BORROW_CODE IN (SELECT INSTITUTION_CODE FROM
		${FTZMIS_SCHEMA}ftz_fi_main_inf WHERE MSG_STATUS = '18' UNION ALL
		SELECT INSTITUTION_CODE FROM ${FTZMIS_SCHEMA}FTZ_FI_MAIN_QRY_RESULT
		WHERE RESULT = '90000')
		<!-- add by liuqh 20150601 end -->

		<isNotEmpty property="msgNos" prepend="AND">
			<iterate property="msgNos"
				open=" SUBMIT_DATE ||'_'|| EDIT_FLAG ||'_'|| MSG_NO IN (" close=")"
				conjunction=",">
				#msgNos[]#
			</iterate>
		</isNotEmpty>

		GROUP BY EDIT_FLAG,MSG_STATUS, MSG_NO, SUBMIT_DATE
		union all
		SELECT COUNT(*) CNT,
		EDIT_FLAG,
		MSG_STATUS,
		MSG_NO,
		<!-- Ver2.0.1.release NO.115 by lfl at 20160302 start -->
		<!-- TRAN_DATE -->
		(CASE WHEN TRAN_DATE IS NULL THEN #submitDate# ELSE TRAN_DATE END) AS TRAN_DATE
		<!-- Ver2.0.1.release NO.115 by lfl at 20160302 end -->
		FROM ${FTZMIS_SCHEMA}ftz_fi_flow_inf
		WHERE MSG_STATUS IN ('01', '02', '03', '04', '30', '14')

		<!-- add by liuqh 20150601 start -->
		AND FINANCE_BUSSINESS_NO IN (SELECT FINANCE_BUSSINESS_NO FROM
		${FTZMIS_SCHEMA}ftz_fi_contract_inf WHERE MSG_STATUS = '18')
		<!-- add by liuqh 20150601 end -->

		<isNotEmpty property="msgNos" prepend="AND">
			<iterate property="msgNos"
				open=" TRAN_DATE ||'_'|| EDIT_FLAG ||'_'|| MSG_NO IN (" close=")"
				conjunction=",">
				#msgNos[]#
			</iterate>
		</isNotEmpty>

		GROUP BY EDIT_FLAG,MSG_STATUS, MSG_NO, TRAN_DATE
		<!-- Ver2.2.release NO.140 by dbb at 20170208 s -->
		union all
		SELECT COUNT(*) CNT,
		EDIT_FLAG,
		MSG_STATUS,
		MSG_NO,
		SUBMIT_DATE AS TRAN_DATE
		FROM ${FTZMIS_SCHEMA}ftz_fi_release_inf
		WHERE MSG_STATUS IN ('01', '02', '03', '04', '30', '14')

		<isNotEmpty property="msgNos" prepend="AND">
			<iterate property="msgNos"
				open=" SUBMIT_DATE ||'_'|| EDIT_FLAG ||'_'|| MSG_NO IN (" close=")"
				conjunction=",">
				#msgNos[]#
			</iterate>
		</isNotEmpty>

		GROUP BY EDIT_FLAG,MSG_STATUS, MSG_NO, SUBMIT_DATE
		<!-- Ver2.2.release NO.140 by dbb at 20170208 e -->
		)
		GROUP BY EDIT_FLAG,MSG_NO, SUBMIT_DATE
		ORDER BY MSG_NO, EDIT_FLAG, SUBMIT_DATE
	</select>

	<select id="queryTxnListForFI" parameterClass="FtzMsgGenerate"
		resultMap="MsgCntResult">
		SELECT
		MSG_ID,MSG_NO,SUBMIT_DATE,COUNT(*) CNT
		FROM
		${FTZMIS_SCHEMA}ftz_fi_main_inf
		WHERE
		MSG_STATUS ='03'
		AND MSG_NO = #msgNo#
		AND SUBMIT_DATE = #submitDate#
		AND EDIT_FLAG = #sendFlag#
		GROUP BY
		MSG_ID, MSG_NO, SUBMIT_DATE
		union all
		SELECT
		MSG_ID,MSG_NO,SUBMIT_DATE,COUNT(*) CNT
		FROM
		${FTZMIS_SCHEMA}ftz_fi_contract_inf
		WHERE
		MSG_STATUS ='03'
		AND MSG_NO = #msgNo#
		AND SUBMIT_DATE = #submitDate#
		AND EDIT_FLAG = #sendFlag#
		GROUP BY
		MSG_ID, MSG_NO, SUBMIT_DATE
		union all
		SELECT
		MSG_ID,MSG_NO,TRAN_DATE,COUNT(*) CNT
		FROM
		${FTZMIS_SCHEMA}ftz_fi_flow_inf
		WHERE
		MSG_STATUS ='03'
		AND MSG_NO = #msgNo#
		AND TRAN_DATE = #submitDate#
		AND EDIT_FLAG = #sendFlag#
		<!-- Ver2.0.1.release NO.115 by lfl at 20160302 start-->
		AND CD_FLAG IN ('01','02')
		<!-- Ver2.0.1.release NO.115 by lfl at 20160302 end -->
		GROUP BY
		MSG_ID, MSG_NO, TRAN_DATE
		<!-- Ver2.0.1.release NO.115 by lfl at 20160302 start-->
		union all
		SELECT
		MSG_ID,MSG_NO,
		(CASE WHEN TRAN_DATE IS NULL THEN #submitDate# ELSE TRAN_DATE END) AS TRAN_DATE,
		COUNT(*) CNT
		FROM
		${FTZMIS_SCHEMA}ftz_fi_flow_inf
		WHERE
		MSG_STATUS ='03'
		AND MSG_NO = #msgNo#
		AND EDIT_FLAG = #sendFlag#
		AND CD_FLAG NOT IN ('01','02')
		GROUP BY
		MSG_ID, MSG_NO,TRAN_DATE
		<!-- Ver2.0.1.release NO.115 by lfl at 20160302 end -->
		<!-- Ver2.2.release NO.140 by dbb at 20170208 s -->
		union all
		SELECT
		MSG_ID,MSG_NO,SUBMIT_DATE,COUNT(*) CNT
		FROM
		${FTZMIS_SCHEMA}ftz_fi_release_inf
		WHERE
		MSG_STATUS ='03'
		AND MSG_NO = #msgNo#
		AND SUBMIT_DATE = #submitDate#
		AND EDIT_FLAG = #sendFlag#
		GROUP BY
		MSG_ID, MSG_NO, SUBMIT_DATE
		<!-- Ver2.2.release NO.140 by dbb at 20170208 e -->
	</select>

	<select id="queryFtzMsgBatchList" parameterClass="FtzMsgBatch"
		resultClass="FtzMsgBatch">
		select
		m.msg_id as msgId
		from
		(select msg_id from ${FTZMIS_SCHEMA}ftz_in_msg_ctl A
		where exists (
		select *
		from ${FTZMIS_SCHEMA}ftz_in_msg_ctl B
		where A.msg_no = B.msg_no
		AND A.account_no = B.account_no
		AND A.sub_account_no = B.sub_account_no
		AND A.currency = B.currency
		AND A.submit_date = B.submit_date
		AND A.msg_id &lt;&gt; B.rsv5
		AND B.msg_id = #msgId#)
		AND A.msg_id &lt;&gt; #msgId#
		AND A.rsv4 is null
		AND A.msg_status = '13'
		) m
		where
		m.msg_id not in (select s.msg_id from ${FTZMIS_SCHEMA}ftz_msg_batch s where
		s.id = #id#)
	</select>
	<!-- Ver2.0.1.release end modify by hlj at 20150716-->
	
	<!-- Ver2.0.2.release add by wyl at 20150916-->
	<select id="getHDList" parameterClass="FtzMsgGenerate"
		resultMap="HDMsgResult">
		SELECT MSG_NO,
		DTL_SEND_STATUS,
		SUM(DECODE(CHK_STATUS, '01', CNT, 0)) INPUTING,
		SUM(DECODE(CHK_STATUS, '02', CNT, 0)) COMPLETED,
		SUM(DECODE(CHK_STATUS, '03', CNT, 0)) SUCC,
		SUM(DECODE(CHK_STATUS, '04', CNT, 0)) FAIL,
		SUM(DECODE(CHK_STATUS, '30', CNT, 0)) WAIT_ADD,
		SUM(DECODE(CHK_STATUS, '14', CNT, 0)) REFUSE
		FROM (SELECT COUNT(*) CNT,
		DTL_SEND_STATUS,
		CHK_STATUS,
		MSG_NO
		FROM ${FTZMIS_SCHEMA}FTZ_HD_DTL
		WHERE CHK_STATUS IN ('01', '02', '03', '04', '30', '14')

		<isNotEmpty property="msgNos" prepend="AND">
			<iterate property="msgNos"
				open="DTL_SEND_STATUS ||'_'|| MSG_NO IN (" close=")"
				conjunction=",">
				#msgNos[]#
			</iterate>
		</isNotEmpty>

		GROUP BY DTL_SEND_STATUS,CHK_STATUS, MSG_NO	
		)
		GROUP BY DTL_SEND_STATUS,MSG_NO
		ORDER BY MSG_NO, DTL_SEND_STATUS
	</select>
	<!-- Ver2.0.2.release add by wyl at 20150916-->
	
	<!-- Ver2.0.2.release add by wyl at 20150917-->
	<select id="queryTxnListForHD" parameterClass="FtzMsgGenerate"
		resultMap="MsgCntResultHD">
		SELECT
		MSG_ID,MSG_NO,COUNT(*) CNT
		FROM
		${FTZMIS_SCHEMA}FTZ_HD_DTL
		WHERE
		CHK_STATUS ='03'
		AND MSG_NO = #msgNo#
		AND DTL_SEND_STATUS = #sendFlag#
		GROUP BY
		MSG_ID, MSG_NO
	</select>
	<!-- Ver2.0.2.release add by wyl at 20150917-->
</sqlMap>