<?xml version="1.0" encoding="UTF-8"?>
<!DOCTYPE sqlMap PUBLIC "-//ibatis.apache.org//DTD SQL Map 2.0//EN" "http://ibatis.apache.org/dtd/sql-map-2.dtd">
<!-- Ver2.2.release NO.140 by dbb at 20170208 s -->
<sqlMap namespace="FTZ_OFF_2_DTL">
  <resultMap class="com.synesoft.ftzmis.domain.model.FtzOff2Dtl" id="FtzOff2DtlResult">
    <!--
      WARNING - This element is automatically generated by Abator for iBATIS, do not modify.
      This element was generated on Wed Feb 15 13:18:07 CST 2017.
    -->
    <result column="MSG_ID" jdbcType="VARCHAR" property="msgId" />
    <result column="SEQ_NO" jdbcType="VARCHAR" property="seqNo" />
    <result column="TRANS_NO" jdbcType="VARCHAR" property="transNo" />
    <result column="MSG_NO" jdbcType="CHAR" property="msgNo" />
    <result column="SUBMIT_DATE" jdbcType="VARCHAR" property="submitDate" />
    <result column="ACC_ORG_CODE" jdbcType="VARCHAR" property="accOrgCode" />
    <result column="TRAN_GENRE" jdbcType="VARCHAR" property="tranGenre" />
    <result column="EXCHANGE_TYPE" jdbcType="VARCHAR" property="exchangeType" />
    <result column="OPTION_TYPE" jdbcType="VARCHAR" property="optionType" />
    <result column="BUY_OR_SELL" jdbcType="VARCHAR" property="buyOrSell" />
    <result column="EXERCISE_APPROACHES" jdbcType="VARCHAR" property="exerciseApproaches" />
    <result column="BUY_CURR" jdbcType="VARCHAR" property="buyCurr" />
    <result column="BUY_AMT" jdbcType="DECIMAL" property="buyAmt" />
    <result column="BUY_RATE" jdbcType="DECIMAL" property="buyRate" />
    <result column="SELL_CURR" jdbcType="VARCHAR" property="sellCurr" />
    <result column="SELL_AMT" jdbcType="DECIMAL" property="sellAmt" />
    <result column="SELL_RATE" jdbcType="DECIMAL" property="sellRate" />
    <result column="EXERCISE_DATE" jdbcType="VARCHAR" property="exerciseDate" />
    <result column="OPTION_FEE" jdbcType="DECIMAL" property="optionFee" />
    <result column="FEE_CURR" jdbcType="VARCHAR" property="feeCurr" />
    <result column="OPP_ACCOUNT" jdbcType="VARCHAR" property="oppAccount" />
    <result column="OPP_NAME" jdbcType="VARCHAR" property="oppName" />
    <result column="OPP_BANK_CODE" jdbcType="VARCHAR" property="oppBankCode" />
    <result column="OPP_BANK_NAME" jdbcType="VARCHAR" property="oppBankName" />
    <result column="COUNTRY_CODE" jdbcType="VARCHAR" property="countryCode" />
    <result column="DISTRICT_CODE" jdbcType="VARCHAR" property="districtCode" />
    <result column="TRAN_TYPE" jdbcType="VARCHAR" property="tranType" />
    <result column="ASSET_TYPE" jdbcType="VARCHAR" property="assetType" />
    <result column="TRA_PRICE" jdbcType="DECIMAL" property="traPrice" />
    <result column="PRI_BENCHMARK" jdbcType="VARCHAR" property="priBenchmark" />
    <result column="VALUE_DATE" jdbcType="VARCHAR" property="valueDate" />
    <result column="EXPIRE_DATE" jdbcType="VARCHAR" property="expireDate" />
    <result column="AMT" jdbcType="DECIMAL" property="amt" />
    <result column="AMT_CURR" jdbcType="VARCHAR" property="amtCurr" />
    <result column="TRA_PRICE1" jdbcType="DECIMAL" property="traPrice1" />
    <result column="PRI_BENCHMARK1" jdbcType="VARCHAR" property="priBenchmark1" />
    <result column="TRA_PRICE2" jdbcType="DECIMAL" property="traPrice2" />
    <result column="PRI_BENCHMARK2" jdbcType="VARCHAR" property="priBenchmark2" />
    <result column="TRAN_DATE1" jdbcType="VARCHAR" property="tranDate1" />
    <result column="TRAN_DATE2" jdbcType="VARCHAR" property="tranDate2" />
    <result column="AMT1" jdbcType="DECIMAL" property="amt1" />
    <result column="AMT_CURR1" jdbcType="VARCHAR" property="amtCurr1" />
    <result column="OPP_ACCOUNT1" jdbcType="VARCHAR" property="oppAccount1" />
    <result column="AMT2" jdbcType="DECIMAL" property="amt2" />
    <result column="AMT_CURR2" jdbcType="VARCHAR" property="amtCurr2" />
    <result column="OPP_ACCOUNT2" jdbcType="VARCHAR" property="oppAccount2" />
    <result column="REC_AMT" jdbcType="DECIMAL" property="recAmt" />
    <result column="PAY_AMT" jdbcType="DECIMAL" property="payAmt" />
    <result column="DER_CONT_NO" jdbcType="VARCHAR" property="derContNo" />
    <result column="BANK_TRA_NO" jdbcType="VARCHAR" property="bankTraNo" />
    <result column="BRANCH_ID" jdbcType="VARCHAR" property="branchId" />
    <result column="RESULT" jdbcType="CHAR" property="result" />
    <result column="ADD_WORD" jdbcType="VARCHAR" property="addWord" />
    <result column="CHK_STATUS" jdbcType="CHAR" property="chkStatus" />
    <result column="MSG_RETURN_STATUS" jdbcType="CHAR" property="msgReturnStatus" />
    <result column="DTL_SEND_STATUS" jdbcType="CHAR" property="dtlSendStatus" />
    <result column="DELETE_FLAG" jdbcType="CHAR" property="deleteFlag" />
    <result column="MAK_USER_ID" jdbcType="VARCHAR" property="makUserId" />
    <result column="MAK_DATETIME" jdbcType="VARCHAR" property="makDatetime" />
    <result column="CHK_USER_ID" jdbcType="VARCHAR" property="chkUserId" />
    <result column="CHK_DATETIME" jdbcType="VARCHAR" property="chkDatetime" />
    <result column="CHK_ADD_WORD" jdbcType="VARCHAR" property="chkAddWord" />
    <result column="SEND_USER_ID" jdbcType="VARCHAR" property="sendUserId" />
    <result column="SEND_DATETIME" jdbcType="VARCHAR" property="sendDatetime" />
    <result column="ACK_DATETIME" jdbcType="VARCHAR" property="ackDatetime" />
    <result column="ERR_DATETIME" jdbcType="VARCHAR" property="errDatetime" />
    <result column="BAT_DATE" jdbcType="VARCHAR" property="batDate" />
    <result column="TASK_ID" jdbcType="VARCHAR" property="taskId" />
    <result column="STEP_ID" jdbcType="VARCHAR" property="stepId" />
    <result column="RSV1" jdbcType="VARCHAR" property="rsv1" />
    <result column="RSV2" jdbcType="VARCHAR" property="rsv2" />
    <result column="RSV3" jdbcType="VARCHAR" property="rsv3" />
    <result column="RSV4" jdbcType="VARCHAR" property="rsv4" />
    <result column="RSV5" jdbcType="VARCHAR" property="rsv5" />
    <result column="RSV6" jdbcType="VARCHAR" property="rsv6" />
  </resultMap>
    <!--Ver2.2.release NO.140 by dbb at 20170208 s-->
  <resultMap class="com.synesoft.ftzmis.domain.model.FtzOff2Dtl" id="FtzOff2DtlImpResult">
    <!--
      WARNING - This element is automatically generated by Abator for iBATIS, do not modify.
      This element was generated on Wed Feb 15 13:18:07 CST 2017.
    -->
    <result column="IMP_ID" jdbcType="VARCHAR" property="impId" />
    <result column="TRANS_NO" jdbcType="VARCHAR" property="transNo" />
    <result column="SUBMIT_DATE" jdbcType="VARCHAR" property="submitDate" />
    <result column="ACC_ORG_CODE" jdbcType="VARCHAR" property="accOrgCode" />
    <result column="TRAN_GENRE" jdbcType="VARCHAR" property="tranGenre" />
    <result column="EXCHANGE_TYPE" jdbcType="VARCHAR" property="exchangeType" />
    <result column="OPTION_TYPE" jdbcType="VARCHAR" property="optionType" />
    <result column="BUY_OR_SELL" jdbcType="VARCHAR" property="buyOrSell" />
    <result column="EXERCISE_APPROACHES" jdbcType="VARCHAR" property="exerciseApproaches" />
    <result column="BUY_CURR" jdbcType="VARCHAR" property="buyCurr" />
    <result column="BUY_AMT" jdbcType="DECIMAL" property="buyAmt" />
    <result column="BUY_RATE" jdbcType="DECIMAL" property="buyRate" />
    <result column="SELL_CURR" jdbcType="VARCHAR" property="sellCurr" />
    <result column="SELL_AMT" jdbcType="DECIMAL" property="sellAmt" />
    <result column="SELL_RATE" jdbcType="DECIMAL" property="sellRate" />
    <result column="EXERCISE_DATE" jdbcType="VARCHAR" property="exerciseDate" />
    <result column="OPTION_FEE" jdbcType="DECIMAL" property="optionFee" />
    <result column="FEE_CURR" jdbcType="VARCHAR" property="feeCurr" />
    <result column="OPP_ACCOUNT" jdbcType="VARCHAR" property="oppAccount" />
    <result column="OPP_NAME" jdbcType="VARCHAR" property="oppName" />
    <result column="OPP_BANK_CODE" jdbcType="VARCHAR" property="oppBankCode" />
    <result column="OPP_BANK_NAME" jdbcType="VARCHAR" property="oppBankName" />
    <result column="COUNTRY_CODE" jdbcType="VARCHAR" property="countryCode" />
    <result column="DISTRICT_CODE" jdbcType="VARCHAR" property="districtCode" />
    <result column="TRAN_TYPE" jdbcType="VARCHAR" property="tranType" />
    <result column="ASSET_TYPE" jdbcType="VARCHAR" property="assetType" />
    <result column="TRA_PRICE" jdbcType="DECIMAL" property="traPrice" />
    <result column="PRI_BENCHMARK" jdbcType="VARCHAR" property="priBenchmark" />
    <result column="VALUE_DATE" jdbcType="VARCHAR" property="valueDate" />
    <result column="EXPIRE_DATE" jdbcType="VARCHAR" property="expireDate" />
    <result column="AMT" jdbcType="DECIMAL" property="amt" />
    <result column="AMT_CURR" jdbcType="VARCHAR" property="amtCurr" />
    <result column="TRA_PRICE1" jdbcType="DECIMAL" property="traPrice1" />
    <result column="PRI_BENCHMARK1" jdbcType="VARCHAR" property="priBenchmark1" />
    <result column="TRA_PRICE2" jdbcType="DECIMAL" property="traPrice2" />
    <result column="PRI_BENCHMARK2" jdbcType="VARCHAR" property="priBenchmark2" />
    <result column="TRAN_DATE1" jdbcType="VARCHAR" property="tranDate1" />
    <result column="TRAN_DATE2" jdbcType="VARCHAR" property="tranDate2" />
    <result column="AMT1" jdbcType="DECIMAL" property="amt1" />
    <result column="AMT_CURR1" jdbcType="VARCHAR" property="amtCurr1" />
    <result column="OPP_ACCOUNT1" jdbcType="VARCHAR" property="oppAccount1" />
    <result column="AMT2" jdbcType="DECIMAL" property="amt2" />
    <result column="AMT_CURR2" jdbcType="VARCHAR" property="amtCurr2" />
    <result column="OPP_ACCOUNT2" jdbcType="VARCHAR" property="oppAccount2" />
    <result column="REC_AMT" jdbcType="DECIMAL" property="recAmt" />
    <result column="PAY_AMT" jdbcType="DECIMAL" property="payAmt" />
    <result column="DER_CONT_NO" jdbcType="VARCHAR" property="derContNo" />
    <result column="BANK_TRA_NO" jdbcType="VARCHAR" property="bankTraNo" />
    <result column="BRANCH_ID" jdbcType="VARCHAR" property="branchId" />
    <result column="BAT_DATE" jdbcType="VARCHAR" property="batDate" />
    <result column="TASK_ID" jdbcType="VARCHAR" property="taskId" />
    <result column="STEP_ID" jdbcType="VARCHAR" property="stepId" />
    <result column="RSV1" jdbcType="VARCHAR" property="rsv1" />
    <result column="RSV2" jdbcType="VARCHAR" property="rsv2" />
    <result column="RSV3" jdbcType="VARCHAR" property="rsv3" />
    <result column="RSV4" jdbcType="VARCHAR" property="rsv4" />
    <result column="RSV5" jdbcType="VARCHAR" property="rsv5" />
    <result column="RSV6" jdbcType="VARCHAR" property="rsv6" />
  </resultMap>
    <!--Ver2.2.release NO.140 by dbb at 20170208 e-->
	<sql id="queryCondition">
		where 1=1
		<isNotEmpty property="msgNo">
			and MSG_NO = #msgNo#
		</isNotEmpty>
		<isNotEmpty property="seqNo">
			and SEQ_NO = #seqNo#
		</isNotEmpty>
		<isNotEmpty property="transNo">
			and TRANS_NO = #transNo#
		</isNotEmpty>
		<isNotEmpty property="tranGenre">
			and TRAN_GENRE = #tranGenre#
		</isNotEmpty>
		<!-- Ver2.2.release NO.161 by dbb at 20180807 s -->
		<isNotEmpty property="derContNo">
			and DER_CONT_NO = #derContNo#
		</isNotEmpty>
		<!-- Ver2.2.release NO.161 by dbb at 20180807 e -->
		<isNotEmpty property="query_submitDate_start">
			and SUBMIT_DATE <![CDATA[>=#query_submitDate_start:VARCHAR#]]>
		</isNotEmpty>
		<isNotEmpty property="query_submitDate_end">
			AND SUBMIT_DATE <![CDATA[<= #query_submitDate_end:VARCHAR#]]>
		</isNotEmpty>
		<isNotEmpty prepend="AND" property="branchId">
			BRANCH_ID = #branchId#
		</isNotEmpty>
		<isNotEmpty property="chkStatus">
			and CHK_STATUS = #chkStatus#
		</isNotEmpty>
		<isNotEmpty property="msgId">
			and MSG_ID = #msgId#
		</isNotEmpty>
		<isEqual property="optId" compareValue="MM">
			and MSG_RETURN_STATUS =
			'0'
			and (RSV4 &lt;&gt; '1' or RSV4 is null)
		</isEqual>
		<isEqual property="optId" compareValue="A">
			and (MSG_RETURN_STATUS
			&lt;&gt; '0' or MSG_RETURN_STATUS is null)
		</isEqual>
		<isEqual property="optId" compareValue="M">
			and (MSG_RETURN_STATUS
			&lt;&gt; '0' or MSG_RETURN_STATUS is null)
		</isEqual>
		<isNotEmpty property="chkStatuss" prepend="AND">
			<iterate property="chkStatuss" open="CHK_STATUS IN ("
				close=")" conjunction=",">
				#chkStatuss[]#
			</iterate>
		</isNotEmpty>
		<isNotEmpty property="branchIds" prepend="AND">
			<iterate property="branchIds" open="BRANCH_ID IN ("
				close=")" conjunction=",">
				#branchIds[]#
			</iterate>
		</isNotEmpty>
	</sql>

	<select id="selectCounts" parameterClass="com.synesoft.ftzmis.domain.model.FtzOff2Dtl"
		resultClass="java.lang.Integer">
		select count(*) from ${FTZMIS_SCHEMA}FTZ_OFF_2_DTL
		<include refid="queryCondition" />

	</select>
	<select id="selectList" parameterClass="com.synesoft.ftzmis.domain.model.FtzOff2Dtl"
		resultMap="FtzOff2DtlResult">
		select * from ${FTZMIS_SCHEMA}FTZ_OFF_2_DTL
		<include refid="queryCondition" />
		order by MSG_ID DESC
	</select>

  <select id="selectByPrimaryKey" parameterClass="com.synesoft.ftzmis.domain.model.FtzOff2Dtl" resultMap="FtzOff2DtlResult">
    <!--
      WARNING - This element is automatically generated by Abator for iBATIS, do not modify.
      This element was generated on Wed Feb 15 13:18:07 CST 2017.
    -->
    select MSG_ID, SEQ_NO, TRANS_NO, MSG_NO, SUBMIT_DATE, ACC_ORG_CODE, TRAN_GENRE, EXCHANGE_TYPE,
      OPTION_TYPE, BUY_OR_SELL, EXERCISE_APPROACHES, BUY_CURR, BUY_AMT, BUY_RATE, SELL_CURR,
      SELL_AMT, SELL_RATE, EXERCISE_DATE, OPTION_FEE, FEE_CURR, OPP_ACCOUNT, OPP_NAME,
      OPP_BANK_CODE, OPP_BANK_NAME, COUNTRY_CODE, DISTRICT_CODE, TRAN_TYPE, ASSET_TYPE, TRA_PRICE, PRI_BENCHMARK,
      VALUE_DATE, EXPIRE_DATE, AMT, AMT_CURR, TRA_PRICE1, PRI_BENCHMARK1, TRA_PRICE2,
      PRI_BENCHMARK2, TRAN_DATE1, TRAN_DATE2, AMT1, AMT_CURR1, OPP_ACCOUNT1, AMT2, AMT_CURR2,
      OPP_ACCOUNT2, REC_AMT, PAY_AMT, DER_CONT_NO, BANK_TRA_NO, BRANCH_ID, RESULT, ADD_WORD,
      CHK_STATUS, MSG_RETURN_STATUS, DTL_SEND_STATUS, DELETE_FLAG, MAK_USER_ID, MAK_DATETIME,
      CHK_USER_ID, CHK_DATETIME, CHK_ADD_WORD, SEND_USER_ID, SEND_DATETIME, ACK_DATETIME,
      ERR_DATETIME, BAT_DATE, TASK_ID, STEP_ID, RSV1, RSV2, RSV3, RSV4, RSV5, RSV6
    from ${FTZMIS_SCHEMA}FTZ_OFF_2_DTL
    where MSG_ID = #msgId:VARCHAR#
  </select>

  <delete id="deleteByPrimaryKey" parameterClass="com.synesoft.ftzmis.domain.model.FtzOff2Dtl">
    <!--
      WARNING - This element is automatically generated by Abator for iBATIS, do not modify.
      This element was generated on Wed Feb 15 13:18:07 CST 2017.
    -->
    delete from ${FTZMIS_SCHEMA}FTZ_OFF_2_DTL
    where MSG_ID = #msgId:VARCHAR#
  </delete>
  <insert id="insert" parameterClass="com.synesoft.ftzmis.domain.model.FtzOff2Dtl">
    <!--
      WARNING - This element is automatically generated by Abator for iBATIS, do not modify.
      This element was generated on Wed Feb 15 13:18:07 CST 2017.
    -->
    insert into ${FTZMIS_SCHEMA}FTZ_OFF_2_DTL (MSG_ID, SEQ_NO, TRANS_NO, MSG_NO, SUBMIT_DATE, ACC_ORG_CODE, TRAN_GENRE,
      EXCHANGE_TYPE, OPTION_TYPE, BUY_OR_SELL, EXERCISE_APPROACHES, BUY_CURR, BUY_AMT, BUY_RATE,
      SELL_CURR, SELL_AMT, SELL_RATE, EXERCISE_DATE, OPTION_FEE, FEE_CURR, OPP_ACCOUNT, OPP_NAME,
      OPP_BANK_CODE, OPP_BANK_NAME, COUNTRY_CODE, DISTRICT_CODE, TRAN_TYPE, ASSET_TYPE, TRA_PRICE, PRI_BENCHMARK,
      VALUE_DATE, EXPIRE_DATE, AMT, AMT_CURR, TRA_PRICE1, PRI_BENCHMARK1, TRA_PRICE2,
      PRI_BENCHMARK2, TRAN_DATE1, TRAN_DATE2, AMT1, AMT_CURR1, OPP_ACCOUNT1, AMT2, AMT_CURR2,
      OPP_ACCOUNT2, REC_AMT, PAY_AMT, DER_CONT_NO, BANK_TRA_NO, BRANCH_ID, RESULT, ADD_WORD,
      CHK_STATUS, MSG_RETURN_STATUS, DTL_SEND_STATUS, DELETE_FLAG, MAK_USER_ID, MAK_DATETIME,
      CHK_USER_ID, CHK_DATETIME, CHK_ADD_WORD, SEND_USER_ID, SEND_DATETIME, ACK_DATETIME,
      ERR_DATETIME, BAT_DATE, TASK_ID, STEP_ID, RSV1, RSV2, RSV3, RSV4, RSV5, RSV6)
    values (#msgId:VARCHAR#, #seqNo:VARCHAR#, #transNo:VARCHAR#, #msgNo:CHAR#, #submitDate:VARCHAR#,
      #accOrgCode:VARCHAR#, #tranGenre:VARCHAR#, #exchangeType:VARCHAR#, #optionType:VARCHAR#,
      #buyOrSell:VARCHAR#, #exerciseApproaches:VARCHAR#, #buyCurr:VARCHAR#, #buyAmt:DECIMAL#,
      #buyRate:DECIMAL#, #sellCurr:VARCHAR#, #sellAmt:DECIMAL#, #sellRate:DECIMAL#,
      #exerciseDate:VARCHAR#, #optionFee:DECIMAL#, #feeCurr:VARCHAR#, #oppAccount:VARCHAR#,
      #oppName:VARCHAR#, #oppBankCode:VARCHAR#, #oppBankName:VARCHAR#, #countryCode:VARCHAR#, #districtCode:VARCHAR#,
      #tranType:VARCHAR#, #assetType:VARCHAR#, #traPrice:DECIMAL#, #priBenchmark:VARCHAR#,
      #valueDate:VARCHAR#, #expireDate:VARCHAR#, #amt:DECIMAL#, #amtCurr:VARCHAR#,
      #traPrice1:DECIMAL#, #priBenchmark1:VARCHAR#, #traPrice2:DECIMAL#, #priBenchmark2:VARCHAR#,
      #tranDate1:VARCHAR#, #tranDate2:VARCHAR#, #amt1:DECIMAL#, #amtCurr1:VARCHAR#,
      #oppAccount1:VARCHAR#, #amt2:DECIMAL#, #amtCurr2:VARCHAR#, #oppAccount2:VARCHAR#,
      #recAmt:DECIMAL#, #payAmt:DECIMAL#, #derContNo:VARCHAR#, #bankTraNo:VARCHAR#,
      #branchId:VARCHAR#, #result:CHAR#, #addWord:VARCHAR#, #chkStatus:CHAR#,
      #msgReturnStatus:CHAR#, #dtlSendStatus:CHAR#, #deleteFlag:CHAR#, #makUserId:VARCHAR#,
      #makDatetime:VARCHAR#, #chkUserId:VARCHAR#, #chkDatetime:VARCHAR#, #chkAddWord:VARCHAR#,
      #sendUserId:VARCHAR#, #sendDatetime:VARCHAR#, #ackDatetime:VARCHAR#, #errDatetime:VARCHAR#,
      #batDate:VARCHAR#, #taskId:VARCHAR#, #stepId:VARCHAR#, #rsv1:VARCHAR#, #rsv2:VARCHAR#,
      #rsv3:VARCHAR#, #rsv4:VARCHAR#, #rsv5:VARCHAR#, #rsv6:VARCHAR#)
  </insert>
  <update id="updateByPrimaryKey" parameterClass="com.synesoft.ftzmis.domain.model.FtzOff2Dtl">
    <!--
      WARNING - This element is automatically generated by Abator for iBATIS, do not modify.
      This element was generated on Wed Feb 15 13:18:07 CST 2017.
    -->
    update ${FTZMIS_SCHEMA}FTZ_OFF_2_DTL
    set TRANS_NO = #transNo:VARCHAR#,
      MSG_NO = #msgNo:CHAR#,
      SEQ_NO = #seqNo:VARCHAR#,
      SUBMIT_DATE = #submitDate:VARCHAR#,
      ACC_ORG_CODE = #accOrgCode:VARCHAR#,
      TRAN_GENRE = #tranGenre:VARCHAR#,
      EXCHANGE_TYPE = #exchangeType:VARCHAR#,
      OPTION_TYPE = #optionType:VARCHAR#,
      BUY_OR_SELL = #buyOrSell:VARCHAR#,
      EXERCISE_APPROACHES = #exerciseApproaches:VARCHAR#,
      BUY_CURR = #buyCurr:VARCHAR#,
      BUY_AMT = #buyAmt:DECIMAL#,
      BUY_RATE = #buyRate:DECIMAL#,
      SELL_CURR = #sellCurr:VARCHAR#,
      SELL_AMT = #sellAmt:DECIMAL#,
      SELL_RATE = #sellRate:DECIMAL#,
      EXERCISE_DATE = #exerciseDate:VARCHAR#,
      OPTION_FEE = #optionFee:DECIMAL#,
      FEE_CURR = #feeCurr:VARCHAR#,
      OPP_ACCOUNT = #oppAccount:VARCHAR#,
      OPP_NAME = #oppName:VARCHAR#,
      OPP_BANK_CODE = #oppBankCode:VARCHAR#,
      OPP_BANK_NAME = #oppBankName:VARCHAR#,
      COUNTRY_CODE = #countryCode:VARCHAR#,
      DISTRICT_CODE = #districtCode:VARCHAR#,
      TRAN_TYPE = #tranType:VARCHAR#,
      ASSET_TYPE = #assetType:VARCHAR#,
      TRA_PRICE = #traPrice:DECIMAL#,
      PRI_BENCHMARK = #priBenchmark:VARCHAR#,
      VALUE_DATE = #valueDate:VARCHAR#,
      EXPIRE_DATE = #expireDate:VARCHAR#,
      AMT = #amt:DECIMAL#,
      AMT_CURR = #amtCurr:VARCHAR#,
      TRA_PRICE1 = #traPrice1:DECIMAL#,
      PRI_BENCHMARK1 = #priBenchmark1:VARCHAR#,
      TRA_PRICE2 = #traPrice2:DECIMAL#,
      PRI_BENCHMARK2 = #priBenchmark2:VARCHAR#,
      TRAN_DATE1 = #tranDate1:VARCHAR#,
      TRAN_DATE2 = #tranDate2:VARCHAR#,
      AMT1 = #amt1:DECIMAL#,
      AMT_CURR1 = #amtCurr1:VARCHAR#,
      OPP_ACCOUNT1 = #oppAccount1:VARCHAR#,
      AMT2 = #amt2:DECIMAL#,
      AMT_CURR2 = #amtCurr2:VARCHAR#,
      OPP_ACCOUNT2 = #oppAccount2:VARCHAR#,
      REC_AMT = #recAmt:DECIMAL#,
      PAY_AMT = #payAmt:DECIMAL#,
      DER_CONT_NO = #derContNo:VARCHAR#,
      BANK_TRA_NO = #bankTraNo:VARCHAR#,
      BRANCH_ID = #branchId:VARCHAR#,
      RESULT = #result:CHAR#,
      ADD_WORD = #addWord:VARCHAR#,
      CHK_STATUS = #chkStatus:CHAR#,
      MSG_RETURN_STATUS = #msgReturnStatus:CHAR#,
      DTL_SEND_STATUS = #dtlSendStatus:CHAR#,
      DELETE_FLAG = #deleteFlag:CHAR#,
      MAK_USER_ID = #makUserId:VARCHAR#,
      MAK_DATETIME = #makDatetime:VARCHAR#,
      CHK_USER_ID = #chkUserId:VARCHAR#,
      CHK_DATETIME = #chkDatetime:VARCHAR#,
      CHK_ADD_WORD = #chkAddWord:VARCHAR#,
      SEND_USER_ID = #sendUserId:VARCHAR#,
      SEND_DATETIME = #sendDatetime:VARCHAR#,
      ACK_DATETIME = #ackDatetime:VARCHAR#,
      ERR_DATETIME = #errDatetime:VARCHAR#,
      BAT_DATE = #batDate:VARCHAR#,
      TASK_ID = #taskId:VARCHAR#,
      STEP_ID = #stepId:VARCHAR#,
      RSV1 = #rsv1:VARCHAR#,
      RSV2 = #rsv2:VARCHAR#,
      RSV3 = #rsv3:VARCHAR#,
      RSV4 = #rsv4:VARCHAR#,
      RSV5 = #rsv5:VARCHAR#,
      RSV6 = #rsv6:VARCHAR#
    where MSG_ID = #msgId:VARCHAR#
  </update>
  <update id="updateByPrimaryKeySelective" parameterClass="com.synesoft.ftzmis.domain.model.FtzOff2Dtl">
    <!--
      WARNING - This element is automatically generated by Abator for iBATIS, do not modify.
      This element was generated on Wed Feb 15 13:18:07 CST 2017.
    -->
    update ${FTZMIS_SCHEMA}FTZ_OFF_2_DTL
    <dynamic prepend="set">
      <isNotNull prepend="," property="transNo">
        TRANS_NO = #transNo:VARCHAR#
      </isNotNull>
      <isNotNull prepend="," property="msgNo">
        MSG_NO = #msgNo:CHAR#
      </isNotNull>
      <isNotNull prepend="," property="seqNo">
        SEQ_NO =  #seqNo:VARCHAR#
      </isNotNull>
      <isNotNull prepend="," property="submitDate">
        SUBMIT_DATE = #submitDate:VARCHAR#
      </isNotNull>
      <isNotNull prepend="," property="accOrgCode">
        ACC_ORG_CODE = #accOrgCode:VARCHAR#
      </isNotNull>
      <isNotNull prepend="," property="tranGenre">
        TRAN_GENRE = #tranGenre:VARCHAR#
      </isNotNull>
      <isNotNull prepend="," property="exchangeType">
        EXCHANGE_TYPE = #exchangeType:VARCHAR#
      </isNotNull>
      <isNotNull prepend="," property="optionType">
        OPTION_TYPE = #optionType:VARCHAR#
      </isNotNull>
      <isNotNull prepend="," property="buyOrSell">
        BUY_OR_SELL = #buyOrSell:VARCHAR#
      </isNotNull>
      <isNotNull prepend="," property="exerciseApproaches">
        EXERCISE_APPROACHES = #exerciseApproaches:VARCHAR#
      </isNotNull>
      <isNotNull prepend="," property="buyCurr">
        BUY_CURR = #buyCurr:VARCHAR#
      </isNotNull>
      <isNotNull prepend="," property="buyAmt">
        BUY_AMT = #buyAmt:DECIMAL#
      </isNotNull>
      <isNotNull prepend="," property="buyRate">
        BUY_RATE = #buyRate:DECIMAL#
      </isNotNull>
      <isNotNull prepend="," property="sellCurr">
        SELL_CURR = #sellCurr:VARCHAR#
      </isNotNull>
      <isNotNull prepend="," property="sellAmt">
        SELL_AMT = #sellAmt:DECIMAL#
      </isNotNull>
      <isNotNull prepend="," property="sellRate">
        SELL_RATE = #sellRate:DECIMAL#
      </isNotNull>
      <isNotNull prepend="," property="exerciseDate">
        EXERCISE_DATE = #exerciseDate:VARCHAR#
      </isNotNull>
      <isNotNull prepend="," property="optionFee">
        OPTION_FEE = #optionFee:DECIMAL#
      </isNotNull>
      <isNotNull prepend="," property="feeCurr">
        FEE_CURR = #feeCurr:VARCHAR#
      </isNotNull>
      <isNotNull prepend="," property="oppAccount">
        OPP_ACCOUNT = #oppAccount:VARCHAR#
      </isNotNull>
      <isNotNull prepend="," property="oppName">
        OPP_NAME = #oppName:VARCHAR#
      </isNotNull>
      <isNotNull prepend="," property="oppBankCode">
        OPP_BANK_CODE = #oppBankCode:VARCHAR#
      </isNotNull>
      <isNotNull prepend="," property="oppBankName">
        OPP_BANK_NAME = #oppBankName:VARCHAR#
      </isNotNull>
      <isNotNull prepend="," property="countryCode">
        COUNTRY_CODE = #countryCode:VARCHAR#
      </isNotNull>
      <isNotNull prepend="," property="districtCode">
        DISTRICT_CODE = #districtCode:VARCHAR#
      </isNotNull>
      <isNotNull prepend="," property="tranType">
        TRAN_TYPE = #tranType:VARCHAR#
      </isNotNull>
      <isNotNull prepend="," property="assetType">
        ASSET_TYPE = #assetType:VARCHAR#
      </isNotNull>
      <isNotNull prepend="," property="traPrice">
        TRA_PRICE = #traPrice:DECIMAL#
      </isNotNull>
      <isNotNull prepend="," property="priBenchmark">
        PRI_BENCHMARK = #priBenchmark:VARCHAR#
      </isNotNull>
      <isNotNull prepend="," property="valueDate">
        VALUE_DATE = #valueDate:VARCHAR#
      </isNotNull>
      <isNotNull prepend="," property="expireDate">
        EXPIRE_DATE = #expireDate:VARCHAR#
      </isNotNull>
      <isNotNull prepend="," property="amt">
        AMT = #amt:DECIMAL#
      </isNotNull>
      <isNotNull prepend="," property="amtCurr">
        AMT_CURR = #amtCurr:VARCHAR#
      </isNotNull>
      <isNotNull prepend="," property="traPrice1">
        TRA_PRICE1 = #traPrice1:DECIMAL#
      </isNotNull>
      <isNotNull prepend="," property="priBenchmark1">
        PRI_BENCHMARK1 = #priBenchmark1:VARCHAR#
      </isNotNull>
      <isNotNull prepend="," property="traPrice2">
        TRA_PRICE2 = #traPrice2:DECIMAL#
      </isNotNull>
      <isNotNull prepend="," property="priBenchmark2">
        PRI_BENCHMARK2 = #priBenchmark2:VARCHAR#
      </isNotNull>
      <isNotNull prepend="," property="tranDate1">
        TRAN_DATE1 = #tranDate1:VARCHAR#
      </isNotNull>
      <isNotNull prepend="," property="tranDate2">
        TRAN_DATE2 = #tranDate2:VARCHAR#
      </isNotNull>
      <isNotNull prepend="," property="amt1">
        AMT1 = #amt1:DECIMAL#
      </isNotNull>
      <isNotNull prepend="," property="amtCurr1">
        AMT_CURR1 = #amtCurr1:VARCHAR#
      </isNotNull>
      <isNotNull prepend="," property="oppAccount1">
        OPP_ACCOUNT1 = #oppAccount1:VARCHAR#
      </isNotNull>
      <isNotNull prepend="," property="amt2">
        AMT2 = #amt2:DECIMAL#
      </isNotNull>
      <isNotNull prepend="," property="amtCurr2">
        AMT_CURR2 = #amtCurr2:VARCHAR#
      </isNotNull>
      <isNotNull prepend="," property="oppAccount2">
        OPP_ACCOUNT2 = #oppAccount2:VARCHAR#
      </isNotNull>
      <isNotNull prepend="," property="recAmt">
        REC_AMT = #recAmt:DECIMAL#
      </isNotNull>
      <isNotNull prepend="," property="payAmt">
        PAY_AMT = #payAmt:DECIMAL#
      </isNotNull>
      <isNotNull prepend="," property="derContNo">
        DER_CONT_NO = #derContNo:VARCHAR#
      </isNotNull>
      <isNotNull prepend="," property="bankTraNo">
        BANK_TRA_NO = #bankTraNo:VARCHAR#
      </isNotNull>
      <isNotNull prepend="," property="branchId">
        BRANCH_ID = #branchId:VARCHAR#
      </isNotNull>
      <isNotNull prepend="," property="result">
        RESULT = #result:CHAR#
      </isNotNull>
      <isNotNull prepend="," property="addWord">
        ADD_WORD = #addWord:VARCHAR#
      </isNotNull>
      <isNotNull prepend="," property="chkStatus">
        CHK_STATUS = #chkStatus:CHAR#
      </isNotNull>
      <isNotNull prepend="," property="msgReturnStatus">
        MSG_RETURN_STATUS = #msgReturnStatus:CHAR#
      </isNotNull>
      <isNotNull prepend="," property="dtlSendStatus">
        DTL_SEND_STATUS = #dtlSendStatus:CHAR#
      </isNotNull>
      <isNotNull prepend="," property="deleteFlag">
        DELETE_FLAG = #deleteFlag:CHAR#
      </isNotNull>
      <isNotNull prepend="," property="makUserId">
        MAK_USER_ID = #makUserId:VARCHAR#
      </isNotNull>
      <isNotNull prepend="," property="makDatetime">
        MAK_DATETIME = #makDatetime:VARCHAR#
      </isNotNull>
      <isNotNull prepend="," property="chkUserId">
        CHK_USER_ID = #chkUserId:VARCHAR#
      </isNotNull>
      <isNotNull prepend="," property="chkDatetime">
        CHK_DATETIME = #chkDatetime:VARCHAR#
      </isNotNull>
      <isNotNull prepend="," property="chkAddWord">
        CHK_ADD_WORD = #chkAddWord:VARCHAR#
      </isNotNull>
      <isNotNull prepend="," property="sendUserId">
        SEND_USER_ID = #sendUserId:VARCHAR#
      </isNotNull>
      <isNotNull prepend="," property="sendDatetime">
        SEND_DATETIME = #sendDatetime:VARCHAR#
      </isNotNull>
      <isNotNull prepend="," property="ackDatetime">
        ACK_DATETIME = #ackDatetime:VARCHAR#
      </isNotNull>
      <isNotNull prepend="," property="errDatetime">
        ERR_DATETIME = #errDatetime:VARCHAR#
      </isNotNull>
      <isNotNull prepend="," property="batDate">
        BAT_DATE = #batDate:VARCHAR#
      </isNotNull>
      <isNotNull prepend="," property="taskId">
        TASK_ID = #taskId:VARCHAR#
      </isNotNull>
      <isNotNull prepend="," property="stepId">
        STEP_ID = #stepId:VARCHAR#
      </isNotNull>
      <!-- <isNotNull prepend="," property="rsv1">
        RSV1 = #rsv1:VARCHAR#
      </isNotNull>
      <isNotNull prepend="," property="rsv2">
        RSV2 = #rsv2:VARCHAR#
      </isNotNull> -->
      <isNotNull prepend="," property="rsv3">
        RSV3 = #rsv3:VARCHAR#
      </isNotNull>
      <isNotNull prepend="," property="rsv4">
        RSV4 = #rsv4:VARCHAR#
      </isNotNull>
      <isNotNull prepend="," property="rsv5">
        RSV5 = #rsv5:VARCHAR#
      </isNotNull>
      <isNotNull prepend="," property="rsv6">
        RSV6 = #rsv6:VARCHAR#
      </isNotNull>
    </dynamic>
    WHERE
		MSG_ID = #msgId:VARCHAR#
	<isNotEmpty property="rsv1">
		and MAK_DATETIME = #rsv1:VARCHAR#
	</isNotEmpty>
	<isNotEmpty property="rsv2">
		and CHK_DATETIME = #rsv2:VARCHAR#
	</isNotEmpty>
  </update>
  <update id="batchUpdateStatus" parameterClass="com.synesoft.ftzmis.domain.model.FtzOff2Dtl">
    update ${FTZMIS_SCHEMA}FTZ_OFF_2_DTL
    <dynamic prepend="set">
      <isNotNull prepend="," property="transNo">
        TRANS_NO = #transNo:VARCHAR#
      </isNotNull>
      <isNotNull prepend="," property="msgNo">
        MSG_NO = #msgNo:CHAR#
      </isNotNull>
      <isNotNull prepend="," property="seqNo">
        SEQ_NO =  #seqNo:VARCHAR#
      </isNotNull>
      <isNotNull prepend="," property="submitDate">
        SUBMIT_DATE = #submitDate:VARCHAR#
      </isNotNull>
      <isNotNull prepend="," property="accOrgCode">
        ACC_ORG_CODE = #accOrgCode:VARCHAR#
      </isNotNull>
      <isNotNull prepend="," property="tranGenre">
        TRAN_GENRE = #tranGenre:VARCHAR#
      </isNotNull>
      <isNotNull prepend="," property="exchangeType">
        EXCHANGE_TYPE = #exchangeType:VARCHAR#
      </isNotNull>
      <isNotNull prepend="," property="optionType">
        OPTION_TYPE = #optionType:VARCHAR#
      </isNotNull>
      <isNotNull prepend="," property="buyOrSell">
        BUY_OR_SELL = #buyOrSell:VARCHAR#
      </isNotNull>
      <isNotNull prepend="," property="exerciseApproaches">
        EXERCISE_APPROACHES = #exerciseApproaches:VARCHAR#
      </isNotNull>
      <isNotNull prepend="," property="buyCurr">
        BUY_CURR = #buyCurr:VARCHAR#
      </isNotNull>
      <isNotNull prepend="," property="buyAmt">
        BUY_AMT = #buyAmt:DECIMAL#
      </isNotNull>
      <isNotNull prepend="," property="buyRate">
        BUY_RATE = #buyRate:DECIMAL#
      </isNotNull>
      <isNotNull prepend="," property="sellCurr">
        SELL_CURR = #sellCurr:VARCHAR#
      </isNotNull>
      <isNotNull prepend="," property="sellAmt">
        SELL_AMT = #sellAmt:DECIMAL#
      </isNotNull>
      <isNotNull prepend="," property="sellRate">
        SELL_RATE = #sellRate:DECIMAL#
      </isNotNull>
      <isNotNull prepend="," property="exerciseDate">
        EXERCISE_DATE = #exerciseDate:VARCHAR#
      </isNotNull>
      <isNotNull prepend="," property="optionFee">
        OPTION_FEE = #optionFee:DECIMAL#
      </isNotNull>
      <isNotNull prepend="," property="feeCurr">
        FEE_CURR = #feeCurr:VARCHAR#
      </isNotNull>
      <isNotNull prepend="," property="oppAccount">
        OPP_ACCOUNT = #oppAccount:VARCHAR#
      </isNotNull>
      <isNotNull prepend="," property="oppName">
        OPP_NAME = #oppName:VARCHAR#
      </isNotNull>
      <isNotNull prepend="," property="oppBankCode">
        OPP_BANK_CODE = #oppBankCode:VARCHAR#
      </isNotNull>
      <isNotNull prepend="," property="oppBankName">
        OPP_BANK_NAME = #oppBankName:VARCHAR#
      </isNotNull>
      <isNotNull prepend="," property="countryCode">
        COUNTRY_CODE = #countryCode:VARCHAR#
      </isNotNull>
      <isNotNull prepend="," property="districtCode">
        DISTRICT_CODE = #districtCode:VARCHAR#
      </isNotNull>
      <isNotNull prepend="," property="tranType">
        TRAN_TYPE = #tranType:VARCHAR#
      </isNotNull>
      <isNotNull prepend="," property="assetType">
        ASSET_TYPE = #assetType:VARCHAR#
      </isNotNull>
      <isNotNull prepend="," property="traPrice">
        TRA_PRICE = #traPrice:DECIMAL#
      </isNotNull>
      <isNotNull prepend="," property="priBenchmark">
        PRI_BENCHMARK = #priBenchmark:VARCHAR#
      </isNotNull>
      <isNotNull prepend="," property="valueDate">
        VALUE_DATE = #valueDate:VARCHAR#
      </isNotNull>
      <isNotNull prepend="," property="expireDate">
        EXPIRE_DATE = #expireDate:VARCHAR#
      </isNotNull>
      <isNotNull prepend="," property="amt">
        AMT = #amt:DECIMAL#
      </isNotNull>
      <isNotNull prepend="," property="amtCurr">
        AMT_CURR = #amtCurr:VARCHAR#
      </isNotNull>
      <isNotNull prepend="," property="traPrice1">
        TRA_PRICE1 = #traPrice1:DECIMAL#
      </isNotNull>
      <isNotNull prepend="," property="priBenchmark1">
        PRI_BENCHMARK1 = #priBenchmark1:VARCHAR#
      </isNotNull>
      <isNotNull prepend="," property="traPrice2">
        TRA_PRICE2 = #traPrice2:DECIMAL#
      </isNotNull>
      <isNotNull prepend="," property="priBenchmark2">
        PRI_BENCHMARK2 = #priBenchmark2:VARCHAR#
      </isNotNull>
      <isNotNull prepend="," property="tranDate1">
        TRAN_DATE1 = #tranDate1:VARCHAR#
      </isNotNull>
      <isNotNull prepend="," property="tranDate2">
        TRAN_DATE2 = #tranDate2:VARCHAR#
      </isNotNull>
      <isNotNull prepend="," property="amt1">
        AMT1 = #amt1:DECIMAL#
      </isNotNull>
      <isNotNull prepend="," property="amtCurr1">
        AMT_CURR1 = #amtCurr1:VARCHAR#
      </isNotNull>
      <isNotNull prepend="," property="oppAccount1">
        OPP_ACCOUNT1 = #oppAccount1:VARCHAR#
      </isNotNull>
      <isNotNull prepend="," property="amt2">
        AMT2 = #amt2:DECIMAL#
      </isNotNull>
      <isNotNull prepend="," property="amtCurr2">
        AMT_CURR2 = #amtCurr2:VARCHAR#
      </isNotNull>
      <isNotNull prepend="," property="oppAccount2">
        OPP_ACCOUNT2 = #oppAccount2:VARCHAR#
      </isNotNull>
      <isNotNull prepend="," property="recAmt">
        REC_AMT = #recAmt:DECIMAL#
      </isNotNull>
      <isNotNull prepend="," property="payAmt">
        PAY_AMT = #payAmt:DECIMAL#
      </isNotNull>
      <isNotNull prepend="," property="derContNo">
        DER_CONT_NO = #derContNo:VARCHAR#
      </isNotNull>
      <isNotNull prepend="," property="bankTraNo">
        BANK_TRA_NO = #bankTraNo:VARCHAR#
      </isNotNull>
      <isNotNull prepend="," property="branchId">
        BRANCH_ID = #branchId:VARCHAR#
      </isNotNull>
      <isNotNull prepend="," property="result">
        RESULT = #result:CHAR#
      </isNotNull>
      <isNotNull prepend="," property="addWord">
        ADD_WORD = #addWord:VARCHAR#
      </isNotNull>
      <isNotNull prepend="," property="chkStatus">
        CHK_STATUS = #chkStatus:CHAR#
      </isNotNull>
      <isNotNull prepend="," property="msgReturnStatus">
        MSG_RETURN_STATUS = #msgReturnStatus:CHAR#
      </isNotNull>
      <isNotNull prepend="," property="dtlSendStatus">
        DTL_SEND_STATUS = #dtlSendStatus:CHAR#
      </isNotNull>
      <isNotNull prepend="," property="deleteFlag">
        DELETE_FLAG = #deleteFlag:CHAR#
      </isNotNull>
      <isNotNull prepend="," property="makUserId">
        MAK_USER_ID = #makUserId:VARCHAR#
      </isNotNull>
      <isNotNull prepend="," property="makDatetime">
        MAK_DATETIME = #makDatetime:VARCHAR#
      </isNotNull>
      <isNotNull prepend="," property="chkUserId">
        CHK_USER_ID = #chkUserId:VARCHAR#
      </isNotNull>
      <isNotNull prepend="," property="chkDatetime">
        CHK_DATETIME = #chkDatetime:VARCHAR#
      </isNotNull>
      <isNotNull prepend="," property="chkAddWord">
        CHK_ADD_WORD = #chkAddWord:VARCHAR#
      </isNotNull>
      <isNotNull prepend="," property="sendUserId">
        SEND_USER_ID = #sendUserId:VARCHAR#
      </isNotNull>
      <isNotNull prepend="," property="sendDatetime">
        SEND_DATETIME = #sendDatetime:VARCHAR#
      </isNotNull>
      <isNotNull prepend="," property="ackDatetime">
        ACK_DATETIME = #ackDatetime:VARCHAR#
      </isNotNull>
      <isNotNull prepend="," property="errDatetime">
        ERR_DATETIME = #errDatetime:VARCHAR#
      </isNotNull>
      <isNotNull prepend="," property="batDate">
        BAT_DATE = #batDate:VARCHAR#
      </isNotNull>
      <isNotNull prepend="," property="taskId">
        TASK_ID = #taskId:VARCHAR#
      </isNotNull>
      <isNotNull prepend="," property="stepId">
        STEP_ID = #stepId:VARCHAR#
      </isNotNull>
      <isNotNull prepend="," property="rsv1">
        RSV1 = #rsv1:VARCHAR#
      </isNotNull>
      <isNotNull prepend="," property="rsv2">
        RSV2 = #rsv2:VARCHAR#
      </isNotNull>
      <isNotNull prepend="," property="rsv3">
        RSV3 = #rsv3:VARCHAR#
      </isNotNull>
      <isNotNull prepend="," property="rsv4">
        RSV4 = #rsv4:VARCHAR#
      </isNotNull>
      <isNotNull prepend="," property="rsv5">
        RSV5 = #rsv5:VARCHAR#
      </isNotNull>
      <isNotNull prepend="," property="rsv6">
        RSV6 = #rsv6:VARCHAR#
      </isNotNull>
    </dynamic>
    WHERE
		MSG_ID in ($msgId$)
  </update>
  	
	<insert id="newCopyForMM" parameterClass="java.util.HashMap">
		insert into
		${FTZMIS_SCHEMA}FTZ_OFF_2_DTL (MSG_ID, SEQ_NO, TRANS_NO, MSG_NO, SUBMIT_DATE, ACC_ORG_CODE, TRAN_GENRE,
      EXCHANGE_TYPE, OPTION_TYPE, BUY_OR_SELL, EXERCISE_APPROACHES, BUY_CURR, BUY_AMT, BUY_RATE,
      SELL_CURR, SELL_AMT, SELL_RATE, EXERCISE_DATE, OPTION_FEE, FEE_CURR, OPP_ACCOUNT, OPP_NAME,
      OPP_BANK_CODE, OPP_BANK_NAME, COUNTRY_CODE, DISTRICT_CODE, TRAN_TYPE, ASSET_TYPE, TRA_PRICE, PRI_BENCHMARK,
      VALUE_DATE, EXPIRE_DATE, AMT, AMT_CURR, TRA_PRICE1, PRI_BENCHMARK1, TRA_PRICE2,
      PRI_BENCHMARK2, TRAN_DATE1, TRAN_DATE2, AMT1, AMT_CURR1, OPP_ACCOUNT1, AMT2, AMT_CURR2,
      OPP_ACCOUNT2, REC_AMT, PAY_AMT, DER_CONT_NO, BANK_TRA_NO, BRANCH_ID, RESULT, ADD_WORD,
      CHK_STATUS, MSG_RETURN_STATUS, DTL_SEND_STATUS, DELETE_FLAG, MAK_USER_ID, MAK_DATETIME,
      CHK_USER_ID, CHK_DATETIME, CHK_ADD_WORD, SEND_USER_ID, SEND_DATETIME, ACK_DATETIME,
      ERR_DATETIME, BAT_DATE, TASK_ID, STEP_ID, RSV1, RSV2, RSV3, RSV4, RSV5, RSV6)
		select #newMsgId#,
	  SEQ_NO, TRANS_NO, MSG_NO, SUBMIT_DATE, ACC_ORG_CODE, TRAN_GENRE,
      EXCHANGE_TYPE, OPTION_TYPE, BUY_OR_SELL, EXERCISE_APPROACHES, BUY_CURR, BUY_AMT, BUY_RATE,
      SELL_CURR, SELL_AMT, SELL_RATE, EXERCISE_DATE, OPTION_FEE, FEE_CURR, OPP_ACCOUNT, OPP_NAME,
      OPP_BANK_CODE, OPP_BANK_NAME, COUNTRY_CODE, DISTRICT_CODE, TRAN_TYPE, ASSET_TYPE, TRA_PRICE, PRI_BENCHMARK,
      VALUE_DATE, EXPIRE_DATE, AMT, AMT_CURR, TRA_PRICE1, PRI_BENCHMARK1, TRA_PRICE2,
      PRI_BENCHMARK2, TRAN_DATE1, TRAN_DATE2, AMT1, AMT_CURR1, OPP_ACCOUNT1, AMT2, AMT_CURR2,
      OPP_ACCOUNT2, REC_AMT, PAY_AMT, DER_CONT_NO, BANK_TRA_NO, BRANCH_ID, RESULT, ADD_WORD,
      CHK_STATUS, MSG_RETURN_STATUS, DTL_SEND_STATUS, DELETE_FLAG, MAK_USER_ID, MAK_DATETIME,
      CHK_USER_ID, CHK_DATETIME, CHK_ADD_WORD, SEND_USER_ID, SEND_DATETIME, ACK_DATETIME,
      ERR_DATETIME, BAT_DATE, TASK_ID, STEP_ID, RSV1, RSV2, RSV3, RSV4, msg_id, RSV6
		from
		${FTZMIS_SCHEMA}FTZ_OFF_2_DTL where msg_id=#msgId# and
		MSG_RETURN_STATUS='0'
	</insert>
	<select id="getCopyForMM" resultMap="FtzOff2DtlResult"
		parameterClass="java.util.HashMap">
		select *
		from ${FTZMIS_SCHEMA}FTZ_OFF_2_DTL
		where
		msg_id=#msgId# AND
		rsv4 is null AND
		rsv5 is not null
	</select>
	<update id="updOldForMM" parameterClass="java.util.HashMap">
	update ${FTZMIS_SCHEMA}FTZ_OFF_2_DTL
  		set rsv4='1',CHK_STATUS='13'
  	where msg_id=#msgId# and msg_return_status='0'
	</update>
	<update id="updOldRecord" parameterClass="java.util.HashMap">
	update ${FTZMIS_SCHEMA}FTZ_OFF_2_DTL
  		set rsv4=null
  	where msg_id=#oldMsgId# and msg_return_status='0' and rsv4='1'
	</update>
	<delete id="delNewRecord" parameterClass="java.util.HashMap">
	delete from ${FTZMIS_SCHEMA}FTZ_OFF_2_DTL
  	where msg_id=#msgId# and msg_return_status='0' and rsv5 is not null
	</delete>
	<select id="queryMaxSeqNo" parameterClass="com.synesoft.ftzmis.domain.model.FtzOff2Dtl" resultClass="java.lang.String">
		SELECT 
			CASE WHEN(MAX(SEQ_NO) is null) then 1 else MAX(SEQ_NO) + 1 end 
		FROM 
			${FTZMIS_SCHEMA}FTZ_OFF_2_DTL 
		WHERE 
			MSG_NO = #msgNo:VARCHAR# 
			AND SUBMIT_DATE=#submitDate:VARCHAR# 
	</select>
	<!-- off2批量审核 ，查询当前用户与所选择批量的录入用户相同的记录-->
	<select id="queryMsgIdBySameUser" parameterClass="com.synesoft.ftzmis.domain.model.FtzBatchCheckParam" resultClass="java.lang.String">
		select msg_id from ${FTZMIS_SCHEMA}FTZ_OFF_2_DTL
		where MAK_USER_ID=#userId#
		<isNotEmpty property="msgBatchIds" prepend="AND">
			<iterate property="msgBatchIds" open="msg_id IN (" close=")" conjunction=",">
	        	#msgBatchIds[]#
	        </iterate>
		</isNotEmpty>
		order by msg_id
	</select>

	<!-- off2批量审核 ，查询当所选择批量下的不允许审核的-->
	<select id="queryMsgIdStatusNotOk" parameterClass="com.synesoft.ftzmis.domain.model.FtzBatchCheckParam" resultClass="java.lang.String">
		select msg_id from ${FTZMIS_SCHEMA}FTZ_OFF_2_DTL
		where chk_status!='02' and chk_status!='03'
		<isNotEmpty property="msgBatchIds" prepend="AND">
			<iterate property="msgBatchIds" open="msg_id IN (" close=")" conjunction=",">
	        	#msgBatchIds[]#
	        </iterate>
		</isNotEmpty>
		order by msg_id
	</select>
	<!-- off2批量审核 ，查询选择的批量审核通过的数量-->
	<select id="queryMsgPassCnt" parameterClass="com.synesoft.ftzmis.domain.model.FtzBatchCheckParam" resultClass="java.lang.String">
		select msg_id from ${FTZMIS_SCHEMA}FTZ_OFF_2_DTL
		where chk_status='03'
		<isNotEmpty property="msgBatchIds" prepend="AND">
			<iterate property="msgBatchIds" open="msg_id IN (" close=")" conjunction=",">
	        	#msgBatchIds[]#
	        </iterate>
		</isNotEmpty>
	</select>
	<!-- off2批量审核，更新表内报文表 -->
	<update id="updateBatchCheckOff2" parameterClass="com.synesoft.ftzmis.domain.model.FtzBatchCheckParam">
		update ${FTZMIS_SCHEMA}FTZ_OFF_2_DTL set chk_status='03',
		chk_user_id = #userId# ,
		chk_datetime = #chkDatetime#
		where 1=1
		<isNotEmpty property="msgBatchIds" prepend="AND">
			<iterate property="msgBatchIds" open="msg_id IN (" close=")" conjunction=",">
	        	#msgBatchIds[]#
	        </iterate>
		</isNotEmpty>
	</update>
	<!-- off2批量审核，更新表内报文表 -->
	<update id="updateXBatchCheckOff2" parameterClass="com.synesoft.ftzmis.domain.model.FtzBatchCheckParam">
		update ${FTZMIS_SCHEMA}FTZ_OFF_2_DTL set chk_status='13',
		chk_user_id = #userId# ,
		chk_datetime = #chkDatetime#
		where 1=1
		<isNotEmpty property="msgBatchIds" prepend="AND">
			<iterate property="msgBatchIds" open="msg_id IN (" close=")" conjunction=",">
	        	#msgBatchIds[]#
	        </iterate>
		</isNotEmpty>
	</update>
	  <!--Ver2.2.release NO.140 by dbb at 20170208 s-->
	<select id="selectFtzOff2DtlList" parameterClass="com.synesoft.ftzmis.domain.model.FtzOffImp" resultMap="FtzOff2DtlImpResult">
		select * FROM ${FTZMIS_SCHEMA}$tableName$
   	  where BRANCH_ID = #branchId:VARCHAR#
   	  order by imp_id asc
	</select>
	<delete id="deleteFtzOff2Imp" parameterClass="com.synesoft.ftzmis.domain.model.FtzOff2Dtl" >
	    delete from ${FTZMIS_SCHEMA}$tableName$
	    WHERE IMP_ID = #impId:VARCHAR#    
	 </delete>
	 <select id="checkDerContNo" parameterClass="java.util.HashMap" resultClass="java.lang.Integer">
		select sum(cnt) from (
			select count(1) cnt FROM ${FTZMIS_SCHEMA}FTZ_OFF_TXN_DTL d,${FTZMIS_SCHEMA}FTZ_OFF_MSG_CTL c
		   	  where 
		   	  d.msg_id = c.msg_id
		   	  and d.report_code = #msgNo#
		   	  and d.submit_date = #submitDate#
		   	  and d.seq_no = #seqNo#
		   	  and d.acc_org_code = #accOrgCode#
		   	  and c.msg_return_status='0'
	   	  	union 
	   	  	select count(1) cnt from ${FTZMIS_SCHEMA}FTZ_OFF_2_DTL
		   	  where msg_no = #msgNo#
		   	  and submit_date = #submitDate#
		   	  and seq_no = #seqNo#
		   	  and acc_org_code = #accOrgCode#
		   	  and msg_return_status = '0'
   	  )t
	</select>
	<!-- Ver2.2.release NO.141 by dbb at 20170519 s -->
	<select id="getDerContNoCounts" parameterClass="com.synesoft.ftzmis.domain.model.FtzOff2Dtl" resultClass="java.lang.Integer">
	select  sum(cnt) from (
		select count(1) cnt
		FROM ${FTZMIS_SCHEMA}FTZ_OFF_TXN_DTL d,${FTZMIS_SCHEMA}FTZ_OFF_MSG_CTL c
	   	  where 
	   	  d.msg_id = c.msg_id
	   	  and d.report_code = #msgNo#
	   	  <isNotEmpty property="submitDate">
	   	  and d.submit_date = #submitDate#
	   	  </isNotEmpty>
	   	  and c.msg_return_status='0'
 	  	union 
 	  	select count(1) cnt
	    from ${FTZMIS_SCHEMA}FTZ_OFF_2_DTL
	  	  where msg_no = #msgNo#
	  	  <isNotEmpty property="submitDate">
	  	  and submit_date = #submitDate#
	  	  </isNotEmpty>
	  	  and msg_return_status = '0'
  	  )t
	</select>
	<select id="getDerContNoLists" parameterClass="com.synesoft.ftzmis.domain.model.FtzOff2Dtl" resultClass="com.synesoft.ftzmis.domain.model.FtzOff2Dtl">
	select 
	    trans_no  as  transNo,
	    seq_no  as  seqNo,
	    report_code  as  msgNo,
	    submit_date  as  submitDate,
	    acc_org_code  as  accOrgCode,
	    tran_genre  as  tranGenre,
	    exchange_type  as  exchangeType,
	    buy_curr  as  buyCurr,
	    buy_amt  as  buyAmt,
	    buy_rate  as  buyRate,
	    sell_curr  as  sellCurr,
	    sell_amt  as  sellAmt,
	    sell_rate  as  sellRate,
	    account_no  as  oppAccount,
	    tran_type  as  tranType,
	    ''  as  assetType,
	    0  as  traPrice,
	    ''  as  priBenchmark,
	    0  as  amt,
	    ''  as  amtCurr,
	    ''	as	valueDate,
	    ''	as	expireDate,
	    ''	as	tranDate1,
	    ''	as	tranDate2,
	    '' as exerciseApproaches,
	    '' as exerciseDate,
	    0  as  optionFee,
	    ''  as	feeCurr
		FROM ${FTZMIS_SCHEMA}FTZ_OFF_TXN_DTL d,${FTZMIS_SCHEMA}FTZ_OFF_MSG_CTL c
	   	  where 
	   	  d.msg_id = c.msg_id
	   	  and d.report_code = #msgNo#
	   	  <isNotEmpty property="submitDate">
	   	  and d.submit_date = #submitDate#
	   	  </isNotEmpty>
	   	  and c.msg_return_status='0'
 	  	union 
 	  	select 
	    trans_no	as	transNo,
	    seq_no	as	seqNo,
	    msg_no	as	msgNo,
	    submit_date	as	submitDate,
	    acc_org_code	as	accOrgCode,
	    tran_genre	as	tranGenre,
	    exchange_type	as	exchangeType,
	    buy_curr	as	buyCurr,
	    buy_amt	as	buyAmt,
	    buy_rate	as	buyRate,
	    sell_curr	as	sellCurr,
	    sell_amt	as	sellAmt,
	    sell_rate	as	sellRate,
	    (case when msg_no='210314' then opp_account1 else opp_account end)	as	oppAccount,
	    tran_type	as	tranType,
	    asset_type	as	assetType,
	    (case when msg_no='210314' then tra_price1 else tra_price end)	as	traPrice,
	    (case when msg_no='210314' then pri_benchmark1 else pri_benchmark end)	as	priBenchmark,
	    (case when msg_no='210314' then amt1 else amt end)	as	amt,
	    (case when msg_no='210314' then amt_curr1 else amt_curr end)	as	amtCurr,
	    value_date	as	valueDate,
	    expire_date	as	expireDate,
	    tran_date1	as	tranDate1,
	    tran_date2	as	tranDate2,
	    exercise_approaches as exerciseApproaches,
	    exercise_date as exerciseDate,
	    option_fee	as	optionFee,
	    fee_curr	as	feeCurr
    from ${FTZMIS_SCHEMA}FTZ_OFF_2_DTL
  	  where msg_no = #msgNo#
  	  <isNotEmpty property="submitDate">
  	  and submit_date = #submitDate#
  	  </isNotEmpty>
  	  and msg_return_status = '0'
	</select>

	<!-- FtzFiReleaseInf -->
	<select id="getOriLevyNoCounts" parameterClass="com.synesoft.ftzmis.domain.model.FtzFiReleaseInf" resultClass="java.lang.Integer">
		select count(1)
		 from ${FTZMIS_SCHEMA}FTZ_OFF_2_DTL
	  	  where msg_no = #msgNo#
	  	  <isNotEmpty property="submitDate">
	  	  and submit_date = #submitDate#
	  	  </isNotEmpty>
	  	  and msg_return_status = '0'
	</select>
	<select id="getOriLevyNoLists" parameterClass="com.synesoft.ftzmis.domain.model.FtzFiReleaseInf" resultClass="com.synesoft.ftzmis.domain.model.FtzOff2Dtl">
	select 
		der_cont_no as  derContNo,
	    trans_no	as	transNo,
	    seq_no	as	seqNo,
	    msg_no	as	msgNo,
	    submit_date	as	submitDate,
	    acc_org_code	as	accOrgCode,
	    value_date	as	valueDate,
	    rec_amt		as  recAmt,
	    pay_amt		as  payAmt,
	    bank_tra_no as  bankTraNo
	from ${FTZMIS_SCHEMA}FTZ_OFF_2_DTL
  	  where msg_no = #msgNo#
  	  <isNotEmpty property="submitDate">
  	  and submit_date = #submitDate#
  	  </isNotEmpty>
  	  and msg_return_status = '0'
	</select>
	<!-- Ver2.2.release NO.144 by dbb at 20170717 s -->
	<select id="createDerContNo" parameterClass="com.synesoft.ftzmis.domain.model.FtzOff2Dtl" resultClass="com.synesoft.ftzmis.domain.model.FtzOff2Dtl">
		SELECT 
	      MSG_NO as msgNo,SUBMIT_DATE submitDate,SEQ_NO seqNo,ACC_ORG_CODE accOrgCode 
	    FROM 
	      ${FTZMIS_SCHEMA}FTZ_OFF_2_DTL
	    WHERE 
	      TRANS_NO = #derContNo#
	    and MSG_NO = #oppAccount2#
	    and msg_return_status = '0'
	    union
	    SELECT 
	      d.report_code as msgNo,d.SUBMIT_DATE submitDate,d.SEQ_NO seqNo,d.ACC_ORG_CODE accOrgCode 
	    FROM 
	      ${FTZMIS_SCHEMA}FTZ_OFF_TXN_DTL d,${FTZMIS_SCHEMA}FTZ_OFF_MSG_CTL c
	    WHERE 
	    d.msg_id=c.msg_id
	    and d.TRANS_NO = #derContNo#
	    and d.report_code = #oppAccount2#
	    and c.msg_return_status = '0'
	</select>
	<!-- Ver2.2.release NO.144 by dbb at 20170717 s -->
	<!-- Ver2.2.release NO.141 by dbb at 20170519 e -->
	<select id="selectByMsgNo" resultClass="java.lang.Integer"
		parameterClass="java.util.HashMap">
		SELECT 
	      count(1) cnt
	    FROM 
	      ${FTZMIS_SCHEMA}FTZ_OFF_2_DTL
	    WHERE 
	      SUBMIT_DATE = #submitDate#
	    and MSG_NO = #msgNo#
	    and TASK_ID='99999' AND STEP_ID='99999'
	</select>
	<select id="selectByMsgNoAndStatus" resultClass="java.lang.Integer"
		parameterClass="java.util.HashMap">
		SELECT 
	      count(1) cnt 
	    FROM 
	      ${FTZMIS_SCHEMA}FTZ_OFF_2_DTL
	    WHERE 
	      SUBMIT_DATE = #submitDate#
	    and MSG_NO = #msgNo#
	    and TASK_ID='99999' AND STEP_ID='99999' AND CHK_STATUS='13'
	</select>
	<select id="fuheStatusNum" resultClass="java.lang.Integer"
		parameterClass="java.util.HashMap">
		SELECT 
	      count(1) cnt 
	    FROM 
	      ${FTZMIS_SCHEMA}FTZ_OFF_2_DTL
	    WHERE 
	      SUBMIT_DATE = #submitDate#
	    and MSG_NO = #msgNo#
	    and TASK_ID='99999' AND STEP_ID='99999' AND CHK_STATUS='03'
	</select>
	
	<!-- HSBC 定制 通过模板上传文件数据入库之前 先清库操作 S -->
	<delete id="deleteBeforeInsert" parameterClass="com.synesoft.ftzmis.app.common.upload.model.DeleteConfig" >
	    delete from ${FTZMIS_SCHEMA}FTZ_OFF_2_DTL
	    WHERE TASK_ID='99999' AND STEP_ID='99999'  AND CHK_STATUS NOT IN ('13')
	    AND SUBMIT_DATE = #batDate:VARCHAR#    
	    AND MSG_NO = #msgNo:VARCHAR#
	 </delete>
	 <delete id="deleteFtzInBeforeInsert" parameterClass="com.synesoft.ftzmis.app.common.upload.model.DeleteConfig" >
	    delete from ${FTZMIS_SCHEMA}FTZ_IN_TXN_DTL
	    WHERE TASK_ID='99999' AND STEP_ID='99999'  
	    AND MSG_ID IN (SELECT MSG_ID FROM FTZ_IN_MSG_CTL WHERE MSG_NO = #msgNo:VARCHAR# AND WORK_DATE=#batDate:VARCHAR#)
	 </delete>
	 <delete id="deleteFtzOffBeforeInsert" parameterClass="com.synesoft.ftzmis.app.common.upload.model.DeleteConfig" >
	    delete from ${FTZMIS_SCHEMA}FTZ_OFF_TXN_DTL
	    WHERE TASK_ID='99999' AND STEP_ID='99999'  
	    AND MSG_ID IN (SELECT MSG_ID FROM FTZ_OFF_MSG_CTL WHERE MSG_NO = #msgNo:VARCHAR# AND WORK_DATE=#batDate:VARCHAR#)
	 </delete>
	 <delete id="deleteFtzFinBeforeInsert" parameterClass="com.synesoft.ftzmis.app.common.upload.model.DeleteConfig" >
	    delete from ${FTZMIS_SCHEMA}FTZ_FI_FLOW_INF
	    WHERE TASK_ID='99999' AND STEP_ID='99999'  
	    AND TRAN_DATE = #batDate:VARCHAR#    
	    AND MSG_NO = #msgNo:VARCHAR#
	 </delete>
	<!-- HSBC 定制 通过模板上传文件数据入库之前 先清库操作 E -->
</sqlMap>
<!-- Ver2.2.release NO.140 by dbb at 20170208 e -->