<?xml version="1.0" encoding="UTF-8" ?>
<!DOCTYPE sqlMap PUBLIC "-//ibatis.apache.org//DTD SQL Map 2.0//EN" "http://ibatis.apache.org/dtd/sql-map-2.dtd" >
<sqlMap namespace="FTZ_MSG_GENERATE">
	<typeAlias alias="FtzMsgGenerate" type="com.synesoft.ftzmis.domain.model.FtzMsgGenerateParam"/>
	<typeAlias alias="FtzMsgProc" type="com.synesoft.ftzmis.domain.model.FtzMsgProc"/>
	<typeAlias alias="FtzMsgBatch" type="com.synesoft.ftzmis.domain.model.FtzMsgBatch"/>

	<resultMap id="BranchMsgResult" class="FtzMsgGenerate" >
	    <result column="MSG_NO" property="msgNo" jdbcType="CHAR" />
	    <result column="SUBMIT_DATE" property="submitDate" jdbcType="VARCHAR" />
	    <result column="INPUTING" property="inputing" jdbcType="INTEGER" />
	    <result column="COMPLETED" property="completed" jdbcType="INTEGER" />
	    <result column="SUCC" property="succ" jdbcType="INTEGER" />
	    <result column="FAIL" property="fail" jdbcType="INTEGER" />
	    <result column="WAIT_ADD" property="waitingAdd" jdbcType="INTEGER" />
	    <result column="REFUSE" property="refuse" jdbcType="INTEGER" />
	</resultMap>
	<resultMap id="BranchMsgRefuseResult" class="FtzMsgGenerate" >
	    <result column="MSG_NO" property="msgNo" jdbcType="CHAR" />
	    <result column="SUBMIT_DATE" property="submitDate" jdbcType="VARCHAR" />
	    <result column="INPUTING" property="inputing" jdbcType="INTEGER" />
	    <result column="COMPLETED" property="completed" jdbcType="INTEGER" />
	    <result column="SUCC" property="succ" jdbcType="INTEGER" />
	    <result column="FAIL" property="fail" jdbcType="INTEGER" />
	    <result column="REFUSE" property="refuse" jdbcType="INTEGER" />
	</resultMap>
	<resultMap id="MsgCntResult" class="FtzMsgGenerate" >
	    <result column="MSG_ID" property="msgId" jdbcType="VARCHAR" />
	    <result column="CNT" property="cnt" jdbcType="INTEGER" />
	    <result column="MSG_NO" property="msgNo" jdbcType="CHAR" />
	    <result column="SUBMIT_DATE" property="submitDate" jdbcType="CHAR" />
	</resultMap>
	<resultMap id="FtzMsgProcResult" class="FtzMsgProc">
		<result column="ID" property="id" jdbcType="DECIMAL" />
		<result column="MSG_ID" property="msgId" jdbcType="VARCHAR" />
		<result column="MSG_NO" property="msgNo" jdbcType="VARCHAR" />
		<result column="MSG_REF" property="msgRef" jdbcType="VARCHAR" />
		<result column="WORK_DATE" property="workDate" jdbcType="VARCHAR" />
		<result column="MSG_DIRECTION" property="msgDirection" jdbcType="VARCHAR" />
		<result column="MSG_STATUS" property="msgStatus" jdbcType="VARCHAR" />
		<result column="FILE_NAME" property="fileName" jdbcType="VARCHAR" />
		<result column="SEND_TIME" property="sendTime" jdbcType="VARCHAR" />
		<result column="RECEIVE_TIME" property="receiveTime" jdbcType="VARCHAR" />
		<result column="COMM_REPLY_TIME" property="commReplyTime" jdbcType="VARCHAR" />
		<result column="PROC_REPLY_TIME" property="procReplyTime" jdbcType="VARCHAR" />
		<result column="APP_PROC_TIME" property="appProcTime" jdbcType="VARCHAR" />
		<result column="APP_PROC_COUNT" property="appProcCount" jdbcType="DECIMAL" />
		<result column="FAIL_REASON" property="failReason" jdbcType="VARCHAR" />
		<result column="RSV1" property="rsv1" jdbcType="VARCHAR" />
		<result column="RSV2" property="rsv2" jdbcType="VARCHAR" />
		<result column="RSV3" property="rsv3" jdbcType="VARCHAR" />
	</resultMap>
	<resultMap id="MsgProcResult" class="FtzMsgGenerate" >
	    <result column="SRC" property="src" jdbcType="VARCHAR" />
	    <result column="MSG_NO" property="msgNo" jdbcType="CHAR" />
	    <result column="WAITING" property="waiting" jdbcType="INTEGER" />
	    <result column="SUCC" property="succ" jdbcType="INTEGER" />
	    <result column="FAIL" property="fail" jdbcType="INTEGER" />
	</resultMap>

	<select id="selectMsgList" 
			parameterClass="FtzMsgGenerate" 
			resultMap="BranchMsgResult">
		SELECT MSG_NO,
		       SUBMIT_DATE,
		       DECODE(INPUTING, NULL, 0, INPUTING) INPUTING,
		       DECODE(COMPLETED, NULL, 0, COMPLETED) COMPLETED,
		       DECODE(SUCC, NULL, 0, SUCC) SUCC,
		       DECODE(FAIL, NULL, 0, FAIL) FAIL,
		       DECODE(WAIT_ADD, NULL, 0, WAIT_ADD) WAIT_ADD,
		       DECODE(REFUSE, NULL, 0, REFUSE) REFUSE
		  FROM (SELECT MSG_NO,
		               SUBMIT_DATE,
		               SUM(DECODE(MSG_STATUS, '01', CNT)) INPUTING,
		               SUM(DECODE(MSG_STATUS, '02', CNT)) COMPLETED,
		               SUM(DECODE(MSG_STATUS, '03', CNT)) SUCC,
		               SUM(DECODE(MSG_STATUS, '04', CNT)) FAIL,
		               SUM(DECODE(MSG_STATUS, '30', CNT)) WAIT_ADD,
		               SUM(DECODE(MSG_STATUS, '14', CNT)) REFUSE
		          FROM (SELECT COUNT(*) CNT,
		                       FTZ_IN_MSG_CTL.MSG_STATUS,
		                       FTZ_IN_MSG_CTL.MSG_NO,
		                       FTZ_IN_MSG_CTL.SUBMIT_DATE
		                  FROM ${FTZMIS_SCHEMA}FTZ_IN_MSG_CTL
		                 WHERE FTZ_IN_MSG_CTL.BLANK_FLAG = '0'
		                   AND FTZ_IN_MSG_CTL.MSG_STATUS IN ('01', '02', '03', '04', '30', '14')
		                   AND FTZ_IN_MSG_CTL.SUBMIT_DATE=#submitDate#
		                   AND (FTZ_IN_MSG_CTL.MSG_RETURN_STATUS IS NULL or FTZ_IN_MSG_CTL.MSG_RETURN_STATUS &lt;&gt; '0')
		                   <isNotEmpty property="msgNos" prepend="AND">
						   	<iterate property="msgNos" open=" FTZ_IN_MSG_CTL.MSG_NO IN (" close=")" conjunction=",">
								#msgNos[]#
							</iterate>
						   </isNotEmpty>
		                 GROUP BY FTZ_IN_MSG_CTL.MSG_STATUS,
		                          FTZ_IN_MSG_CTL.MSG_NO,
		                          FTZ_IN_MSG_CTL.SUBMIT_DATE
		                union all
		                SELECT COUNT(*) CNT,
		                       FTZ_OFF_MSG_CTL.MSG_STATUS,
		                       FTZ_OFF_MSG_CTL.MSG_NO,
		                       FTZ_OFF_MSG_CTL.WORK_DATE SUBMIT_DATE
		                  FROM ${FTZMIS_SCHEMA}FTZ_OFF_MSG_CTL
		                 WHERE  FTZ_OFF_MSG_CTL.MSG_STATUS IN ('01', '02', '03', '04', '30', '14')
		                 AND FTZ_OFF_MSG_CTL.WORK_DATE=#submitDate#
		                 AND (FTZ_OFF_MSG_CTL.MSG_RETURN_STATUS IS NULL or FTZ_OFF_MSG_CTL.MSG_RETURN_STATUS &lt;&gt; '0')
		                 <isNotEmpty property="msgNos" prepend="AND">
							<iterate property="msgNos" open=" FTZ_OFF_MSG_CTL.MSG_NO IN (" close=")" conjunction=",">
								#msgNos[]#
							</iterate>
		                 </isNotEmpty>
		                 GROUP BY FTZ_OFF_MSG_CTL.MSG_STATUS, FTZ_OFF_MSG_CTL.MSG_NO,FTZ_OFF_MSG_CTL.WORK_DATE
		               <isEqual property="actFlag" compareValue="1"> 
		                union all
	                    SELECT COUNT(*) CNT,
	                           FTZ_ACT_MSTR.MSG_STATUS,
	                           '210501' MSG_NO,
	                           FTZ_ACT_MSTR.SUBMIT_DATE
	                      FROM ${FTZMIS_SCHEMA}FTZ_ACT_MSTR
	                    <!-- Ver2.2.release NO.161 by dbb at 20180807 s -->
	                    WHERE<!--  (FTZ_ACT_MSTR.MSG_RETURN_STATUS IS NULL  or FTZ_ACT_MSTR.MSG_RETURN_STATUS &lt;&gt; '0')
	                    AND -->
	                    (FTZ_ACT_MSTR.RSV1='1' or FTZ_ACT_MSTR.RSV1 is null) AND 
	                    <!-- Ver2.2.release NO.161 by dbb at 20180807 e -->
	                     FTZ_ACT_MSTR.OPERTYPE IN ('1', '2', '3')
	                     AND FTZ_ACT_MSTR.ACC_TYPE IN ('01','02','03','04','05')
	                     AND FTZ_ACT_MSTR.MSG_STATUS IN ('01', '02', '03', '04', '30','14')<!-- update by wjm 20140926 打包状态为14-人行拒绝 -->
	                     AND FTZ_ACT_MSTR.SUBMIT_DATE=#submitDate#
	                     GROUP BY FTZ_ACT_MSTR.MSG_STATUS, FTZ_ACT_MSTR.SUBMIT_DATE
	                     </isEqual>
	                     <!-- Ver2.0.1.release start add by hlj at 20150716 持仓信息报文发送 -->
	                     <!-- Ver2.2.release NO.140 by dbb at 20170208 s -->
	                     <!-- UNION ALL
	                     SELECT COUNT(*) CNT,
		                       FTZ_HD_DTL.CHK_STATUS AS MSG_STATUS,
		                       '210801' AS MSG_NO,
		                       FTZ_HD_DTL.POSITION_DATE AS SUBMIT_DATE
		                  FROM ${FTZMIS_SCHEMA}FTZ_HD_DTL
		                 WHERE  FTZ_HD_DTL.CHK_STATUS IN ('01', '02', '03', '04', '30', '14')
		                 AND FTZ_HD_DTL.POSITION_DATE=#submitDate#
		                 AND (FTZ_HD_DTL.MSG_RETURN_STATUS IS NULL or FTZ_HD_DTL.MSG_RETURN_STATUS &lt;&gt; '0')
		                 <isNotEmpty property="msgNos" prepend="AND">
							<iterate property="msgNos" open=" FTZ_HD_DTL.MSG_NO IN (" close=")" conjunction=",">
								#msgNos[]#
							</iterate>
		                 </isNotEmpty>
		                 GROUP BY FTZ_HD_DTL.CHK_STATUS, FTZ_HD_DTL.MSG_NO,FTZ_HD_DTL.POSITION_DATE -->
		                  <!-- Ver2.0.1.release end add by hlj at 20150716 持仓信息报文发送 -->
		                  UNION ALL
	                     SELECT COUNT(*) CNT,
		                       CHK_STATUS AS MSG_STATUS,
		                       MSG_NO,
		                       SUBMIT_DATE
		                  FROM ${FTZMIS_SCHEMA}FTZ_OFF_2_DTL
		                 WHERE  CHK_STATUS IN ('01', '02', '03', '04', '30', '14')
		                 AND SUBMIT_DATE=#submitDate#
		                 AND (MSG_RETURN_STATUS IS NULL or MSG_RETURN_STATUS &lt;&gt; '0')
		                 <isNotEmpty property="msgNos" prepend="AND">
							<iterate property="msgNos" open="MSG_NO IN (" close=")" conjunction=",">
								#msgNos[]#
							</iterate>
		                 </isNotEmpty>
		                 GROUP BY CHK_STATUS, MSG_NO,SUBMIT_DATE
		            <!-- Ver2.2.release NO.140 by dbb at 20170208 e -->
		             )
		         GROUP BY MSG_NO, SUBMIT_DATE
			  )
		 ORDER BY MSG_NO, SUBMIT_DATE
	</select>
	
	<select id="selectSubmitDateList" 
			parameterClass="FtzMsgGenerate" 
			resultClass="java.lang.String">
		SELECT DISTINCT 
			SUBMIT_DATE
		FROM 
			${FTZMIS_SCHEMA}FTZ_IN_MSG_CTL 
		WHERE 
			BLANK_FLAG = #blankFlag# AND
			MSG_STATUS = '03' AND
			MSG_NO = #msgNo# 
		UNION
		SELECT DISTINCT 
			WORK_DATE
		FROM 
			${FTZMIS_SCHEMA}FTZ_OFF_MSG_CTL 
		WHERE 
			MSG_STATUS = '03' AND
			MSG_NO = #msgNo# 
			<!-- 空报文不查表外 -->
			<isEqual property="blankFlag" compareValue="1" prepend="and">
			   1=2
			</isEqual>
	</select>

	<select id="selectTxnList" 
			parameterClass="FtzMsgGenerate" 
			resultMap="MsgCntResult">
   	SELECT MainTable.MSG_ID, MSG_NO, SUBMIT_DATE, (case when SubTable.CNT is null then 0 else SubTable.CNT end) CNT
	  from (SELECT MSG_ID, MSG_NO, SUBMIT_DATE
	          FROM ${FTZMIS_SCHEMA}FTZ_IN_MSG_CTL
	         WHERE 
	           FTZ_IN_MSG_CTL.MSG_STATUS ='03' AND
	 			     FTZ_IN_MSG_CTL.MSG_NO = #msgNo# AND 
	 			     FTZ_IN_MSG_CTL.BLANK_FLAG = #blankFlag# AND
	 			     FTZ_IN_MSG_CTL.SUBMIT_DATE = #submitDate# 
	 			     and FTZ_IN_MSG_CTL.MSG_NO not like '21060%'
	 			     ) 
	  MainTable
	  left join (SELECT MSG_ID, COUNT(1) CNT
	               from ${FTZMIS_SCHEMA}FTZ_in_txn_dtl
	              WHERE 
	                 msg_id in (SELECT MSG_ID
	                                 FROM ${FTZMIS_SCHEMA}FTZ_IN_MSG_CTL
	                                WHERE 
	                                  FTZ_IN_MSG_CTL.MSG_STATUS ='03' AND
	 			                            FTZ_IN_MSG_CTL.MSG_NO = #msgNo# AND 
	 			                            FTZ_IN_MSG_CTL.BLANK_FLAG = #blankFlag# AND
	 			                            FTZ_IN_MSG_CTL.SUBMIT_DATE = #submitDate#
	 			                            )
             <isEqual property="blankFlag" compareValue="0">
            	<isEqual property="sendFlag" compareValue="A" prepend="AND">
             		(FTZ_IN_TXN_DTL.DTL_SEND_STATUS ='0' OR FTZ_IN_TXN_DTL.DTL_SEND_STATUS IS NULL )
              </isEqual>
              <isEqual property="sendFlag" compareValue="C" prepend="AND">
                  FTZ_IN_TXN_DTL.DTL_SEND_STATUS = '2'
              </isEqual>
              <isEqual property="sendFlag" compareValue="D" prepend="AND">
                  FTZ_IN_TXN_DTL.DTL_SEND_STATUS = '3'
              </isEqual>
            </isEqual>
              GROUP BY MSG_ID) 
	   SubTable
	   ON MainTable.MSG_ID = SubTable.MSG_ID
 		union all
 		SELECT 
 			FTZ_OFF_MSG_CTL.MSG_ID,
 			FTZ_OFF_MSG_CTL.MSG_NO,
 			FTZ_OFF_MSG_CTL.WORK_DATE SUBMIT_DATE,
 			COUNT(*) CNT
 		FROM 
 			${FTZMIS_SCHEMA}FTZ_OFF_MSG_CTL 
 		LEFT JOIN 
 			${FTZMIS_SCHEMA}FTZ_OFF_TXN_DTL ON 
 			FTZ_OFF_MSG_CTL.MSG_ID = FTZ_OFF_TXN_DTL.MSG_ID 
 		WHERE 
 			FTZ_OFF_MSG_CTL.MSG_STATUS ='03' AND 
 			FTZ_OFF_MSG_CTL.MSG_NO = #msgNo# 
 			AND FTZ_OFF_MSG_CTL.WORK_DATE = #submitDate#
 			<isEqual property="sendFlag" compareValue="A" prepend="AND">
 				(FTZ_OFF_TXN_DTL.DTL_SEND_STATUS IN ('0') OR FTZ_OFF_TXN_DTL.DTL_SEND_STATUS IS NULL )
 			</isEqual>
 			<isEqual property="sendFlag" compareValue="C" prepend="AND">
 				FTZ_OFF_TXN_DTL.DTL_SEND_STATUS = '2'
 			</isEqual>
 			<isEqual property="sendFlag" compareValue="D" prepend="AND">
 				FTZ_OFF_TXN_DTL.DTL_SEND_STATUS = '3'
 			</isEqual>
 			<!-- 空报文不查表外 -->
			<isEqual property="blankFlag" compareValue="1" prepend="and">
			   1=2
			</isEqual>
 		GROUP BY 
 			FTZ_OFF_MSG_CTL.MSG_ID,
 			FTZ_OFF_MSG_CTL.MSG_NO,
 			FTZ_OFF_MSG_CTL.WORK_DATE
 		union all
 		SELECT 
 			FTZ_ACT_MSTR.ACCOUNT_NO||'_'||FTZ_ACT_MSTR.SUB_ACCOUNT_NO||'_'||FTZ_ACT_MSTR.CURRENCY MSG_ID,<!-- 将accOrgCode改为currency by hhb 2014-07-09 -->
 			'210501' MSG_NO,
 			FTZ_ACT_MSTR.SUBMIT_DATE,
 			COUNT(*) CNT
 		FROM
 			${FTZMIS_SCHEMA}FTZ_ACT_MSTR
 		WHERE
 			 '210501' = #msgNo# 
 			 AND FTZ_ACT_MSTR.SUBMIT_DATE = #submitDate#
			 AND FTZ_ACT_MSTR.ACC_TYPE IN ('01','02','03','04','05')
			 AND FTZ_ACT_MSTR.MSG_STATUS = '03'
			 AND FTZ_ACT_MSTR.OPERTYPE IN ('1', '2', '3')
			<!-- 重新取RSV1作为新增/修改/删除的标志字段 modify by hhb -->
			<isEqual property="sendFlag" compareValue="A" prepend="AND">
 			(FTZ_ACT_MSTR.RSV1 = '1' OR FTZ_ACT_MSTR.RSV1 IS NULL)
 			</isEqual>
 			<isEqual property="sendFlag" compareValue="C" prepend="AND">
 			FTZ_ACT_MSTR.RSV1 = '2'
 			</isEqual>
 			<isEqual property="sendFlag" compareValue="D" prepend="AND">
 			FTZ_ACT_MSTR.RSV1 = '3'
 			</isEqual>
 		GROUP BY
 			FTZ_ACT_MSTR.ACCOUNT_NO || '_' || FTZ_ACT_MSTR.SUB_ACCOUNT_NO || '_' ||FTZ_ACT_MSTR.CURRENCY,
          	FTZ_ACT_MSTR.SUBMIT_DATE
        union all
 		SELECT 
 			HIS.ACCOUNT_NO||'_'||HIS.SUB_ACCOUNT_NO||'_'||HIS.CURRENCY||'_'||HIS.SUBMIT_DATE MSG_ID,<!-- 将accOrgCode改为currency by hhb 2014-07-09 -->
 			'210501' MSG_NO,
 			HIS.SUBMIT_DATE,
 			COUNT(*) CNT
 		FROM
 			${FTZMIS_SCHEMA}FTZ_ACT_MSTR_HISTORY HIS
 		WHERE
 			 '210501' = #msgNo# 
 			 AND HIS.SUBMIT_DATE = #submitDate#
			 AND HIS.ACC_TYPE IN ('01','02','03','04','05')
			 AND HIS.MSG_STATUS = '03'
			 AND HIS.OPERTYPE IN ('1', '2', '3')
			<!-- 重新取RSV1作为新增/修改/删除的标志字段 modify by hhb -->
			<isEqual property="sendFlag" compareValue="A" prepend="AND">
 			(HIS.RSV1 = '1' OR HIS.RSV1 IS NULL)
 			</isEqual>
 			<isEqual property="sendFlag" compareValue="C" prepend="AND">
 			HIS.RSV1 = '2'
 			</isEqual>
 			<isEqual property="sendFlag" compareValue="D" prepend="AND">
 			HIS.RSV1 = '3'
 			</isEqual>
 		GROUP BY
 			HIS.ACCOUNT_NO || '_' || HIS.SUB_ACCOUNT_NO || '_' ||HIS.CURRENCY||'_'||HIS.SUBMIT_DATE,
          	HIS.SUBMIT_DATE
         <!-- Ver2.0.1.release start add by hlj at 20150716-->
        <!-- Ver2.2.release NO.140 by dbb at 20170208 s -->
        <!-- union all
 		SELECT 
 			FTZ_HD_DTL.MSG_ID,
 			'210801' AS MSG_NO,
 			FTZ_HD_DTL.POSITION_DATE SUBMIT_DATE,
 			COUNT(*) CNT
 		FROM 
 			${FTZMIS_SCHEMA}FTZ_HD_DTL 
 		WHERE 
 			FTZ_HD_DTL.CHK_STATUS ='03' 
 			AND FTZ_HD_DTL.MSG_NO = #msgNo# 
 			AND FTZ_HD_DTL.POSITION_DATE = #submitDate#
 			<isEqual property="sendFlag" compareValue="A" prepend="AND">
 				(FTZ_HD_DTL.DTL_SEND_STATUS IN ('0') OR FTZ_HD_DTL.DTL_SEND_STATUS IS NULL )
 			</isEqual>
 			<isEqual property="sendFlag" compareValue="C" prepend="AND">
 				FTZ_HD_DTL.DTL_SEND_STATUS = '2'
 			</isEqual>
 			<isEqual property="sendFlag" compareValue="D" prepend="AND">
 				FTZ_HD_DTL.DTL_SEND_STATUS = '3'
 			</isEqual>
 		GROUP BY 
 			FTZ_HD_DTL.MSG_ID,
 			FTZ_HD_DTL.MSG_NO,
 			FTZ_HD_DTL.POSITION_DATE -->
 			<!-- Ver2.2.release NO.140 by dbb at 20170208 e -->
 		<!-- Ver2.0.1.release end add by hlj at 20150716-->
 		union all
 		SELECT MainTable.MSG_ID, MSG_NO, SUBMIT_DATE, (case when SubTable.CNT is null then 0 else SubTable.CNT end) CNT
	  	from (SELECT MSG_ID, MSG_NO, SUBMIT_DATE
	          FROM ${FTZMIS_SCHEMA}FTZ_IN_MSG_CTL
	         WHERE 
	           FTZ_IN_MSG_CTL.MSG_STATUS ='03' AND
	 			     FTZ_IN_MSG_CTL.MSG_NO = #msgNo# AND 
	 			     FTZ_IN_MSG_CTL.BLANK_FLAG = #blankFlag# AND
	 			     FTZ_IN_MSG_CTL.SUBMIT_DATE = #submitDate# 
	 			     and FTZ_IN_MSG_CTL.MSG_NO like '21060%'
	 			     ) 
	 	MainTable
	  	left join (SELECT MSG_ID, COUNT(1) CNT
	               from ${FTZMIS_SCHEMA}FTZ_RT_dtl
	              WHERE 
	                 1=1
             <isEqual property="blankFlag" compareValue="0">
            	<!--//Ver2.0.1.release NO.123 by dbb at 20160418 s-->
            	<isEqual property="sendFlag" compareValue="A" prepend="AND">
             		(FTZ_RT_dtl.DTL_SEND_STATUS = '0' OR FTZ_RT_dtl.DTL_SEND_STATUS IS NULL )
              </isEqual>
              <isEqual property="sendFlag" compareValue="AD" prepend="AND">
             	  FTZ_RT_dtl.DTL_SEND_STATUS = '4' 
              </isEqual>
              <!--//Ver2.0.1.release NO.123 by dbb at 20160418 e-->
              <isEqual property="sendFlag" compareValue="C" prepend="AND">
                  FTZ_RT_dtl.DTL_SEND_STATUS = '2'
              </isEqual>
              <isEqual property="sendFlag" compareValue="D" prepend="AND">
                  FTZ_RT_dtl.DTL_SEND_STATUS = '3'
              </isEqual>
            </isEqual>
              GROUP BY MSG_ID) 
	   SubTable
	   ON MainTable.MSG_ID = SubTable.MSG_ID
	   <!-- Ver2.2.release NO.140 by dbb at 20170208 s -->
	   union all
		SELECT 
			MSG_ID,	MSG_NO,	SUBMIT_DATE, COUNT(*) CNT
		FROM 
			${FTZMIS_SCHEMA}FTZ_OFF_2_DTL 
		WHERE 
			CHK_STATUS ='03' 
			AND MSG_NO = #msgNo# 
			AND SUBMIT_DATE = #submitDate#
			<isEqual property="sendFlag" compareValue="A" prepend="AND">
				(DTL_SEND_STATUS IN ('0') OR DTL_SEND_STATUS IS NULL )
			</isEqual>
			<isEqual property="sendFlag" compareValue="C" prepend="AND">
				DTL_SEND_STATUS = '2'
			</isEqual>
			<isEqual property="sendFlag" compareValue="D" prepend="AND">
				DTL_SEND_STATUS = '3'
			</isEqual>
		GROUP BY 
			MSG_ID,MSG_NO,SUBMIT_DATE
			<!-- Ver2.2.release NO.140 by dbb at 20170208 e -->
	</select>

	<select id="selectTxn" 
			parameterClass="FtzMsgGenerate" 
			resultClass="java.lang.Integer">
   		SELECT 
 			COUNT(*)
 		FROM 
 			${FTZMIS_SCHEMA}FTZ_MSG_BATCH
 		WHERE 
			MSG_ID = #msgId# AND
			MSG_NO = #msgNo#
	</select>

	<select id="selectMsg" 
			parameterClass="FtzMsgProc" 
			resultMap="FtzMsgProcResult">
   		SELECT 
 			*
 		FROM 
 			${FTZMIS_SCHEMA}FTZ_MSG_PROC
 		WHERE 
			MSG_ID = #msgId# AND
			MSG_NO = #msgNo#
	</select>

	<insert id="insertMap" 
			parameterClass="FtzMsgBatch">
   		INSERT INTO 
   			${FTZMIS_SCHEMA}FTZ_MSG_BATCH
 		(
 			ID, MSG_ID, MSG_NO, STEP_ID, BAT_DATE, TASK_ID,RSV1,RSV2,RSV3,RSV4,RSV5,RSV6
 		) VALUES (
 			#id#, #msgId#, #msgNo#, #stepId#, #batDate#, #taskId#, #rsv1#, #rsv2#, #rsv3#, #rsv4#, #rsv5#, #rsv6#
 		) 
	</insert>
	
	<select id="selectMsgProcResult"
			parameterClass="FtzMsgGenerate"
			resultMap="MsgProcResult">
		SELECT 
			SRC, 
			MSG_NO, 
			DECODE(SUM(DECODE(MSG_STATUS, '10', CNT)), NULL, '0', SUM(DECODE(MSG_STATUS, '10', CNT))) WAITING,  
			DECODE(SUM(DECODE(MSG_STATUS, '11', CNT)), NULL, '0', SUM(DECODE(MSG_STATUS, '11', CNT))) SUCC,  
			DECODE(SUM(DECODE(MSG_STATUS, '12', CNT)), NULL, '0', SUM(DECODE(MSG_STATUS, '12', CNT)))  FAIL 
		FROM (
				SELECT 
					SRC, MSG_NO, MSG_STATUS, COUNT(*) CNT 
				FROM 
					${FTZMIS_SCHEMA}FTZ_MSG_PROC 
				WHERE 
					WORK_DATE = #workDate#
					<isNotEmpty property="branchs" prepend="AND">
					<iterate property="branchs" open=" SRC IN (" close=")" conjunction=",">
					#branchs[]#
					</iterate>
					</isNotEmpty>
					<isNotEmpty property="msgNos" prepend="AND">
					<iterate property="msgNos" open=" MSG_NO IN (" close=")" conjunction=",">
					#msgNos[]#
					</iterate>
					</isNotEmpty>
				GROUP BY 
					SRC, MSG_NO, MSG_STATUS
		) GROUP BY SRC,MSG_NO
	</select>
	
	<insert id="insertMsg" parameterClass="FtzMsgProc">
		insert into ${FTZMIS_SCHEMA}FTZ_MSG_PROC (ID, VER, SRC, APP, DES, MSG_ID, MSG_NO, MSG_REF, WORK_DATE, 
		EDIT_FLAG, RESERVE,
		MSG_DIRECTION, MSG_STATUS, FILE_NAME,
		SEND_TIME, RECEIVE_TIME, COMM_REPLY_TIME, PROC_REPLY_TIME,
		APP_PROC_TIME, APP_PROC_COUNT, FAIL_REASON, RSV1, RSV2, RSV3)
		values
		(#id:NUMBER#, #ver:VARCHAR#, #src:VARCHAR#, #app:VARCHAR#, #des:VARCHAR#, #msgId:VARCHAR#, #msgNo:VARCHAR#, #msgRef:VARCHAR#, #workDate:VARCHAR#,
		#editFlag:CHAR#, #reserve:VARCHAR#,
		#msgDirection:VARCHAR#, #msgStatus:VARCHAR#, #fileName:VARCHAR#,
		#sendTime:VARCHAR#, #receiveTime:VARCHAR#, #commReplyTime:VARCHAR#,
		#procReplyTime:VARCHAR#, #appProcTime:VARCHAR#, #appProcCount:DECIMAL#,
		#failReason:VARCHAR#, #rsv1:VARCHAR#, #rsv2:VARCHAR#, #rsv3:VARCHAR#)
	</insert>
	
	<!-- blank batch procedure -->
	<parameterMap id="blankBatchProcParam" class="FtzMsgGenerate" >        
		<parameter property="accountNo" jdbcType="VARCHAR" javaType="java.lang.String" mode="IN"/>      
		<parameter property="subAccountNo" jdbcType="VARCHAR" javaType="java.lang.String" mode="IN"/>        
		<parameter property="submitDate" jdbcType="VARCHAR" javaType="java.lang.String" mode="IN"/>         
		<parameter property="workDate" jdbcType="VARCHAR" javaType="java.lang.String" mode="IN"/>        
	</parameterMap>   
	<procedure id="blankBatchProc" parameterMap="blankBatchProcParam">
		{call BLANK_BATCH_PROC(?, ?, ?, ?)}       
	</procedure>
	
	<!-- 查询使用关联账户的单位存款的批量列表 -->
	<select id="queryLinkActCtls" parameterClass="java.util.ArrayList" 
		resultClass="com.synesoft.ftzmis.domain.model.FtzInMsgCtl">
		SELECT MSG_ID msgId, ACCOUNT_NO accountNo, SUB_ACCOUNT_NO subAccountNo, CURRENCY currency
		FROM ${FTZMIS_SCHEMA}FTZ_IN_MSG_CTL
		WHERE MSG_NO='210101'
		AND ACC_TYPE='11'
		AND MSG_STATUS='03'
		<iterate open="AND SUBMIT_DATE IN (" close=")" conjunction=",">
        	#dateList[]#
		</iterate>
	</select>
	
	<!-- 使用关联账户的单位存款首次报送打包 -->
	<select id="query11TxnList" parameterClass="FtzMsgGenerate" 
			resultMap="MsgCntResult">
   		SELECT 
 			FTZ_IN_MSG_CTL.MSG_ID,
 			FTZ_IN_MSG_CTL.MSG_NO,
 			FTZ_IN_MSG_CTL.SUBMIT_DATE,
 			COUNT(FTZ_IN_TXN_DTL.MSG_ID) CNT
 		FROM 
 			${FTZMIS_SCHEMA}FTZ_IN_MSG_CTL 
 		LEFT JOIN 
 			${FTZMIS_SCHEMA}FTZ_IN_TXN_DTL ON 
 			FTZ_IN_MSG_CTL.MSG_ID = FTZ_IN_TXN_DTL.MSG_ID 
 		WHERE 1=1
 		<isNotEmpty property="msgIds" prepend="AND">
			FTZ_IN_MSG_CTL.MSG_ID IN
		   <iterate property="msgIds" open="(" close=")" conjunction="," >
	           #msgIds[]# 
	       </iterate>
 		</isNotEmpty>
		<isEqual property="blankFlag" compareValue="0">
 			<isEqual property="sendFlag" compareValue="A" prepend="AND">
 			(FTZ_IN_TXN_DTL.DTL_SEND_STATUS IN ('0') OR FTZ_IN_TXN_DTL.DTL_SEND_STATUS IS NULL )
 			</isEqual>
 			<isEqual property="sendFlag" compareValue="C" prepend="AND">
 			FTZ_IN_TXN_DTL.DTL_SEND_STATUS = '2'
 			</isEqual>
 			<isEqual property="sendFlag" compareValue="D" prepend="AND">
 			FTZ_IN_TXN_DTL.DTL_SEND_STATUS = '3'
 			</isEqual>
 		</isEqual>
 		GROUP BY 
 			FTZ_IN_MSG_CTL.MSG_ID,
 			FTZ_IN_MSG_CTL.MSG_NO,
 			FTZ_IN_MSG_CTL.SUBMIT_DATE
	</select>
	
	<!-- 根据角色ID查询报文类型列表 -->
	<select id="queryMsgNosByRoleId" parameterClass="java.lang.String" resultClass="java.lang.String">
		select msg_no from ${UMP_SCHEMA}SYS_ROLE_MSGTYPE
		where role_id = #roleId:VARCHAR#
		and relate_flag = '0'
	</select>
	
	<!-- 根据报文类型查询该报文类型有发送成功的数据 -->
	<select id="queryIsNotFirstTimeByMsgNo" parameterClass="java.lang.String" resultClass="java.lang.Integer">
		select count(*) from ${FTZMIS_SCHEMA}FTZ_ACT_MSTR 
		where msg_no = #msgNo:CHAR#
	</select>
	
	<!-- 查询FTZ_MSG_PROC表中是否已有当日该报文类型的报文 ,存在就是发送过-->
	<select id="queryProcByMsgNo" parameterClass="FtzMsgGenerate" resultMap="FTZ_MSG_PROC.FtzMsgProcResult">
		select ID, VER, SRC, DES, APP, MSG_NO, MSG_ID, MSG_REF, WORK_DATE, EDIT_FLAG, RESERVE,
		MSG_DIRECTION, MSG_STATUS, FILE_NAME, SEND_TIME, RECEIVE_TIME, COMM_REPLY_TIME, 
		PROC_REPLY_TIME, APP_PROC_TIME, APP_PROC_COUNT, FAIL_REASON, RSV1, RSV2, RSV3,BAT_DATE,TASK_ID,STEP_ID,RSV4,RSV5,RSV6
		from ${FTZMIS_SCHEMA}FTZ_MSG_PROC 
		where WORK_DATE=#submitDate:CHAR#
		AND MSG_NO=#msgNo:CHAR#
		<!-- AND MSG_STATUS NOT IN('14') -->
	</select>
	
	
	<select id="selectCounts" parameterClass="com.synesoft.ftzmis.domain.model.FtzInMsgCtl"
		resultClass="java.lang.Integer">
		select count(*) from ${FTZMIS_SCHEMA}FTZ_IN_MSG_CTL
		where 
		   (ACC_TYPE = '06' OR ACC_TYPE = '07')
          and SUBMIT_DATE = #submitDate#
          and MSG_NO = #msgNo#
	</select>
</sqlMap>