<?xml version="1.0" encoding="UTF-8" ?>
<!DOCTYPE sqlMap PUBLIC "-//ibatis.apache.org//DTD SQL Map 2.0//EN" "http://ibatis.apache.org/dtd/sql-map-2.dtd" >
<sqlMap namespace="FTZ_IN_TXN_DTL">
	<resultMap id="FtzInTxnDtlResult" class="com.synesoft.ftzmis.domain.model.FtzInTxnDtl">
		<result column="MSG_ID" property="msgId" jdbcType="VARCHAR" />
		<result column="SEQ_NO" property="seqNo" jdbcType="DECIMAL" />
		<result column="CD_FLAG" property="cdFlag" jdbcType="CHAR" />
		<result column="TRAN_DATE" property="tranDate" jdbcType="VARCHAR" />
		<result column="ORG_TRAN_DATE" property="orgTranDate" jdbcType="VARCHAR" />
		<result column="AMOUNT" property="amount" jdbcType="DECIMAL" />
		<result column="OPP_ACCOUNT" property="oppAccount" jdbcType="VARCHAR" />
		<result column="OPP_NAME" property="oppName" jdbcType="VARCHAR" />
		<result column="OPP_BANK_CODE" property="oppBankCode" jdbcType="VARCHAR" />
		<result column="COUNTRY_CODE" property="countryCode" jdbcType="CHAR" />
		<result column="DISITRICT_CODE" property="disitrictCode"
			jdbcType="CHAR" />
		<result column="TRAN_TYPE" property="tranType" jdbcType="CHAR" />
		<result column="TERM_LENGTH" property="termLength" jdbcType="DECIMAL" />
		<result column="TERM_UNIT" property="termUnit" jdbcType="CHAR" />
		<result column="VALUE_DATE" property="valueDate" jdbcType="VARCHAR" />
		<result column="EXPIRE_DATE" property="expireDate" jdbcType="VARCHAR" />
		<result column="INTEREST_RATE" property="interestRate"
			jdbcType="DECIMAL" />
		<result column="ISSUE_AMOUNT" property="issueAmount" jdbcType="DECIMAL" />
		<result column="ASSETS_TYPE" property="assetsType" jdbcType="CHAR" />
		<result column="ASSETS_VALUE" property="assetsValue" jdbcType="DECIMAL" />
		<result column="EXCHANGE_TYPE" property="exchangeType"
			jdbcType="CHAR" />
		<result column="BUY_CURR" property="buyCurr" jdbcType="CHAR" />
		<result column="BUY_AMT" property="buyAmt" jdbcType="DECIMAL" />
		<result column="BUY_RATE" property="buyRate" jdbcType="DECIMAL" />
		<result column="SELL_CURR" property="sellCurr" jdbcType="CHAR" />
		<result column="SELL_AMT" property="sellAmt" jdbcType="DECIMAL" />
		<result column="SELL_RATE" property="sellRate" jdbcType="DECIMAL" />
		<result column="DOCUMENT_TYPE" property="documentType"
			jdbcType="CHAR" />
		<result column="DOCUMENT_NO" property="documentNo" jdbcType="VARCHAR" />
		<result column="LOAN_TYPE" property="loanType" jdbcType="CHAR" />
		<result column="OVERDUE" property="overdue" jdbcType="CHAR" />
		<result column="SECURITIES_TYPE" property="securitiesType"
			jdbcType="CHAR" />
		<result column="SECURITIES_CODE" property="securitiesCode"
			jdbcType="VARCHAR" />
		<result column="OPP_CUS_TYPE" property="oppCusType" jdbcType="CHAR" />
		<result column="CHK_STATUS" property="chkStatus" jdbcType="CHAR" />
		<result column="RSV1" property="rsv1" jdbcType="VARCHAR" />
		<result column="RSV2" property="rsv2" jdbcType="VARCHAR" />
		<result column="RSV3" property="rsv3" jdbcType="VARCHAR" />
		<result column="MAK_USER_ID" property="makUserId" jdbcType="VARCHAR" />
		<result column="MAK_DATETIME" property="makDatetime" jdbcType="VARCHAR" />
		<result column="CHK_USER_ID" property="chkUserId" jdbcType="VARCHAR" />
		<result column="CHK_DATETIME" property="chkDatetime" jdbcType="VARCHAR" />
		<result column="CHK_ADD_WORD" property="chkAddWord" jdbcType="VARCHAR" />
		<result column="DTL_SEND_STATUS" property="dtlSendStatus"
			jdbcType="CHAR" />
		<result column="BAT_DATE" property="batDate" jdbcType="CHAR" />
		<result column="TASK_ID" property="taskId" jdbcType="CHAR" />
		<result column="STEP_ID" property="stepId" jdbcType="CHAR" />
		<result column="RSV4" property="rsv4" jdbcType="VARCHAR" />
		<result column="RSV5" property="rsv5" jdbcType="VARCHAR" />
		<result column="RSV6" property="rsv6" jdbcType="VARCHAR" />
		<result column="TRANS_NO" property="transNo" jdbcType="VARCHAR" />
		<result column="FLOW_FLAG" property="flowFlag" jdbcType="VARCHAR" />
		<result column="REC_ACCOUNT" property="recAccount" jdbcType="VARCHAR" />
		<result column="REC_NAME" property="recName" jdbcType="VARCHAR" />
		<result column="REC_COUNTRY_CODE" property="recCountryCode"
			jdbcType="VARCHAR" />
		<result column="REC_DISTRICT_CODE" property="recDistrictCode"
			jdbcType="VARCHAR" />
	</resultMap>

	<resultMap id="FtzInTxnDtlResult1" class="com.synesoft.ftzmis.domain.model.FtzInTxnDtl">
		<result column="CD_FLAG" property="cdFlag" jdbcType="CHAR" />
		<result column="CD_SUM" property="cdSum" jdbcType="DECIMAL" />
		<result column="CD_COUNT" property="cdCount" jdbcType="INT" />
	</resultMap>

	<select id="selectByPrimaryKey" resultMap="FtzInTxnDtlResult"
		parameterClass="com.synesoft.ftzmis.domain.model.FtzInTxnDtlKey">

		select *
		from ${FTZMIS_SCHEMA}FTZ_IN_TXN_DTL
		where MSG_ID
		= #msgId:VARCHAR#
		and SEQ_NO = #seqNo:DECIMAL#
	</select>

	<select id="selectByMsgId" resultMap="FtzInTxnDtlResult"
		parameterClass="com.synesoft.ftzmis.domain.model.FtzInTxnDtlKey">

		select *
		from ${FTZMIS_SCHEMA}FTZ_IN_TXN_DTL
		where MSG_ID
		=
		#msgId:VARCHAR#
	</select>

	<delete id="deleteByPrimaryKey" parameterClass="com.synesoft.ftzmis.domain.model.FtzInTxnDtlKey">

		delete from
		${FTZMIS_SCHEMA}FTZ_IN_TXN_DTL
		where MSG_ID = #msgId:VARCHAR#
		and SEQ_NO
		=
		#seqNo:DECIMAL#
	</delete>

	<insert id="insert" parameterClass="com.synesoft.ftzmis.domain.model.FtzInTxnDtl">

		insert into
		${FTZMIS_SCHEMA}FTZ_IN_TXN_DTL
		(MSG_ID, SEQ_NO, CD_FLAG, TRAN_DATE,
		TRANS_NO,
		ORG_TRAN_DATE, AMOUNT,
		OPP_ACCOUNT, OPP_NAME, OPP_BANK_CODE,
		COUNTRY_CODE, DISITRICT_CODE,
		TRAN_TYPE,
		TERM_LENGTH,
		TERM_UNIT,
		VALUE_DATE, EXPIRE_DATE,
		INTEREST_RATE, ISSUE_AMOUNT, ASSETS_TYPE,
		ASSETS_VALUE,
		EXCHANGE_TYPE,
		BUY_CURR, BUY_AMT, BUY_RATE, SELL_CURR,
		SELL_AMT, SELL_RATE,
		DOCUMENT_TYPE,
		DOCUMENT_NO, LOAN_TYPE, OVERDUE,
		SECURITIES_TYPE,
		SECURITIES_CODE, OPP_CUS_TYPE,
		CHK_STATUS,
		RSV1, RSV2,
		RSV3,
		MAK_USER_ID, MAK_DATETIME, CHK_USER_ID,
		CHK_DATETIME,CHK_ADD_WORD,DTL_SEND_STATUS,BAT_DATE,TASK_ID,STEP_ID,RSV4,RSV5,RSV6,FLOW_FLAG,REC_ACCOUNT,REC_NAME,REC_COUNTRY_CODE,REC_DISTRICT_CODE)
		values (#msgId:VARCHAR#,
		#seqNo:DECIMAL#, #cdFlag:CHAR#,
		#tranDate:VARCHAR#, #transNo:VARCHAR#,
		#orgTranDate:VARCHAR#,
		#amount:DECIMAL#,
		#oppAccount:VARCHAR#,
		#oppName:VARCHAR#,
		#oppBankCode:VARCHAR#,
		#countryCode:CHAR#,
		#disitrictCode:CHAR#,
		#tranType:CHAR#,
		#termLength:DECIMAL#,
		#termUnit:CHAR#,
		#valueDate:VARCHAR#,
		#expireDate:VARCHAR#,
		#interestRate:DECIMAL#,
		#issueAmount:DECIMAL#,
		#assetsType:CHAR#,
		#assetsValue:DECIMAL#,
		#exchangeType:CHAR#,
		#buyCurr:CHAR#,
		#buyAmt:DECIMAL#,
		#buyRate:DECIMAL#, #sellCurr:CHAR#,
		#sellAmt:DECIMAL#,
		#sellRate:DECIMAL#, #documentType:CHAR#,
		#documentNo:VARCHAR#,
		#loanType:CHAR#, #overdue:CHAR#,
		#securitiesType:CHAR#,
		#securitiesCode:VARCHAR#,
		#oppCusType:CHAR#,
		#chkStatus:CHAR#,
		#rsv1:VARCHAR#, #rsv2:VARCHAR#, #rsv3:VARCHAR#,
		#makUserId:VARCHAR#,
		#makDatetime:VARCHAR#, #chkUserId:VARCHAR#,
		#chkDatetime:VARCHAR#,
		#chkAddWord:VARCHAR#,#dtlSendStatus:CHAR#,
		#batDate:CHAR#,#taskId:CHAR#,#stepId:CHAR#,#rsv4:VARCHAR#,#rsv5:VARCHAR#,#rsv6:VARCHAR#,#flowFlag:VARCHAR#,#recAccount:VARCHAR#,#recName:VARCHAR#,#recCountryCode:VARCHAR#,#recDistrictCode:VARCHAR#)
	</insert>
	<update id="updateByPrimaryKey" parameterClass="com.synesoft.ftzmis.domain.model.FtzInTxnDtl">

		update
		${FTZMIS_SCHEMA}FTZ_IN_TXN_DTL
		set CD_FLAG = #cdFlag:CHAR#,
		TRAN_DATE =
		#tranDate:VARCHAR#,
		ORG_TRAN_DATE = #orgTranDate:VARCHAR#,
		AMOUNT =
		#amount:DECIMAL#,
		OPP_ACCOUNT = #oppAccount:VARCHAR#,
		OPP_NAME =
		#oppName:VARCHAR#,
		OPP_BANK_CODE = #oppBankCode:VARCHAR#,
		COUNTRY_CODE =
		#countryCode:CHAR#,
		DISITRICT_CODE = #disitrictCode:CHAR#,
		TRAN_TYPE =
		#tranType:CHAR#,
		TERM_LENGTH = #termLength:DECIMAL#,
		TERM_UNIT =
		#termUnit:CHAR#,
		VALUE_DATE = #valueDate:VARCHAR#,
		EXPIRE_DATE =
		#expireDate:VARCHAR#,
		INTEREST_RATE = #interestRate:DECIMAL#,
		ISSUE_AMOUNT = #issueAmount:DECIMAL#,
		ASSETS_TYPE = #assetsType:CHAR#,
		ASSETS_VALUE = #assetsValue:DECIMAL#,
		EXCHANGE_TYPE =
		#exchangeType:CHAR#,
		BUY_CURR = #buyCurr:CHAR#,
		BUY_AMT =
		#buyAmt:DECIMAL#,
		BUY_RATE = #buyRate:DECIMAL#,
		SELL_CURR =
		#sellCurr:CHAR#,
		SELL_AMT = #sellAmt:DECIMAL#,
		SELL_RATE =
		#sellRate:DECIMAL#,
		DOCUMENT_TYPE = #documentType:CHAR#,
		DOCUMENT_NO =
		#documentNo:VARCHAR#,
		LOAN_TYPE = #loanType:CHAR#,
		OVERDUE =
		#overdue:CHAR#,
		SECURITIES_TYPE = #securitiesType:CHAR#,
		SECURITIES_CODE = #securitiesCode:VARCHAR#,
		OPP_CUS_TYPE =
		#oppCusType:CHAR#,
		CHK_STATUS = #chkStatus:CHAR#,
		RSV1 = #rsv1:VARCHAR#,
		RSV2 = #rsv2:VARCHAR#,
		RSV3 = #rsv3:VARCHAR#,
		MAK_USER_ID =
		#makUserId:VARCHAR#,
		MAK_DATETIME = #makDatetime:VARCHAR#,
		CHK_USER_ID =
		#chkUserId:VARCHAR#,
		CHK_DATETIME = #chkDatetime:VARCHAR#,
		CHK_ADD_WORD
		= #chkAddWord:VARCHAR#,DTL_SEND_STATUS
		= #dtlSendStatus:VARCHAR#,
		FLOW_FLAG =
		#flowFlag:VARCHAR#,
		REC_ACCOUNT =
		#recAccount:VARCHAR#,
		REC_NAME =
		#recName:VARCHAR#,
		REC_COUNTRY_CODE =
		#recCountryCode:VARCHAR#,
		REC_DISTRICT_CODE =
		#recDistrictCode:VARCHAR#
		where MSG_ID
		= #msgId:VARCHAR#
		and SEQ_NO =
		#seqNo:DECIMAL#
	</update>
	<update id="updateByPrimaryKeySelective" parameterClass="com.synesoft.ftzmis.domain.model.FtzInTxnDtl">

		update ${FTZMIS_SCHEMA}FTZ_IN_TXN_DTL
		<dynamic prepend="set">
			<isNotNull prepend="," property="transNo">
				TRANS_NO = #transNo:CHAR#
			</isNotNull>
			<isNotNull prepend="," property="cdFlag">
				CD_FLAG = #cdFlag:CHAR#
			</isNotNull>
			<isNotNull prepend="," property="tranDate">
				TRAN_DATE =
				#tranDate:VARCHAR#
			</isNotNull>
			<isNotNull prepend="," property="orgTranDate">
				ORG_TRAN_DATE =
				#orgTranDate:VARCHAR#
			</isNotNull>
			<isNotNull prepend="," property="amount">
				AMOUNT = #amount:DECIMAL#
			</isNotNull>
			<isNotNull prepend="," property="oppAccount">
				OPP_ACCOUNT =
				#oppAccount:VARCHAR#
			</isNotNull>
			<isNotNull prepend="," property="oppName">
				OPP_NAME =
				#oppName:VARCHAR#
			</isNotNull>
			<isNotNull prepend="," property="oppBankCode">
				OPP_BANK_CODE =
				#oppBankCode:VARCHAR#
			</isNotNull>
			<isNotNull prepend="," property="countryCode">
				COUNTRY_CODE =
				#countryCode:CHAR#
			</isNotNull>
			<isNotNull prepend="," property="disitrictCode">
				DISITRICT_CODE =
				#disitrictCode:CHAR#
			</isNotNull>
			<isNotNull prepend="," property="tranType">
				TRAN_TYPE = #tranType:CHAR#
			</isNotNull>
			<isNotNull prepend="," property="termLength">
				TERM_LENGTH =
				#termLength:DECIMAL#
			</isNotNull>
			<isEqual prepend="," property="rsv3" compareValue="1">
				TERM_LENGTH = #termLength:DECIMAL#
			</isEqual>
			<isNotNull prepend="," property="termUnit">
				TERM_UNIT = #termUnit:CHAR#
			</isNotNull>
			<isNotNull prepend="," property="valueDate">
				VALUE_DATE =
				#valueDate:VARCHAR#
			</isNotNull>
			<isNotNull prepend="," property="expireDate">
				EXPIRE_DATE =
				#expireDate:VARCHAR#
			</isNotNull>
			<isNotNull prepend="," property="interestRate">
				INTEREST_RATE =
				#interestRate:DECIMAL#
			</isNotNull>
			<isNotNull prepend="," property="issueAmount">
				ISSUE_AMOUNT =
				#issueAmount:DECIMAL#
			</isNotNull>
			<isNotNull prepend="," property="assetsType">
				ASSETS_TYPE =
				#assetsType:CHAR#
			</isNotNull>
			<isNotNull prepend="," property="assetsValue">
				ASSETS_VALUE =
				#assetsValue:DECIMAL#
			</isNotNull>
			<isNotNull prepend="," property="exchangeType">
				EXCHANGE_TYPE =
				#exchangeType:CHAR#
			</isNotNull>
			<isNotNull prepend="," property="buyCurr">
				BUY_CURR = #buyCurr:CHAR#
			</isNotNull>
			<isNotNull prepend="," property="buyAmt">
				BUY_AMT = #buyAmt:DECIMAL#
			</isNotNull>
			<isNotNull prepend="," property="buyRate">
				BUY_RATE =
				#buyRate:DECIMAL#
			</isNotNull>
			<isNotNull prepend="," property="sellCurr">
				SELL_CURR = #sellCurr:CHAR#
			</isNotNull>
			<isNotNull prepend="," property="sellAmt">
				SELL_AMT =
				#sellAmt:DECIMAL#
			</isNotNull>
			<isNotNull prepend="," property="sellRate">
				SELL_RATE =
				#sellRate:DECIMAL#
			</isNotNull>
			<isNotNull prepend="," property="documentType">
				DOCUMENT_TYPE =
				#documentType:CHAR#
			</isNotNull>
			<isNotNull prepend="," property="documentNo">
				DOCUMENT_NO =
				#documentNo:VARCHAR#
			</isNotNull>
			<isNotNull prepend="," property="loanType">
				LOAN_TYPE = #loanType:CHAR#
			</isNotNull>
			<isNotNull prepend="," property="overdue">
				OVERDUE = #overdue:CHAR#
			</isNotNull>
			<isNotNull prepend="," property="securitiesType">
				SECURITIES_TYPE =
				#securitiesType:CHAR#
			</isNotNull>
			<isNotNull prepend="," property="securitiesCode">
				SECURITIES_CODE =
				#securitiesCode:VARCHAR#
			</isNotNull>
			<isNotNull prepend="," property="oppCusType">
				OPP_CUS_TYPE =
				#oppCusType:CHAR#
			</isNotNull>
			<isNotNull prepend="," property="chkStatus">
				CHK_STATUS =
				#chkStatus:CHAR#
			</isNotNull>
			<isNotNull prepend="," property="makUserId">
				MAK_USER_ID =
				#makUserId:VARCHAR#
			</isNotNull>
			<isNotNull prepend="," property="makDatetime">
				MAK_DATETIME =
				#makDatetime:VARCHAR#
			</isNotNull>
			<isNotNull prepend="," property="chkUserId">
				CHK_USER_ID =
				#chkUserId:VARCHAR#
			</isNotNull>
			<isNotNull prepend="," property="chkDatetime">
				CHK_DATETIME =
				#chkDatetime:VARCHAR#
			</isNotNull>
			<isNotNull prepend="," property="chkAddWord">
				CHK_ADD_WORD =
				#chkAddWord:VARCHAR#
			</isNotNull>
			<isNotNull prepend="," property="dtlSendStatus">
				DTL_SEND_STATUS =
				#dtlSendStatus:CHAR#
			</isNotNull>
			<isNotNull prepend="," property="flowFlag">
				FLOW_FLAG =
				#flowFlag:VARCHAR#
			</isNotNull>
			<isNotNull prepend="," property="recAccount">
				REC_ACCOUNT =
				#recAccount:VARCHAR#
			</isNotNull>
			<isNotNull prepend="," property="recName">
				REC_NAME =
				#recName:VARCHAR#
			</isNotNull>
			<isNotNull prepend="," property="recCountryCode">
				REC_COUNTRY_CODE =
				#recCountryCode:VARCHAR#
			</isNotNull>
			<isNotNull prepend="," property="recDistrictCode">
				REC_DISTRICT_CODE =
				#recDistrictCode:VARCHAR#
			</isNotNull>
		</dynamic>
		where MSG_ID = #msgId:VARCHAR#
		and SEQ_NO = #seqNo:DECIMAL#
		<isNotEmpty property="rsv1">
			and MAK_DATETIME = #rsv1:VARCHAR#
		</isNotEmpty>
		<isNotEmpty property="rsv2">
			and CHK_DATETIME = #rsv2:VARCHAR#
		</isNotEmpty>
	</update>


	<!-- common query condition -->
	<sql id="queryCondition">
		where 1=1
		<isNotEmpty property="msgId">
			and MSG_ID = #msgId#
		</isNotEmpty>
		<isNotEmpty property="chkStatus">
			and CHK_STATUS = #chkStatus:CHAR#
		</isNotEmpty>
		<!-- HSBC Special NO.27 start -->
		<isNotEmpty property="transNo">
			and TRANS_NO like '%'||#transNo#||'%'
		</isNotEmpty>
		<!-- HSBC Special NO.27 end -->
	</sql>

	<select id="selectCounts" parameterClass="com.synesoft.ftzmis.domain.model.FtzInTxnDtl"
		resultClass="java.lang.Integer">
		select count(*) from ${FTZMIS_SCHEMA}FTZ_IN_TXN_DTL
		<include refid="FTZ_IN_TXN_DTL.queryCondition" />
	</select>

	<select id="selectList" parameterClass="com.synesoft.ftzmis.domain.model.FtzInTxnDtl"
		resultMap="FtzInTxnDtlResult">
		select * from ${FTZMIS_SCHEMA}FTZ_IN_TXN_DTL
		<include refid="FTZ_IN_TXN_DTL.queryCondition" />
		<!-- modify by liuqh 20150521 start -->
		order by CHK_STATUS DESC,MAK_DATETIME ASC
		<!-- modify by liuqh 20150521 end -->
	</select>

	<delete id="deleteByMsgId" parameterClass="com.synesoft.ftzmis.domain.model.FtzInTxnDtlKey">

		delete from
		${FTZMIS_SCHEMA}FTZ_IN_TXN_DTL
		where MSG_ID = #msgId:VARCHAR#
	</delete>

	<!-- wp -->
	<select id="selectSumByCDFlag" resultClass="com.synesoft.ftzmis.domain.model.FtzInTxnDtl"
		parameterClass="com.synesoft.ftzmis.domain.model.FtzInTxnDtl">
		select SUM(a.AMOUNT) as cdSum, a.CD_FLAG as cdFlag
		from
		${FTZMIS_SCHEMA}FTZ_IN_TXN_DTL a
		LEFT JOIN
		${FTZMIS_SCHEMA}FTZ_IN_MSG_CTL b ON a.MSG_ID=b.MSG_ID
		where
		b.SUBMIT_DATE=#submitDate:VARCHAR#
		and b.ACCOUNT_NO=#accountNo:VARCHAR#
		and b.SUB_ACCOUNT_NO=#subAccountNo:VARCHAR#
		and b.CURRENCY = #currency:CHAR#
		and b.DELETE_FLAG = '0'
		and <![CDATA[ b.MSG_NO <> '210109' ]]>
		and ( 
			<![CDATA[ a.DTL_SEND_STATUS <>'3' ]]>
		or a.DTL_SEND_STATUS is null
		)
		group by cd_flag
	</select>

	<select id="selectByFx" resultMap="FtzInTxnDtlResult"
		parameterClass="com.synesoft.ftzmis.domain.model.FtzInTxnDtl">
		select a.*
		from ${FTZMIS_SCHEMA}FTZ_IN_TXN_DTL a
		LEFT JOIN
		${FTZMIS_SCHEMA}FTZ_IN_MSG_CTL b ON a.MSG_ID=b.MSG_ID
		where
		b.SUBMIT_DATE=#submitDate:VARCHAR#
		and b.ACCOUNT_NO=#accountNo:VARCHAR#
		and b.SUB_ACCOUNT_NO=#subAccountNo:VARCHAR#
		and b.CURRENCY = #currency:CHAR#
		and b.DELETE_FLAG = '0'
		and b.MSG_NO = '210109'
		and ( 
			<![CDATA[ a.DTL_SEND_STATUS <>'3' ]]>
		or a.DTL_SEND_STATUS is null
		)
	</select>

	<select id="selectCountByCDFlag" resultClass="com.synesoft.ftzmis.domain.model.FtzInTxnDtl"
		parameterClass="com.synesoft.ftzmis.domain.model.FtzInTxnDtl">
		select count(*) as cdCount, a.CD_FLAG as cdFlag
		from
		${FTZMIS_SCHEMA}FTZ_IN_TXN_DTL a
		LEFT JOIN
		${FTZMIS_SCHEMA}FTZ_IN_MSG_CTL b ON a.MSG_ID=b.MSG_ID
		where
		b.SUBMIT_DATE=#submitDate:VARCHAR#
		and b.ACCOUNT_NO=#accountNo:VARCHAR#
		and b.SUB_ACCOUNT_NO=#subAccountNo:VARCHAR#
		and b.CURRENCY = #currency:CHAR#
		and b.DELETE_FLAG = '0'
		and (	 
			<![CDATA[  a.DTL_SEND_STATUS <>'3' ]]>
		or a.DTL_SEND_STATUS is null
		)
		group by cd_flag
	</select>

	<select id="selectSumByAuditCDFlag" resultClass="com.synesoft.ftzmis.domain.model.FtzInTxnDtl"
		parameterClass="com.synesoft.ftzmis.domain.model.FtzInTxnDtl">
		select SUM(a.AMOUNT) as cdSum, a.CD_FLAG as cdFlag
		from
		${FTZMIS_SCHEMA}FTZ_IN_TXN_DTL a
		LEFT JOIN
		${FTZMIS_SCHEMA}FTZ_IN_MSG_CTL b ON a.MSG_ID=b.MSG_ID
		where
		b.SUBMIT_DATE=#submitDate:VARCHAR#
		and b.ACCOUNT_NO=#accountNo:VARCHAR#
		and b.SUB_ACCOUNT_NO=#subAccountNo:VARCHAR#
		and b.CURRENCY = #currency:CHAR#
		and b.DELETE_FLAG = '0'
		and <![CDATA[ b.MSG_NO <> '210109' ]]>
		and b.MSG_STATUS IN ('03','10','11','13','15','17')
		and ( 
			<![CDATA[ a.DTL_SEND_STATUS <>'3' ]]>
		or a.DTL_SEND_STATUS is null
		)
		group by cd_flag
	</select>

	<select id="selectByAuditFx" resultMap="FtzInTxnDtlResult"
		parameterClass="com.synesoft.ftzmis.domain.model.FtzInTxnDtl">
		select a.*
		from ${FTZMIS_SCHEMA}FTZ_IN_TXN_DTL a
		LEFT JOIN
		${FTZMIS_SCHEMA}FTZ_IN_MSG_CTL b ON a.MSG_ID=b.MSG_ID
		where
		b.SUBMIT_DATE=#submitDate:VARCHAR#
		and b.ACCOUNT_NO=#accountNo:VARCHAR#
		and b.SUB_ACCOUNT_NO=#subAccountNo:VARCHAR#
		and b.CURRENCY = #currency:CHAR#
		and b.DELETE_FLAG = '0'
		and b.MSG_NO = '210109'
		and b.MSG_STATUS IN
		('03','10','11','13','15','17')
		and ( 
			<![CDATA[ a.DTL_SEND_STATUS <>'3' ]]>
		or a.DTL_SEND_STATUS is null
		)
	</select>

	<select id="queryMsgIdBySameUser" parameterClass="com.synesoft.ftzmis.domain.model.FtzBatchCheckParam"
		resultClass="java.lang.String">
		SeleCT SEQ_NO FROM ${FTZMIS_SCHEMA}FTZ_IN_TXN_DTL
		WHERE MSG_ID=#msgBatchId#
		AND MAK_USER_ID=#userId#
		<isNotEmpty property="msgDtlSeqNos" prepend="AND">
			<iterate property="msgDtlSeqNos" open="SEQ_NO IN (" close=")"
				conjunction=",">
				#msgDtlSeqNos[]#
			</iterate>
		</isNotEmpty>
	</select>

	<select id="queryDtlChkStatusNotPass" parameterClass="com.synesoft.ftzmis.domain.model.FtzBatchCheckParam"
		resultClass="java.lang.String">
		SeleCT SEQ_NO FROM ${FTZMIS_SCHEMA}FTZ_IN_TXN_DTL
		WHERE MSG_ID=#msgBatchId#
		AND CHK_STATUS NOT IN ('02','03')
		<isNotEmpty property="msgDtlSeqNos" prepend="AND">
			<iterate property="msgDtlSeqNos" open="SEQ_NO IN (" close=")"
				conjunction=",">
				#msgDtlSeqNos[]#
			</iterate>
		</isNotEmpty>
	</select>

	<select id="selectCountByAuditCDFlag" resultClass="com.synesoft.ftzmis.domain.model.FtzInTxnDtl"
		parameterClass="com.synesoft.ftzmis.domain.model.FtzInTxnDtl">
		select count(*) as cdCount, a.CD_FLAG as cdFlag
		from
		${FTZMIS_SCHEMA}FTZ_IN_TXN_DTL a
		LEFT JOIN
		${FTZMIS_SCHEMA}FTZ_IN_MSG_CTL b ON a.MSG_ID=b.MSG_ID
		where
		b.SUBMIT_DATE=#submitDate:VARCHAR#
		and b.ACCOUNT_NO=#accountNo:VARCHAR#
		and b.SUB_ACCOUNT_NO=#subAccountNo:VARCHAR#
		and b.CURRENCY = #currency:CHAR#
		and b.DELETE_FLAG = '0'
		and b.MSG_STATUS IN
		('03','10','11','13','15','17')
		and (	 
			<![CDATA[  a.DTL_SEND_STATUS <>'3' ]]>
		or a.DTL_SEND_STATUS is null
		)
		group by cd_flag
	</select>

	<!-- add by hhb 根据账户查询历史交易流水号 -->
	<select id="selectTransNoCount" parameterClass="com.synesoft.ftzmis.domain.model.FtzInImpN"
		resultClass="java.lang.Integer">
		<!-- Ver2.2.release NO.142 by dbb at 20170701 s 增加schema-->
		select count(trans_no) from ${FTZMIS_SCHEMA}ftz_in_txn_dtl dtl left join
		${FTZMIS_SCHEMA}ftz_in_msg_ctl ctl on
		dtl.msg_id=ctl.msg_id
		and ctl.account_no=#accountNo:VARCHAR#
		and
		ctl.sub_account_no=#subAccountNo:VARCHAR#
		and
		ctl.currency=#currency:CHAR#
		where 1=1
		<isNotEmpty prepend="and" property="startTranDate">
			TRAN_DATE <![CDATA[>=#startTranDate:VARCHAR#]]>
		</isNotEmpty>
		<isNotEmpty prepend="and" property="endTranDate">
			TRAN_DATE <![CDATA[<= #endTranDate:VARCHAR#]]>
		</isNotEmpty>
		<isNotEmpty property="cdFlag">
			and CD_FLAG = #cdFlag:CHAR#
		</isNotEmpty>
		<isNotEmpty property="transNo">
			and TRANS_NO = #transNo:CHAR#
		</isNotEmpty>
		and dtl.chk_status = '03'
	</select>

	<select id="selectTransNoList" parameterClass="com.synesoft.ftzmis.domain.model.FtzInImpN"
		resultClass="com.synesoft.ftzmis.domain.model.FtzInImpN">
		select trans_no as transNo, cd_flag as cdFlag, tran_date as tranDate,
		amount as amount
		from ${FTZMIS_SCHEMA}ftz_in_txn_dtl dtl left join ${FTZMIS_SCHEMA}ftz_in_msg_ctl ctl on
		dtl.msg_id=ctl.msg_id
		and ctl.account_no=#accountNo:VARCHAR#
		and
		ctl.sub_account_no=#subAccountNo:VARCHAR#
		and
		ctl.currency=#currency:CHAR#
		where 1=1
		<isNotEmpty prepend="and" property="startTranDate">
			TRAN_DATE <![CDATA[>=#startTranDate:VARCHAR#]]>
		</isNotEmpty>
		<isNotEmpty prepend="and" property="endTranDate">
			TRAN_DATE <![CDATA[<= #endTranDate:VARCHAR#]]>
		</isNotEmpty>
		<isNotEmpty property="cdFlag">
			and CD_FLAG = #cdFlag:CHAR#
		</isNotEmpty>
		<isNotEmpty property="transNo">
			and TRANS_NO = #transNo:CHAR#
		</isNotEmpty>
		and dtl.chk_status = '03'
	</select>

	<select id="selectFtzInTxnDtl" parameterClass="com.synesoft.ftzmis.domain.model.FtzInImpN"
		resultMap="FtzInTxnDtlResult">
		select dtl.*
		from ${FTZMIS_SCHEMA}ftz_in_txn_dtl dtl left join ${FTZMIS_SCHEMA}ftz_in_msg_ctl ctl on
		<!-- Ver2.2.release NO.142 by dbb at 20170701 e 增加schema-->
		dtl.msg_id=ctl.msg_id
		and ctl.account_no=#accountNo:VARCHAR#
		and
		ctl.sub_account_no=#subAccountNo:VARCHAR#
		and
		ctl.currency=#currency:CHAR#
		where TRANS_NO = #transNo:CHAR#
		<!-- Ver2.0.1.release NO.118 by dbb at 20160316 start-->
		<!-- and rownum = 1 -->
		<!-- Ver2.0.1.release NO.118 by dbb at 20160316 end-->
	</select>

	<update id="updateStatusByMsgId" parameterClass="com.synesoft.ftzmis.domain.model.FtzInTxnDtl">
		update ${FTZMIS_SCHEMA}FTZ_IN_TXN_DTL
		<dynamic prepend="set">
			<isNotNull prepend="," property="chkStatus">
				CHK_STATUS =
				#chkStatus:CHAR#
			</isNotNull>
			<isNotNull prepend="," property="makUserId">
				MAK_USER_ID =
				#makUserId:VARCHAR#
			</isNotNull>
			<isNotNull prepend="," property="makDatetime">
				MAK_DATETIME =
				#makDatetime:VARCHAR#
			</isNotNull>
			<isNotNull prepend="," property="chkUserId">
				CHK_USER_ID =
				#chkUserId:VARCHAR#
			</isNotNull>
			<isNotNull prepend="," property="chkDatetime">
				CHK_DATETIME =
				#chkDatetime:VARCHAR#
			</isNotNull>
			<isNotNull prepend="," property="chkAddWord">
				CHK_ADD_WORD =
				#chkAddWord:VARCHAR#
			</isNotNull>
		</dynamic>
			where msg_id=#msgId:VARCHAR#
	</update>

</sqlMap>