<?xml version="1.0" encoding="UTF-8"?>
<!DOCTYPE sqlMap PUBLIC "-//ibatis.apache.org//DTD SQL Map 2.0//EN" "http://ibatis.apache.org/dtd/sql-map-2.dtd" >
<sqlMap namespace="CCI_BATCHREDO_DATADEAL">

   <!--根据taskId,stepId,batDate查询sysCtlId  -->
   <select id="getSysCtlId" parameterClass="java.lang.String" resultClass="java.lang.String">   
		<!-- add by gcj 20161103 Release V1.0 NO.184 start-->
		$sql$
		<!-- add by gcj 20161103 Release V1.0 NO.184 end-->
   </select>
   
   
   <update id="updateBusi" parameterClass="java.util.Map" >
	  <dynamic> 
	   	INSERT INTO ${SUBSYSTEM_SCHEMA}$tableName$
	  	SELECT
	  		$sql$
	    FROM ${SUBSYSTEM_SCHEMA}$tableName_H$ t1
	    INNER JOIN ${SUBSYSTEM_SCHEMA}CCI_CURNT_BUSI_CTL_VIEW t2
	    ON t1.SYS_CTL_ID = t2.SYS_CTL_ID AND t1.SEQ_NUM = t2.SEQ_NUM
	   WHERE t1.SYS_CTL_ID in 
   		<iterate property="sysCtlIdLists" conjunction="," open="(" close=")">
  			#sysCtlIdLists[]#
  		</iterate>
	   </dynamic>
   </update>
   
   
   <update id="updateCtl" parameterClass="java.util.Map" >
	  <dynamic> 
	   	INSERT INTO ${SUBSYSTEM_SCHEMA}CCI_REPORT_SYSTEM_CTL
	   	(SYS_CTL_ID,
			FILE_SEND_DATE,
			REPORT_BATCH_NO,
			MSG_RECORD_TRACKING_NO,
			MSG_RECORD_OPERATE_TYPE,
			MSG_RECORD_ROW,
			REPORT_FLAG,
			FEEDBACK_FLAG,
			DEPT_ID,
			OPERATING_STATE,
			REPORT_FILE_TYPE,
			MSG_RECORD_TYPE,
			BRANCH_ID,
			BRANCH_NO,
			RELATION_SYS_CTL_ID,
			ORG_BASIC_FEEDBACK_FLAG,
			OPERATE_TIME,
			OPERATER,
			CHECK_TIME,
			CHECK_OPERATOR,
			CHECK_ADD_MSG,
			LAST_UPDATE_TIME,
			LAST_UPDATER,
			LOGIC_DELETE_FLAG,
			DTL_NUM_A,
			DTL_NUM_B,
			DTL_NUM_C,
			DTL_NUM_D,
			RECORD_STATUS_FLAG,
			MESSAGE_TYPE,
			RELATION_FEEDBACK_ID,
			START_INDEX,
			END_INDEX,
			TASK_ID,
			STEP_ID,
			BAT_DATE,
			RSV_01,
			RSV_02,
			RSV_03,
			RSV_04,
			RSV_05,
			RSV_06
			)
	  	SELECT
	  		SYS_CTL_ID,
			FILE_SEND_DATE,
			REPORT_BATCH_NO,
			MSG_RECORD_TRACKING_NO,
			MSG_RECORD_OPERATE_TYPE,
			MSG_RECORD_ROW,
			REPORT_FLAG,
			FEEDBACK_FLAG,
			DEPT_ID,
			OPERATING_STATE,
			REPORT_FILE_TYPE,
			MSG_RECORD_TYPE,
			BRANCH_ID,
			BRANCH_NO,
			RELATION_SYS_CTL_ID,
			ORG_BASIC_FEEDBACK_FLAG,
			OPERATE_TIME,
			OPERATER,
			CHECK_TIME,
			CHECK_OPERATOR,
			CHECK_ADD_MSG,
			LAST_UPDATE_TIME,
			LAST_UPDATER,
			LOGIC_DELETE_FLAG,
			DTL_NUM_A,
			DTL_NUM_B,
			DTL_NUM_C,
			DTL_NUM_D,
			RECORD_STATUS_FLAG,
			MESSAGE_TYPE,
			RELATION_FEEDBACK_ID,
			START_INDEX,
			END_INDEX,
			TASK_ID,
			STEP_ID,
			BAT_DATE,
			RSV_01,
			RSV_02,
			RSV_03,
			RSV_04,
			RSV_05,
			RSV_06
	    FROM ${SUBSYSTEM_SCHEMA}CCI_CURNT_BUSI_CTL_VIEW t1
	   WHERE t1.SYS_CTL_ID in 
   		<iterate property="sysCtlIdLists" conjunction="," open="(" close=")">
  			#sysCtlIdLists[]#
  		</iterate>
	   </dynamic>
   </update>
   
	<!-- add by gy 20171024 Release V1.0 NO.542 start -->
	<delete id="deleteByParentIs" parameterClass="java.util.Map" >
		<dynamic> 
			DELETE FROM ${SUBSYSTEM_SCHEMA}$tableName$
			WHERE PARENT_I IN 
			<iterate property="sysCtlIdLists" conjunction="," open="(" close=")">
				#sysCtlIdLists[]#
			</iterate>
		</dynamic>
	</delete>
	
	<update id="updateBusiSub" parameterClass="java.util.Map" >
	  <dynamic> 
	   	INSERT INTO ${SUBSYSTEM_SCHEMA}$tableName$
	  	SELECT
	  		$sql$
	    FROM ${SUBSYSTEM_SCHEMA}$tableName_H$ t1
	    INNER JOIN ${SUBSYSTEM_SCHEMA}CCI_CURNT_BUSI_CTL_VIEW t2
	    ON t1.PARENT_I = t2.SYS_CTL_ID AND t1.SEQ_NUM = t2.SEQ_NUM
	   WHERE t1.PARENT_I in 
   		<iterate property="sysCtlIdLists" conjunction="," open="(" close=")">
  			#sysCtlIdLists[]#
  		</iterate>
	   </dynamic>
   </update>
	<!-- add by gy 20171024 Release V1.0 NO.542 end -->
</sqlMap>