<?xml version="1.0" encoding="UTF-8" ?>
<!DOCTYPE sqlMap PUBLIC "-//ibatis.apache.org//DTD SQL Map 2.0//EN" "http://ibatis.apache.org/dtd/sql-map-2.dtd" >
<sqlMap namespace="CCI_FINAN_AGR_AMOUNT_INFO" >
  <resultMap id="cciFinanAgrAmountInfoResult" class="com.synesoft.cci.domain.model.CciFinanAgrAmountInfo" >
    <!--
      WARNING - This element is automatically generated by Abator for iBATIS, do not modify.
      This element was generated on Fri Oct 30 15:02:46 CST 2015.
    -->
    <result column="SERIAL_NO" property="serialNo" jdbcType="VARCHAR" />
    <result column="SYS_CTL_ID" property="sysCtlId" jdbcType="VARCHAR" />
    <result column="FINANCING_AGREEMENT_NO" property="financingAgreementNo" jdbcType="VARCHAR" />
    <result column="CURRENCY" property="currency" jdbcType="VARCHAR" />
    <result column="FINANCING_AGREEMENT_AMOUNT" property="financingAgreementAmount" jdbcType="DECIMAL" />
    <result column="FINANCING_AGREEMENT_BALANCE" property="financingAgreementBalance" jdbcType="DECIMAL" />
    <result column="STATUS_FLAG" property="statusFlag" jdbcType="VARCHAR" />
    <!-- add by gy 2016-10-19 Release V1.0 NO.170 start -->
    <result column="PARENT_I" property="parentI" jdbcType="VARCHAR" />
    <!-- add by gy 2016-10-19 Release V1.0 NO.170 end -->
  </resultMap>
  
  <insert id="insert" parameterClass="com.synesoft.cci.domain.model.CciFinanAgrAmountInfo">
		<!-- WARNING - This element is automatically generated by Abator for iBATIS, 
			do not modify. This element was generated on Fri Oct 30 15:02:45 CST 2015. -->
		insert into ${SUBSYSTEM_SCHEMA}CCI_FINAN_AGR_AMOUNT_INFO (
		PARENT_I,
		SERIAL_NO,
		SYS_CTL_ID, FINANCING_AGREEMENT_NO, CURRENCY, FINANCING_AGREEMENT_AMOUNT,
		FINANCING_AGREEMENT_BALANCE,
		STATUS_FLAG)
		values (
		#parentI#,
		#serialNo:VARCHAR#, #sysCtlId:VARCHAR#,
		#financingAgreementNo:VARCHAR#,
		#currency:VARCHAR#,
		#financingAgreementAmount:DECIMAL#,
		#financingAgreementBalance:DECIMAL#, #statusFlag:VARCHAR#)
	</insert>

	<update id="updateByPrimaryKey" parameterClass="com.synesoft.cci.domain.model.CciFinanAgrAmountInfo">
		<!-- WARNING - This element is automatically generated by Abator for iBATIS, 
			do not modify. This element was generated on Fri Oct 30 15:02:45 CST 2015. -->
		update ${SUBSYSTEM_SCHEMA}CCI_FINAN_AGR_AMOUNT_INFO
		<dynamic prepend="set">
			<isNotNull prepend="," property="parentI">
				PARENT_I = #parentI#
			</isNotNull>

			<isNotNull prepend="," property="financingAgreementNo">
				FINANCING_AGREEMENT_NO =
				#financingAgreementNo:VARCHAR#
			</isNotNull>
			<isNotNull prepend="," property="currency">
				CURRENCY =
				#currency:VARCHAR#
			</isNotNull>
			<isNotNull prepend="," property="financingAgreementAmount">
				FINANCING_AGREEMENT_AMOUNT = #financingAgreementAmount:DECIMAL#
			</isNotNull>
			<isNotNull prepend="," property="financingAgreementBalance">
				FINANCING_AGREEMENT_BALANCE = #financingAgreementBalance:DECIMAL#
			</isNotNull>
			<isNotNull prepend="," property="statusFlag">
				STATUS_FLAG =
				#statusFlag:VARCHAR#
			</isNotNull>
			<isNotEmpty prepend="," property="batDate">
			    BAT_DATE = #batDate#
		    </isNotEmpty>
		</dynamic>
		where 1=1
		<dynamic>
			<isNotEmpty prepend="and" property="sysCtlId">
				sys_ctl_id = #sysCtlId#
			</isNotEmpty>
		</dynamic>
	</update>
    
    <!-- add by gcj Release V1.0 NO.90 金额更新成null 画面后台直连更新专用20160819 start-->
	<update id="updateByPrimaryKeyAll" parameterClass="com.synesoft.cci.domain.model.CciFinanAgrAmountInfo">
		<!-- WARNING - This element is automatically generated by Abator for iBATIS,
			do not modify. This element was generated on Fri Oct 30 15:02:45 CST 2015. -->
		update ${SUBSYSTEM_SCHEMA}CCI_FINAN_AGR_AMOUNT_INFO
		<dynamic prepend="set">
			PARENT_I = #parentI#,
			FINANCING_AGREEMENT_NO =
			#financingAgreementNo:VARCHAR#,
			CURRENCY =
			#currency:VARCHAR#,
			FINANCING_AGREEMENT_AMOUNT = #financingAgreementAmount:DECIMAL#,
			FINANCING_AGREEMENT_BALANCE = #financingAgreementBalance:DECIMAL#,
			STATUS_FLAG =
			#statusFlag:VARCHAR#
			<!-- add by gcj 20170103 Release V1.0 NO.299 start -->
			<isNotEmpty property="taskId">
				,TASK_ID=
				#taskId#
			</isNotEmpty>
			<isNotEmpty property="stepId">
				,STEP_ID =
				#stepId#
			</isNotEmpty>
			<isNotEmpty property="batDate">
				,BAT_DATE =
				#batDate#
			</isNotEmpty>
			<!-- add by gcj 20170103 Release V1.0 NO.299 end -->
		</dynamic>
		where 1=1
		<dynamic>
			<isNotEmpty prepend="and" property="sysCtlId">
				sys_ctl_id = #sysCtlId#
			</isNotEmpty>
		</dynamic>
	</update>
    <!-- add by gcj Release V1.0 NO.90 金额更新成null 画面后台直连更新专用20160819 end-->

	<select id="selectByParent" parameterClass="com.synesoft.cci.domain.model.CciFinanAgrAmountInfo"
		resultMap="cciFinanAgrAmountInfoResult">
		select *
		from ${SUBSYSTEM_SCHEMA}CCI_FINAN_AGR_AMOUNT_INFO
		where 1 = 1
		and PARENT_I = #parentI#
	</select>
	
	<!--// upd by gcj 20170320 Release V1.0 NO.390 start-->
	<select id="selectByParents" parameterClass="java.util.Map"
		resultMap="cciFinanAgrAmountInfoResult">
		select *
		from ${SUBSYSTEM_SCHEMA}CCI_FINAN_AGR_AMOUNT_INFO
		where 1=1
		<dynamic>
			<isNotEmpty prepend="and" property="sysCtlIdList">
				<iterate property="sysCtlIdList" open="PARENT_I in (" close=")" conjunction=",">
					#sysCtlIdList[]#
				</iterate>
			</isNotEmpty>
		</dynamic>
	</select>
	<!--// upd by gcj 20170320 Release V1.0 NO.390 end-->

	<delete id="deleteByParent" parameterClass="com.synesoft.cci.domain.model.CciFinanAgrAmountInfo">
		<!-- WARNING - This element is automatically generated by Abator for iBATIS, 
			do not modify. This element was generated on Fri Oct 30 15:02:45 CST 2015. -->
		delete from ${SUBSYSTEM_SCHEMA}CCI_FINAN_AGR_AMOUNT_INFO
		where 1 = 1
		and
		PARENT_I = #parentI#
	</delete>
	
	<select id="getReportData" parameterClass="java.util.Map"  resultMap="cciFinanAgrAmountInfoResult">
		select * from ${SUBSYSTEM_SCHEMA}CCI_FINAN_AGR_AMOUNT_INFO t1
		where 1 = 1 and t1.PARENT_I = #sysCtl#
	</select>
	
	<select id="getValidateData" parameterClass="java.util.Map"  resultMap="cciFinanAgrAmountInfoResult">
		select * from ${SUBSYSTEM_SCHEMA}CCI_FINAN_AGR_AMOUNT_INFO t1
		<!-- add by gy 2016-10-19 Release V1.0 NO.170 start -->
		<!-- where 1 = 1 and t1.PARENT_I = #sysCtl# -->
		<!-- add by gy 2016-10-19 Release V1.0 NO.170 end -->
	</select>
</sqlMap>