<?xml version="1.0" encoding="UTF-8" ?>
<!DOCTYPE sqlMap PUBLIC "-//ibatis.apache.org//DTD SQL Map 2.0//EN" "http://ibatis.apache.org/dtd/sql-map-2.dtd" >
<sqlMap namespace="CCI_FEEDBACK_COLUMN_DTL">
	<resultMap id="cciFeedbackColumnDtlResult"
		class="com.synesoft.cci.domain.model.CciFeedbackColumnDtl">
		<!-- WARNING - This element is automatically generated by Abator for iBATIS, 
			do not modify. This element was generated on Tue Dec 22 15:59:19 CST 2015. -->
		<result column="REPORT_FILE_DATE" property="reportFileDate"
			jdbcType="VARCHAR" />
		<result column="REPORT_FILE_NO" property="reportFileNo"
			jdbcType="VARCHAR" />
		<result column="MSG_BODY_RECORD_ROW" property="msgBodyRecordRow"
			jdbcType="DECIMAL" />
		<result column="ERROR_MSG_SERIAL_NO" property="errorMsgSerialNo"
			jdbcType="DECIMAL" />
		<result column="ERROR_COLUMN_POSITION" property="errorColumnPosition"
			jdbcType="VARCHAR" />
		<result column="ERROR_CODE" property="errorCode" jdbcType="VARCHAR" />
		<result column="ERROR_TABLE_NAME" property="errorTableName"
			jdbcType="VARCHAR" />
		<result column="ERROR_TABLE_PK" property="errorTablePk"
			jdbcType="VARCHAR" />
		<result column="ERROR_TABLE_PK_VALUE" property="errorTablePkValue"
			jdbcType="VARCHAR" />
		<result column="ERROR_COLUMN_NAME" property="errorColumnName"
			jdbcType="VARCHAR" />
		<result column="ERROR_COLUMN_PHYSICAL_NAME" property="errorColumnPhysicalName"
			jdbcType="VARCHAR" />
		<result column="ERROR_COLUMN_ORIGIN_VALUE" property="errorColumnOriginValue"
			jdbcType="VARCHAR" />
		<result column="BRANCH_NO" property="branchNo" jdbcType="VARCHAR" />
		<result column="LAST_UPDATE_TIME" property="lastUpdateTime"
			jdbcType="VARCHAR" />
		<result column="LAST_UPDATER" property="lastUpdater" jdbcType="VARCHAR" />
		<result column="LOGIC_DELETE_FLAG" property="logicDeleteFlag"
			jdbcType="VARCHAR" />
		<result column="SYS_CTL_ID" property="sysCtlId" jdbcType="VARCHAR" />
		<result column="PARENT_I" property="parentI" jdbcType="VARCHAR" />
		<result column="PARENT_II" property="parentII" jdbcType="VARCHAR" />
	</resultMap>

	<insert id="insert" parameterClass="com.synesoft.cci.domain.model.CciFeedbackColumnDtl">
		insert into
		${SUBSYSTEM_SCHEMA}CCI_FEEDBACK_COLUMN_DTL (REPORT_FILE_DATE,
		REPORT_FILE_NO,
		MSG_BODY_RECORD_ROW,
		ERROR_MSG_SERIAL_NO,
		ERROR_COLUMN_POSITION,
		ERROR_CODE, ERROR_TABLE_NAME, ERROR_TABLE_PK,
		ERROR_TABLE_PK_VALUE,
		ERROR_COLUMN_NAME, ERROR_COLUMN_PHYSICAL_NAME,
		ERROR_COLUMN_ORIGIN_VALUE, BRANCH_NO, LAST_UPDATE_TIME, LAST_UPDATER,
		LOGIC_DELETE_FLAG,
		SYS_CTL_ID, PARENT_I, PARENT_II)
		values
		(#reportFileDate:VARCHAR#, #reportFileNo:VARCHAR#,
		#msgBodyRecordRow:DECIMAL#,
		#errorMsgSerialNo:DECIMAL#,
		#errorColumnPosition:VARCHAR#, #errorCode:VARCHAR#,
		#errorTableName:VARCHAR#, #errorTablePk:VARCHAR#,
		#errorTablePkValue:VARCHAR#,
		#errorColumnName:VARCHAR#,
		#errorColumnPhysicalName:VARCHAR#,
		#errorColumnOriginValue:VARCHAR#,
		#branchNo:VARCHAR#, #lastUpdateTime:VARCHAR#,
		#lastUpdater:VARCHAR#,
		#logicDeleteFlag:VARCHAR#, #sysCtlId:VARCHAR#, #parentI:VARCHAR#,
		#parentII:VARCHAR#)
	</insert>

	<update id="updateByPrimaryKey" parameterClass="com.synesoft.cci.domain.model.CciFeedbackColumnDtl">
		update ${SUBSYSTEM_SCHEMA}CCI_FEEDBACK_COLUMN_DTL
		<dynamic prepend="set">
			<isNotNull prepend="," property="errorMsgSerialNo">
				ERROR_MSG_SERIAL_NO =
				#errorMsgSerialNo#
			</isNotNull>
			<isNotNull prepend="," property="msgBodyRecordRow">
				MSG_BODY_RECORD_ROW =
				#msgBodyRecordRow#
			</isNotNull>
			<isNotNull prepend="," property="reportFileDate">
				REPORT_FILE_DATE =
				#reportFileDate#
			</isNotNull>
			<isNotNull prepend="," property="reportFileNo">
				REPORT_FILE_NO =
				#reportFileNo#
			</isNotNull>

			<isNotNull prepend="," property="errorColumnPosition">
				ERROR_COLUMN_POSITION =
				#errorColumnPosition:VARCHAR#
			</isNotNull>
			<isNotNull prepend="," property="errorCode">
				ERROR_CODE =
				#errorCode:VARCHAR#
			</isNotNull>
			<isNotNull prepend="," property="errorTableName">
				ERROR_TABLE_NAME =
				#errorTableName:VARCHAR#
			</isNotNull>
			<isNotNull prepend="," property="errorTablePk">
				ERROR_TABLE_PK =
				#errorTablePk:VARCHAR#
			</isNotNull>
			<isNotNull prepend="," property="errorTablePkValue">
				ERROR_TABLE_PK_VALUE =
				#errorTablePkValue:VARCHAR#
			</isNotNull>
			<isNotNull prepend="," property="errorColumnName">
				ERROR_COLUMN_NAME =
				#errorColumnName:VARCHAR#
			</isNotNull>
			<isNotNull prepend="," property="errorColumnPhysicalName">
				ERROR_COLUMN_PHYSICAL_NAME
				= #errorColumnPhysicalName:VARCHAR#
			</isNotNull>
			<isNotNull prepend="," property="errorColumnOriginValue">
				ERROR_COLUMN_ORIGIN_VALUE =
				#errorColumnOriginValue:VARCHAR#
			</isNotNull>
			<isNotNull prepend="," property="branchNo">
				BRANCH_NO =
				#branchNo:VARCHAR#
			</isNotNull>
			<isNotNull prepend="," property="lastUpdateTime">
				LAST_UPDATE_TIME =
				#lastUpdateTime:VARCHAR#
			</isNotNull>
			<isNotNull prepend="," property="lastUpdater">
				LAST_UPDATER =
				#lastUpdater:VARCHAR#
			</isNotNull>
			<isNotNull prepend="," property="logicDeleteFlag">
				LOGIC_DELETE_FLAG =
				#logicDeleteFlag:VARCHAR#
			</isNotNull>
		</dynamic>
		where 1=1
		<dynamic>
			<isNotEmpty prepend="and" property="sysCtlId">
				sys_ctl_id = #sysCtlId#
			</isNotEmpty>
			<isNotEmpty prepend="and" property="parentI">
				PARENT_I = #parentI#
			</isNotEmpty>
			<isNotEmpty prepend="and" property="parentII">
				PARENT_II = #parentII#
			</isNotEmpty>
		</dynamic>
	</update>
    
    <!-- add by gcj Release V1.0 NO.90 金额更新成null 画面后台直连更新专用20160819 start-->
	<update id="updateByPrimaryKeyAll" parameterClass="com.synesoft.cci.domain.model.CciFeedbackColumnDtl">
		update ${SUBSYSTEM_SCHEMA}CCI_FEEDBACK_COLUMN_DTL
		<dynamic prepend="set">
			ERROR_MSG_SERIAL_NO =
			#errorMsgSerialNo#,
			MSG_BODY_RECORD_ROW =
			#msgBodyRecordRow#,
			REPORT_FILE_DATE =
			#reportFileDate#,
			REPORT_FILE_NO =
			#reportFileNo#,
			ERROR_COLUMN_POSITION =
			#errorColumnPosition:VARCHAR#,
			ERROR_CODE =
			#errorCode:VARCHAR#,
			ERROR_TABLE_NAME =
			#errorTableName:VARCHAR#,
			ERROR_TABLE_PK =
			#errorTablePk:VARCHAR#,
			ERROR_TABLE_PK_VALUE =
			#errorTablePkValue:VARCHAR#,
			ERROR_COLUMN_NAME =
			#errorColumnName:VARCHAR#,
			ERROR_COLUMN_PHYSICAL_NAME
			= #errorColumnPhysicalName:VARCHAR#,
			ERROR_COLUMN_ORIGIN_VALUE =
			#errorColumnOriginValue:VARCHAR#,
			BRANCH_NO =
			#branchNo:VARCHAR#,
			LAST_UPDATE_TIME =
			#lastUpdateTime:VARCHAR#,
			LAST_UPDATER =
			#lastUpdater:VARCHAR#,
			LOGIC_DELETE_FLAG =
			#logicDeleteFlag:VARCHAR#
		</dynamic>
		where 1=1
		<dynamic>
			<isNotEmpty prepend="and" property="sysCtlId">
				sys_ctl_id = #sysCtlId#
			</isNotEmpty>
			<isNotEmpty prepend="and" property="parentI">
				PARENT_I = #parentI#
			</isNotEmpty>
			<isNotEmpty prepend="and" property="parentII">
				PARENT_II = #parentII#
			</isNotEmpty>
		</dynamic>
	</update>
    <!-- add by gcj Release V1.0 NO.90 金额更新成null 画面后台直连更新专用20160819 end-->

	<select id="selectList" parameterClass="com.synesoft.cci.domain.model.CciFeedbackColumnDtl"
		resultMap="cciFeedbackColumnDtlResult">
		select t.* from ${SUBSYSTEM_SCHEMA}cci_feedback_column_dtl t
		where 1=1
		<dynamic>
			<isNotEmpty prepend="and" property="sysCtlId">
				sys_ctl_id = #sysCtlId#
			</isNotEmpty>
			<isNotEmpty prepend="and" property="parentI">
				PARENT_I = #parentI#
			</isNotEmpty>
			<isNotEmpty prepend="and" property="parentII">
				PARENT_II = #parentII#
			</isNotEmpty>
		</dynamic>
	</select>

	<select id="queryByNo" parameterClass="java.lang.String"
		resultMap="cciFeedbackColumnDtlResult">
		select t.* from ${SUBSYSTEM_SCHEMA}cci_feedback_column_dtl t
		where t.parent_ii in
		(
		select b.sys_ctl_id from
		${SUBSYSTEM_SCHEMA}cci_feedback_record_dtl b
		where
		b.msg_record_tracking_no=#msgRecordTrackingNo#
		)
	</select>
    
    <delete id="deleteByPrimaryKey" parameterClass="com.synesoft.cci.domain.model.CciFeedbackColumnDtl">
        DELETE FROM
        ${SUBSYSTEM_SCHEMA}CCI_FEEDBACK_COLUMN_DTL
        where 1=1
        <dynamic>
            <isNotEmpty prepend="and" property="parentI">
                PARENT_I = #parentI#
            </isNotEmpty>
        </dynamic>
    </delete>
    
    <!--//add by gcj 20161124 Release V1.0 NO.237 start-->
    <delete id="deleteByPrimaryKeyOfIn" parameterClass="java.util.Map">
        DELETE FROM
        ${SUBSYSTEM_SCHEMA}CCI_FEEDBACK_COLUMN_DTL
        where 1=1 and PARENT_I in
        <dynamic>
            <iterate open="(" conjunction="," close=")" property="parentIs">
                #parentIs[]#
            </iterate>
        </dynamic>
    </delete>
    <!--//add by gcj 20161124 Release V1.0 NO.237 end-->
	
	<delete id="deleteByKeys" parameterClass="java.util.HashMap">
		DELETE FROM
		${SUBSYSTEM_SCHEMA}CCI_FEEDBACK_COLUMN_DTL
		where 1=1
		<dynamic>
			<isNotEmpty prepend="and" property="sysCtlIdList">
				<iterate property="sysCtlIdList" open="PARENT_I IN (" close=")" conjunction=",">
						#sysCtlIdList[]#
					</iterate>
			</isNotEmpty>
		</dynamic>
	</delete>
	
	<select id="queryListByFeedbackId" parameterClass="java.lang.String" resultMap="cciFeedbackColumnDtlResult">
		SELECT *
		FROM ${SUBSYSTEM_SCHEMA}CCI_FEEDBACK_COLUMN_DTL t
		WHERE t.PARENT_II = #relationFeedbackId#
	</select>
	<!-- add by gy 20170217 Release V1.0 NO.361 start -->
	<delete id="deleteByKeysII" parameterClass="java.util.HashMap">
		DELETE FROM
		${SUBSYSTEM_SCHEMA}CCI_FEEDBACK_COLUMN_DTL
		where 1=1
		<dynamic>
			<isNotEmpty prepend="and" property="sysCtlIdList">
				<iterate property="sysCtlIdList" open="PARENT_II IN (" close=")" conjunction=",">
						#sysCtlIdList[]#
					</iterate>
			</isNotEmpty>
		</dynamic>
	</delete>
	<!-- add by gy 20170217 Release V1.0 NO.361 end -->
</sqlMap>
