<?xml version="1.0" encoding="UTF-8" ?>
<!DOCTYPE sqlMap PUBLIC "-//ibatis.apache.org//DTD SQL Map 2.0//EN" "http://ibatis.apache.org/dtd/sql-map-2.dtd" >

<sqlMap namespace="CCI_REPORT_SEND_DATA">
	<!-- WARN_MOD:机构报文只报送一个段功能暂未实现 -->
	<!-- 
		-机构主记录和子记录级联数据报送条件：
		-报送条件：子记录上报，主记录一定需要上报
		-如果主记录的stateFlag为1或者0，子记录需要全部报送，无论是否已经上报，均要报送（筛选条件逻辑删除位否，反馈标识不为反馈成功已删除，信息）
		-如果主记录的stateFlag为空，子记录需要按照stateFlag
	 -->
	<!-- //upd by gf at 2016-07-28 Release V1.0 NO.53 start -->
	<sql id="orgWhereCondtion">
		JOIN ${SUBSYSTEM_SCHEMA}CCI_REPORT_SYSTEM_CTL T2
		ON T1.SYS_CTL_ID = T2.SYS_CTL_ID
		WHERE 1 = 1
		AND T2.LOGIC_DELETE_FLAG != '1'
		AND T2.REPORT_FLAG != '4' 
		AND T1.PARENT_I = #sysCtl#
		<dynamic>
			<!-- 主记录的stateFlag为1或者0 -->
			<isNotEmpty property="stateFlag">
				
			</isNotEmpty>
			<!-- 主记录的stateFlag为空 -->
			<isEmpty property="stateFlag">
				<!--// add by gcj 20170512 Release V1.0 NO.452 start-->
				AND (T2.REPORT_FLAG = '1'
					OR 	T1.STATE_FLAG = '1' OR T1.STATE_FLAG = '0')
				<!--// add by gcj 20170512 Release V1.0 NO.452 end-->
			</isEmpty>
		</dynamic>
	</sql>
	<!-- //upd by gf at 2016-07-28 Release V1.0 NO.53 end -->
	
	<!-- 
		-非级联数据和级联主记录报送条件：
		-关联上报表唯一标识，上报标识为待上报，删除标识不为删除
	 -->
	<sql id="whereCondtion">
		JOIN ${SUBSYSTEM_SCHEMA}CCI_REPORT_SYSTEM_CTL T2
		ON T1.SYS_CTL_ID = T2.SYS_CTL_ID
		WHERE 1 = 1
		AND T2.RELATION_SYS_CTL_ID = #sysCtl#
		AND T2.REPORT_FLAG = '1'
		AND T2.LOGIC_DELETE_FLAG != '1'
		<!-- upd by gcj 20170420 Release V1.0 NO.392 start-->
		ORDER BY T2.ctl_busi_date
		<!-- upd by gcj 20170420 Release V1.0 NO.392 end-->
	</sql>
	
	<!--
		-级联金额段报送记录条件：
		-合同、融资金额段报送条件
	 -->
	<sql id="parentWhereCondtion">
		WHERE 1 = 1
		AND T1.PARENT_I = #sysCtl#
	</sql>
	
	<!-- 垫款 -->
	<select id="getCCI_ADVANCE_BUSINESS_INFO" parameterClass="java.lang.String" resultMap="CCI_ADVANCE_BUSINESS_INFO.CciAdvanceBusinessInfoFormResult">
		SELECT *
		FROM ${SUBSYSTEM_SCHEMA}CCI_ADVANCE_BUSINESS_INFO T1
		<include refid="whereCondtion"/>
	</select>
	<!-- 不良信贷资产接收处置 -->
	<select id="getCCI_ASSETS_DISPOSAL_BUSI" parameterClass="java.lang.String" resultMap="CCI_ASSETS_DISPOSAL_BUSI.cciAssetsDisposalBusiFormResult">
		SELECT *
		FROM ${SUBSYSTEM_SCHEMA}CCI_ASSETS_DISPOSAL_BUSI T1
		<include refid="whereCondtion"/>
	</select>
	<!-- 2002版资产负债 -->
	<select id="getCCI_ASSETS_LIABILITY_2002" parameterClass="java.lang.String" resultMap="CCI_ASSETS_LIABILITY_2002.cciAssetsLiability2002FormResult">
		SELECT *
		FROM ${SUBSYSTEM_SCHEMA}CCI_ASSETS_LIABILITY_2002 T1
		<include refid="whereCondtion"/>
	</select>
	<!-- 2007版资产负债-->
	<select id="getCCI_ASSETS_LIABILITY_2007" parameterClass="java.lang.String" resultMap="CCI_ASSETS_LIABILITY_2007.cciAssetsLiability2007FormResult">
		SELECT *
		FROM ${SUBSYSTEM_SCHEMA}CCI_ASSETS_LIABILITY_2007 T1
		<include refid="whereCondtion"/>
	</select>
	<!-- 银行承兑汇票业务 -->
	<select id="getCCI_BANK_ACCEPT_BUSI_INFO" parameterClass="java.lang.String" resultMap="CCI_BANK_ACCEPT_BUSI_INFO.CciBankAcceptBusiInfoFormResult">
		SELECT *
		FROM ${SUBSYSTEM_SCHEMA}CCI_BANK_ACCEPT_BUSI_INFO T1
		<include refid="whereCondtion"/>
	</select>
	<!-- 票据贴现业务 -->
	<select id="getCCI_BILL_DISCOUNT_BUSI_INFO" parameterClass="java.lang.String" resultMap="CCI_BILL_DISCOUNT_BUSI_INFO.CciBillDiscountBusiInfoFormResult">
		SELECT *
		FROM ${SUBSYSTEM_SCHEMA}CCI_BILL_DISCOUNT_BUSI_INFO T1
		<include refid="whereCondtion"/>
	</select>

	<!-- 借款人关注诉讼 -->
	<select id="getLACCI_BORROWER_CONCERINFO_BA" parameterClass="java.lang.String" resultMap="CCI_BORROWER_CONCERINFO_BA.cciBorrowerConcerinfoBaFormResult">
		SELECT T1.*, T2.*,
		T3.FILE_SEND_DATE,
			T3.REPORT_BATCH_NO,
			T3.MSG_RECORD_TRACKING_NO,
			T3.MSG_RECORD_ROW,
			T3.REPORT_FLAG,
			T3.FEEDBACK_FLAG,
			T3.DEPT_ID,
			T3.OPERATING_STATE,
			T3.REPORT_FILE_TYPE,
			T3.MSG_RECORD_TYPE,
			T3.BRANCH_ID,
			T3.BRANCH_NO,
			T3.RELATION_SYS_CTL_ID,
			T3.ORG_BASIC_FEEDBACK_FLAG,
			T3.OPERATE_TIME,
			T3.OPERATER,
			T3.CHECK_TIME,
			T3.CHECK_OPERATOR,
			T3.CHECK_ADD_MSG,
			T3.LAST_UPDATE_TIME,
			T3.LAST_UPDATER,
			T3.LOGIC_DELETE_FLAG,
			T3.RECORD_STATUS_FLAG,
			T3.MESSAGE_TYPE,
			T3.DTL_NUM_A,
			T3.DTL_NUM_B,
			T3.DTL_NUM_C,
			T3.DTL_NUM_D,
			T3.RELATION_FEEDBACK_ID
		  FROM ${SUBSYSTEM_SCHEMA}CCI_BORROWER_CONCERINFO_LA T1
		 INNER JOIN ${SUBSYSTEM_SCHEMA}CCI_REPORT_SYSTEM_CTL T3
		    ON T1.SYS_CTL_ID = T3.SYS_CTL_ID
		 RIGHT JOIN (SELECT A.PARENT_I, B.MSG_RECORD_OPERATE_TYPE
		               FROM ${SUBSYSTEM_SCHEMA}CCI_BORROWER_CONCERINFO_LA A
		               JOIN ${SUBSYSTEM_SCHEMA}CCI_REPORT_SYSTEM_CTL B
		                 ON A.SYS_CTL_ID = B.SYS_CTL_ID
		                  where B.Report_Flag='1'
		              GROUP BY A.PARENT_I, B.MSG_RECORD_OPERATE_TYPE) T2
		    ON T1.SYS_CTL_ID = T2.PARENT_I
	</select>

	<!-- 借款人关注大事 -->
	<select id="getBICCI_BORROWER_CONCERINFO_BA" parameterClass="java.lang.String" resultMap="CCI_BORROWER_CONCERINFO_BA.cciBorrowerConcerinfoBaFormResult">
		SELECT T1.*, T2.*, 
			T3.FILE_SEND_DATE,
			T3.REPORT_BATCH_NO,
			T3.MSG_RECORD_TRACKING_NO,
			T3.MSG_RECORD_ROW,
			T3.REPORT_FLAG,
			T3.FEEDBACK_FLAG,
			T3.DEPT_ID,
			T3.OPERATING_STATE,
			T3.REPORT_FILE_TYPE,
			T3.MSG_RECORD_TYPE,
			T3.BRANCH_ID,
			T3.BRANCH_NO,
			T3.RELATION_SYS_CTL_ID,
			T3.ORG_BASIC_FEEDBACK_FLAG,
			T3.OPERATE_TIME,
			T3.OPERATER,
			T3.CHECK_TIME,
			T3.CHECK_OPERATOR,
			T3.CHECK_ADD_MSG,
			T3.LAST_UPDATE_TIME,
			T3.LAST_UPDATER,
			T3.LOGIC_DELETE_FLAG,
			T3.RECORD_STATUS_FLAG,
			T3.MESSAGE_TYPE,
			T3.DTL_NUM_A,
			T3.DTL_NUM_B,
			T3.DTL_NUM_C,
			T3.DTL_NUM_D,
			T3.RELATION_FEEDBACK_ID
		  FROM ${SUBSYSTEM_SCHEMA}CCI_BORROWER_CONCERINFO_BI T1
		 INNER JOIN ${SUBSYSTEM_SCHEMA}CCI_REPORT_SYSTEM_CTL T3
		    ON T1.SYS_CTL_ID = T3.SYS_CTL_ID
		 RIGHT JOIN (SELECT A.PARENT_I, B.MSG_RECORD_OPERATE_TYPE
		               FROM ${SUBSYSTEM_SCHEMA}CCI_BORROWER_CONCERINFO_BI A
		               JOIN ${SUBSYSTEM_SCHEMA}CCI_REPORT_SYSTEM_CTL B
		                 ON A.SYS_CTL_ID = B.SYS_CTL_ID
		                 where B.Report_Flag='1'
		              GROUP BY A.PARENT_I, B.MSG_RECORD_OPERATE_TYPE) T2
		    ON T1.SYS_CTL_ID = T2.PARENT_I
	</select>
	<!-- 大事 -->
	<select id="getCCI_BORROWER_CONCERINFO_BI" parameterClass="java.lang.String" resultMap="CCI_BORROWER_CONCERINFO_BI.cciBorrowerConcerinfoBiFormResult">
		SELECT *
		FROM ${SUBSYSTEM_SCHEMA}CCI_BORROWER_CONCERINFO_BI T1
		<include refid="whereCondtion"/>
	</select>
	<!-- 诉讼 -->
	<select id="getCCI_BORROWER_CONCERINFO_LA" parameterClass="java.lang.String" resultMap="CCI_BORROWER_CONCERINFO_LA.cciBorrowerConcerinfoLaFormResult">
		SELECT *
		FROM ${SUBSYSTEM_SCHEMA}CCI_BORROWER_CONCERINFO_LA T1
		<include refid="whereCondtion"/>
	</select>
	<!-- 欠息 -->
	<select id="getCCI_BUSI_INTEREST_OWE_INFO" parameterClass="java.lang.String" 	resultMap="CCI_BUSI_INTEREST_OWE_INFO.CciBusiInterestOweInfoFormResult">
		SELECT *
		FROM ${SUBSYSTEM_SCHEMA}CCI_BUSI_INTEREST_OWE_INFO T1
		<include refid="whereCondtion"/>
	</select>
	<!-- 事业单位资产负债 -->
	<select id="getCCI_BUSI_UNIT_ASSETS_LIA" parameterClass="java.lang.String" resultMap="CCI_BUSI_UNIT_ASSETS_LIA.cciBusiUnitAssetsLiaFormResult">
		SELECT *
		FROM ${SUBSYSTEM_SCHEMA}CCI_BUSI_UNIT_ASSETS_LIA T1
		<include refid="whereCondtion"/>
	</select>
	<!-- 事业单位收入支出  -->
	<select id="getCCI_BUSI_UNIT_REVENUE" parameterClass="java.lang.String" resultMap="CCI_BUSI_UNIT_REVENUE.cciBusiUnitRevenueFormResult">
		SELECT *
		FROM ${SUBSYSTEM_SCHEMA}CCI_BUSI_UNIT_REVENUE T1
		<include refid="whereCondtion"/>
	</select>
	<!-- 2002版现金流量 -->
	<select id="getCCI_CASH_FLOW_2002" parameterClass="java.lang.String" resultMap="CCI_CASH_FLOW_2002.cciCashFlow2002FormResult">
		SELECT *
		FROM ${SUBSYSTEM_SCHEMA}CCI_CASH_FLOW_2002 T1
		<include refid="whereCondtion"/>
	</select>
	<!-- 2007版现金流量 -->
	<select id="getCCI_CASH_FLOW_2007" parameterClass="java.lang.String" resultMap="CCI_CASH_FLOW_2007.cciCashFlow2007FormResult">
		SELECT *
		FROM ${SUBSYSTEM_SCHEMA}CCI_CASH_FLOW_2007 T1
		<include refid="whereCondtion"/>
	</select>
	
	 <!-- 贷款业务合同金额信息 -->
	<select id="getCCI_CONTRACT_AMOUNT_INFO" parameterClass="java.util.Map" resultMap="CCI_CONTRACT_AMOUNT_INFO.cciContractAmountInfoResult">
		SELECT * FROM ${SUBSYSTEM_SCHEMA}CCI_CONTRACT_AMOUNT_INFO T1
		<include refid="parentWhereCondtion"/>
	</select>
	<!-- 贷款业务合同信息 -->
	<select id="getCCI_CONTRACT_INFO" parameterClass="java.lang.String" resultMap="CCI_CONTRACT_INFO.CciContractInfoFormResult">
		SELECT *
		FROM ${SUBSYSTEM_SCHEMA}CCI_CONTRACT_INFO T1
		<include refid="whereCondtion"/>
	</select>

	<!-- 批量信贷业务删除请求信息 -->
	<select id="getCCI_CRE_BUSI_DATA_DEL_REQ" parameterClass="java.lang.String" resultMap="CCI_CRE_BUSI_DATA_DEL_REQ.cciCreBusiDataDelReqFormResult">
		SELECT *
		FROM ${SUBSYSTEM_SCHEMA}CCI_CRE_BUSI_DATA_DEL_REQ T1
		<include refid="whereCondtion"/>
	</select>
	<!-- 信用证业务信息 -->
	<select id="getCCI_CREDIT_LETTER_INFO" parameterClass="java.lang.String" resultMap="CCI_CREDIT_LETTER_INFO.CciCreditLetterInfoFormResult">
		SELECT *
		FROM ${SUBSYSTEM_SCHEMA}CCI_CREDIT_LETTER_INFO T1
		<include refid="whereCondtion"/>
	</select>
	<!-- 保理业务信息 -->
	<select id="getCCI_FACTORING_BUSI" parameterClass="java.lang.String" resultMap="CCI_FACTORING_BUSI.CciFactoringBusiFormResult">
		SELECT *
		FROM ${SUBSYSTEM_SCHEMA}CCI_FACTORING_BUSI T1
		<include refid="whereCondtion"/>
	</select>
	<!-- 融资协议金额信息 -->
	<select id="getCCI_FINAN_AGR_AMOUNT_INFO" parameterClass="java.util.Map" resultMap="CCI_FINAN_AGR_AMOUNT_INFO.cciFinanAgrAmountInfoResult">
		SELECT * FROM ${SUBSYSTEM_SCHEMA}CCI_FINAN_AGR_AMOUNT_INFO T1
		<include refid="parentWhereCondtion"/>
	</select>
	<!-- 融资协议信息 -->
	<select id="getCCI_FINANCE_AGREEMENT_INFO" parameterClass="java.lang.String" resultMap="CCI_FINANCE_AGREEMENT_INFO.CciFinanceAgreementInfoFormResult">
		SELECT *
		FROM ${SUBSYSTEM_SCHEMA}CCI_FINANCE_AGREEMENT_INFO T1
		<include refid="whereCondtion"/>
	</select>
	<!-- 融资业务展期信息 -->
	<select id="getCCI_FINANCE_BUSI_EXTEN_INFO" parameterClass="java.lang.String" resultMap="CCI_FINANCE_BUSI_EXTEN_INFO.CciFinanceBusiExtenInfoFormResult">
		SELECT *
		FROM ${SUBSYSTEM_SCHEMA}CCI_FINANCE_BUSI_EXTEN_INFO T1
		<include refid="whereCondtion"/>
	</select>
	<!-- 融资业务信息 -->
	<select id="getCCI_FINANCE_BUSI_INFO" parameterClass="java.lang.String" resultMap="CCI_FINANCE_BUSI_INFO.CciFinanceBusiInfoFormResult">
		SELECT *
		FROM ${SUBSYSTEM_SCHEMA}CCI_FINANCE_BUSI_INFO T1
		<include refid="whereCondtion"/>
	</select>
	<!-- 融资业务还款信息 -->
	<select id="getCCI_FINANCE_BUSI_REPAY_INFO" parameterClass="java.lang.String" resultMap="CCI_FINANCE_BUSI_REPAY_INFO.CciFinanceBusiRepayInfoFormResult">
		SELECT *
		FROM ${SUBSYSTEM_SCHEMA}CCI_FINANCE_BUSI_REPAY_INFO T1
		<include refid="whereCondtion"/>
	</select>
	<!-- 自然人保证合同信息 -->
	<select id="getCCI_GUARANTEE_CON_INFO_NA" parameterClass="java.lang.String" resultMap="CCI_GUARANTEE_CON_INFO_NA.CciGuaranteeConInfoNaFormResult">
		SELECT *
		FROM ${SUBSYSTEM_SCHEMA}CCI_GUARANTEE_CON_INFO_NA T1
		<include refid="whereCondtion"/>
	</select>
	<!-- 保证合同信息  -->
	<select id="getCCI_GUARANTEE_CONTRACT_INFO" parameterClass="java.lang.String" resultMap="CCI_GUARANTEE_CONTRACT_INFO.CciGuaranteeContractInfoFormResult">
		SELECT *
		FROM ${SUBSYSTEM_SCHEMA}CCI_GUARANTEE_CONTRACT_INFO T1
		<include refid="whereCondtion"/>
	</select>
	<!-- 保函业务记录 -->
	<select id="getCCI_INDEMNITY_BUSI" parameterClass="java.lang.String" resultMap="CCI_INDEMNITY_BUSI.CciIndemnityBusiFormResult">
		SELECT *
		FROM ${SUBSYSTEM_SCHEMA}CCI_INDEMNITY_BUSI T1
		<include refid="whereCondtion"/>
	</select>
	<!-- 贷款业务展期信息 -->
	<select id="getCCI_LOAN_EXTENSION_INFO" parameterClass="java.lang.String" resultMap="CCI_LOAN_EXTENSION_INFO.CciLoanExtensionInfoFormResult">
		SELECT *
		FROM ${SUBSYSTEM_SCHEMA}CCI_LOAN_EXTENSION_INFO T1
		<include refid="whereCondtion"/>
	</select>
	<!-- 贷款业务借据信息 -->
	<select id="getCCI_LOAN_RECEIPT_INFO" parameterClass="java.lang.String" resultMap="CCI_LOAN_RECEIPT_INFO.CciLoanReceiptInfoFormResult">
		SELECT *
		FROM ${SUBSYSTEM_SCHEMA}CCI_LOAN_RECEIPT_INFO T1
		<include refid="whereCondtion"/>
	</select>
	<!-- 贷款业务还款信息 -->
	<select id="getCCI_LOAN_REPAYMENT" parameterClass="java.lang.String" resultMap="CCI_LOAN_REPAYMENT.CciLoanRepaymentFormResult">
		SELECT * 
		FROM ${SUBSYSTEM_SCHEMA}CCI_LOAN_REPAYMENT T1
		<include refid="whereCondtion"/>
	</select>
	<!-- 自然人抵押合同信息 -->
	<select id="getCCI_MORTGAGE_CON_INFO_NA" parameterClass="java.lang.String" resultMap="CCI_MORTGAGE_CON_INFO_NA.CciMortgageConInfoNaFormResult">
		SELECT *
		FROM ${SUBSYSTEM_SCHEMA}CCI_MORTGAGE_CON_INFO_NA T1
		<include refid="whereCondtion"/>
	</select>
	<!-- 抵押合同信息 -->
	<select id="getCCI_MORTGAGE_CONTRACT_INFO" parameterClass="java.lang.String" resultMap="CCI_MORTGAGE_CONTRACT_INFO.CciMortgageContractInfoFormResult">
		SELECT *
		FROM ${SUBSYSTEM_SCHEMA}CCI_MORTGAGE_CONTRACT_INFO T1
		<include refid="whereCondtion"/>
	</select>
	<!-- 机构基本信息 -->
	<select id="getCCI_ORGINFO_BASIC" parameterClass="java.lang.String" resultMap="CCI_ORGINFO_BASIC.cciOrginfoBasicVOResult">
		SELECT *
		FROM ${SUBSYSTEM_SCHEMA}CCI_ORGINFO_BASIC T1
		<include refid="whereCondtion"/>
	</select>
	<!-- //upd by gf at 2016-07-28 Release V1.0 NO.53 start -->
	<!-- 机构基本信息_基本属性 -->
	<select id="getPropertyCCI_ORGINFO_BASIC" parameterClass="java.util.Map" resultMap="CCI_ORGINFO_BASIC.CciOrginfoBasicPropertyVOResult">
		SELECT *
		FROM ${SUBSYSTEM_SCHEMA}CCI_ORGINFO_BASIC_PROPERTY T1
		<include refid="orgWhereCondtion"/>
		<!-- upd by gcj 20170420 Release V1.0 NO.392 start-->
		ORDER BY T2.ctl_busi_date
		<!-- upd by gcj 20170420 Release V1.0 NO.392 end-->
	</select>
	<!-- 机构基本信息_机构状态 -->
	<select id="getStatusCCI_ORGINFO_BASIC" parameterClass="java.util.Map" resultMap="CCI_ORGINFO_BASIC.CciOrginfoOrgStatusVOResult">
		SELECT *
		FROM ${SUBSYSTEM_SCHEMA}CCI_ORGINFO_ORG_STATUS T1
		<include refid="orgWhereCondtion"/>
		<!-- upd by gcj 20170420 Release V1.0 NO.392 start-->
		ORDER BY T2.ctl_busi_date
		<!-- upd by gcj 20170420 Release V1.0 NO.392 end-->
	</select>
	<!-- 机构基本信息_联络信息 -->
	<select id="getContactCCI_ORGINFO_BASIC" parameterClass="java.util.Map" resultMap="CCI_ORGINFO_BASIC.CciOrginfoContactVOResult">
		SELECT *
		FROM ${SUBSYSTEM_SCHEMA}CCI_ORGINFO_CONTACT T1
		<include refid="orgWhereCondtion"/>
		<!-- upd by gcj 20170420 Release V1.0 NO.392 start-->
		ORDER BY T2.ctl_busi_date
		<!-- upd by gcj 20170420 Release V1.0 NO.392 end-->
	</select>
	<!-- 机构基本信息_上级机构（主管单位）信息 -->
	<select id="getSuperiorMechCCI_ORGINFO_BASIC" parameterClass="java.util.Map" resultMap="CCI_ORGINFO_BASIC.CciOrginfoSuperiorMechVOResult">
		SELECT *
		FROM ${SUBSYSTEM_SCHEMA}CCI_ORGINFO_SUPERIOR_MECH T1
		<include refid="orgWhereCondtion"/>
		<!-- upd by gcj 20170420 Release V1.0 NO.392 start-->
		ORDER BY T2.ctl_busi_date
		<!-- upd by gcj 20170420 Release V1.0 NO.392 end-->
	</select>
	<!-- //upd by gf at 2016-07-28 Release V1.0 NO.53 end -->
	<!--机构信息删除信息  -->
	<select id="getCCI_ORGINFO_DELETE" parameterClass="java.lang.String" resultMap="CCI_ORGINFO_DELETE.cciOrginfoDeleteResult">
		SELECT *
		FROM ${SUBSYSTEM_SCHEMA}CCI_ORGINFO_DELETE T1
		<include refid="whereCondtion"/>
	</select>

	<!-- 机构基本信息_高管及主要关系人 -->
	<!-- //add by gf at 2016-06-14 Release V1.0 NO.10 start -->
	<select id="getCCI_ORGINFO_EXECUTIVE_RELA" parameterClass="java.util.Map" resultMap="CCI_ORGINFO_EXECUTIVE_RELA.cciOrginfoExecutiveRelaFormResult">
		SELECT *
		FROM ${SUBSYSTEM_SCHEMA}CCI_ORGINFO_EXECUTIVE_RELA T1
		<include refid="orgWhereCondtion"/>
		<!--// add by gcj 20170512 Release V1.0 NO.452 start-->
		<!--AND T2.MSG_RECORD_OPERATE_TYPE != '4'-->
		<!--// add by gcj 20170512 Release V1.0 NO.452 end-->
		<!-- upd by gcj 20170420 Release V1.0 NO.392 start-->
		ORDER BY T2.ctl_busi_date
		<!-- upd by gcj 20170420 Release V1.0 NO.392 end-->
	</select>
	<!-- //add by gf at 2016-06-14 Release V1.0 NO.10 end -->
	<!-- 家族成员删除信息 -->
	<select id="getCCI_ORGINFO_FAMILY_MEM_DEL" parameterClass="java.lang.String" resultMap="CCI_ORGINFO_FAMILY_MEM_DEL.cciOrginfoFamilyMemDelResult">
		SELECT *
		FROM ${SUBSYSTEM_SCHEMA}CCI_ORGINFO_FAMILY_MEM_DEL T1
		<include refid="whereCondtion"/>
	</select>
	<!-- 家族成员信息 -->
	<select id="getCCI_ORGINFO_FAMILY_MEMBERS" parameterClass="java.lang.String" resultMap="CCI_ORGINFO_FAMILY_MEMBERS.cciOrginfoFamilyMembersResult">
		SELECT *
		FROM ${SUBSYSTEM_SCHEMA}CCI_ORGINFO_FAMILY_MEMBERS T1
		<include refid="whereCondtion"/>
	</select>
	<!-- 机构基本信息_主要关联企业 -->
	<!-- //add by gf at 2016-06-14 Release V1.0 NO.10 start -->
	<select id="getCCI_ORGINFO_IMPORT_REL_COR" parameterClass="java.util.Map" resultMap="CCI_ORGINFO_IMPORT_REL_COR.cciOrginfoImportRelCorFormResult">
		SELECT *
		FROM ${SUBSYSTEM_SCHEMA}CCI_ORGINFO_IMPORT_REL_COR T1
		<include refid="orgWhereCondtion"/>
		<!--// add by gcj 20170512 Release V1.0 NO.452 start-->
		<!-- AND T2.MSG_RECORD_OPERATE_TYPE != '4'-->
		<!--// add by gcj 20170512 Release V1.0 NO.452 end-->
		<!-- upd by gcj 20170420 Release V1.0 NO.392 start-->
		ORDER BY T2.ctl_busi_date
		<!-- upd by gcj 20170420 Release V1.0 NO.392 end-->
	</select>

	<!-- 机构基本信息_重要股东 -->
	<select id="getCCI_ORGINFO_IMPORT_S_H" parameterClass="java.util.Map" resultMap="CCI_ORGINFO_IMPORT_S_H.cciOrginfoImportshFormResult">
		SELECT *
		FROM ${SUBSYSTEM_SCHEMA}CCI_ORGINFO_IMPORT_S_H T1
		<include refid="orgWhereCondtion"/>
		<!--// add by gcj 20170512 Release V1.0 NO.452 start-->
		<!--AND T2.MSG_RECORD_OPERATE_TYPE != '4'-->
		<!--// add by gcj 20170512 Release V1.0 NO.452 end-->
		<!-- upd by gcj 20170420 Release V1.0 NO.392 start-->
		ORDER BY T2.ctl_busi_date
		<!-- upd by gcj 20170420 Release V1.0 NO.392 end-->
	</select>
	<!-- //add by gf at 2016-06-14 Release V1.0 NO.10 end -->
	<!-- 自然人质押合同信息 -->
	<select id="getCCI_PLEDGE_CONTRACT_INFO_NA" parameterClass="java.lang.String" resultMap="CCI_PLEDGE_CONTRACT_INFO_NA.CciPledgeContractInfoNaFormResult">
		SELECT *
		FROM ${SUBSYSTEM_SCHEMA}CCI_PLEDGE_CONTRACT_INFO_NA T1
		<include refid="whereCondtion"/>
	</select>
	<!-- 质押合同信息 -->
	<select id="getCCI_PLEDGE_CONTRACT_INFO" parameterClass="java.lang.String" resultMap="CCI_PLEDGE_CONTRACT_INFO.CciPledgeContractInfoFormResult">
		SELECT *
		FROM ${SUBSYSTEM_SCHEMA}CCI_PLEDGE_CONTRACT_INFO T1
		<include refid="whereCondtion"/>
	</select>
	<!-- 2002版利润及利润分配 -->
	<select id="getCCI_PROFIT_DISTRIBUT_2002" parameterClass="java.lang.String" resultMap="CCI_PROFIT_DISTRIBUT_2002.cciProfitDistribut2002FormResult">
		SELECT *
		FROM ${SUBSYSTEM_SCHEMA}CCI_PROFIT_DISTRIBUT_2002 T1
		<include refid="whereCondtion"/>
	</select>
	<!-- 2007版利润及利润分配 -->
	<select id="getCCI_PROFIT_DISTRIBUT_2007" parameterClass="java.lang.String" resultMap="CCI_PROFIT_DISTRIBUT_2007.cciProfitDistribut2007FormResult">
		SELECT *
		FROM ${SUBSYSTEM_SCHEMA}CCI_PROFIT_DISTRIBUT_2007 T1
		<include refid="whereCondtion"/>
	</select>
	<!-- 授信业务 -->
	<select id="getCCI_PUBLIC_CREDIT_INFO" parameterClass="java.lang.String" resultMap="CCI_PUBLIC_CREDIT_INFO.CciPublicCreditInfoFormResult">
		SELECT *
		FROM ${SUBSYSTEM_SCHEMA}CCI_PUBLIC_CREDIT_INFO T1
		<include refid="whereCondtion"/>
	</select>

</sqlMap>