<?xml version="1.0" encoding="UTF-8" ?>
<!DOCTYPE sqlMap PUBLIC "-//ibatis.apache.org//DTD SQL Map 2.0//EN" "http://ibatis.apache.org/dtd/sql-map-2.dtd" >
<sqlMap namespace="CCI_REPORT_SYSTEM_CTL_HIS">
	<!-- // add by gf at 20160819 修复报送历史只显示最新的历史数据 start -->
	<resultMap id="CciReportSystemCtlFormResult" class="com.synesoft.cci.business.sys.form.CciReportSystemCtlForm">
		<result column="SYS_CTL_ID" property="sysCtlId" jdbcType="VARCHAR" />
		<result column="FILE_SEND_DATE" property="fileSendDate" jdbcType="VARCHAR" />
		<result column="REPORT_BATCH_NO" property="reportBatchNo" jdbcType="VARCHAR" />
		<result column="MSG_RECORD_TRACKING_NO" property="msgRecordTrackingNo" jdbcType="VARCHAR" />
		<result column="MSG_RECORD_OPERATE_TYPE" property="msgRecordOperateType" jdbcType="VARCHAR" />
		<result column="MSG_RECORD_ROW" property="msgRecordRow" jdbcType="VARCHAR" />
		<result column="REPORT_FLAG" property="reportFlag" jdbcType="VARCHAR" />
		<result column="FEEDBACK_FLAG" property="feedbackFlag" jdbcType="VARCHAR" />
		<result column="DEPT_ID" property="deptId" jdbcType="VARCHAR" />
		<result column="OPERATING_STATE" property="operatingState" jdbcType="VARCHAR" />
		<result column="REPORT_FILE_TYPE" property="reportFileType" jdbcType="VARCHAR" />
		<result column="MSG_RECORD_TYPE" property="msgRecordType" jdbcType="VARCHAR" />
		<result column="BRANCH_ID" property="branchId" jdbcType="VARCHAR" />
		<result column="BRANCH_NO" property="branchNo" jdbcType="VARCHAR" />
		<result column="RELATION_SYS_CTL_ID" property="relationSysCtlId" jdbcType="VARCHAR" />
		<result column="ORG_BASIC_FEEDBACK_FLAG" property="orgBasicFeedbackFlag" jdbcType="VARCHAR" />
		<result column="OPERATE_TIME" property="operateTime" jdbcType="VARCHAR" />
		<result column="OPERATER" property="operater" jdbcType="VARCHAR" />
		<result column="CHECK_TIME" property="checkTime" jdbcType="VARCHAR" />
		<result column="CHECK_OPERATOR" property="checkOperator" jdbcType="VARCHAR" />
		<result column="CHECK_ADD_MSG" property="checkAddMsg" jdbcType="VARCHAR" />
		<result column="LAST_UPDATE_TIME" property="lastUpdateTime" jdbcType="VARCHAR" />
		<result column="LAST_UPDATER" property="lastUpdater" jdbcType="VARCHAR" />
		<result column="LOGIC_DELETE_FLAG" property="logicDeleteFlag" jdbcType="VARCHAR" />
		<result column="DTL_NUM_A" property="dtlNumA" jdbcType="VARCHAR" />
		<result column="DTL_NUM_B" property="dtlNumB" jdbcType="VARCHAR" />
		<result column="DTL_NUM_C" property="dtlNumC" jdbcType="VARCHAR" />
		<result column="DTL_NUM_D" property="dtlNumD" jdbcType="VARCHAR" />
		<result column="RECORD_STATUS_FLAG" property="recordStatusFlag" jdbcType="VARCHAR" />
		<result column="MESSAGE_TYPE" property="messageType" jdbcType="VARCHAR" />
		<result column="START_INDEX" property="startIndex" jdbcType="VARCHAR" />
		<result column="END_INDEX" property="endIndex" jdbcType="VARCHAR" />
		<result column="SEQ_NUM" property="seqNum" jdbcType="VARCHAR" />
	</resultMap>
	
	<!-- add sjh 20171114 Release V1.0 NO.556 start -->
	<resultMap id="CciReportSystemCtlResult"
		class="com.synesoft.cci.domain.model.CciReportSystemCtl">
		<result column="MSG_RECORD_TYPE" property="msgRecordType"
			jdbcType="VARCHAR" />
	</resultMap>
	<!-- add sjh 20171114 Release V1.0 NO.556 end -->
	
	<sql id="queryCondition">
		<!-- upd sjh 20171114 Release V1.0 NO.556 start-->
		from (select * from ${SUBSYSTEM_SCHEMA}CCI_REPORT_SYSTEM_CTL_H
			 union all
			 select * from ${SUBSYSTEM_SCHEMA}CCI_REPORT_SYSTEM_CTL_DEL_H)b
		<!-- upd sjh 20171114 Release V1.0 NO.556 end-->
		where 1=1
		<dynamic>
			<isNotEmpty prepend="and" property="orgInfList">
				<iterate property="orgInfList" open="b.BRANCH_NO IN (" close=")" conjunction=",">
					#orgInfList[]#
				</iterate>
			</isNotEmpty>
			<isNotEmpty prepend="and" property="branchId">
				b.BRANCH_ID = #branchId#
			</isNotEmpty>
			<isNotEmpty prepend="and" property="fileSendDate">
				b.FILE_SEND_DATE = #fileSendDate#
			</isNotEmpty>
			<isNotEmpty prepend="and" property="reportFileType">
				b.REPORT_FILE_TYPE = #reportFileType#
			</isNotEmpty>
			<isNotEmpty prepend="and" property="reportBatchNo">
				b.REPORT_BATCH_NO = #reportBatchNo#
			</isNotEmpty>
			<isNotEmpty prepend="and" property="relationSysCtlId">
				b.RELATION_SYS_CTL_ID = #relationSysCtlId#
			</isNotEmpty>
			<isNotEmpty prepend="and" property="reportFlag">
				b.REPORT_FLAG = #reportFlag#
			</isNotEmpty>
			<isNotEmpty prepend="and" property="feedbackFlag">
				b.FEEDBACK_FLAG = #feedbackFlag#
			</isNotEmpty>
		</dynamic>
		AND b.LOGIC_DELETE_FLAG NOT IN ('1')
	</sql>

	<!-- // add by gf at 20160819 修复报送历史只显示最新的历史数据 start -->
	<select id="selectList" parameterClass="com.synesoft.cci.business.sys.form.CciReportSystemCtlForm"
		resultMap="CciReportSystemCtlFormResult">
		select *
		<include refid="queryCondition" />
		ORDER BY b.SYS_CTL_ID DESC
	</select>

	<select id="selectCounts" parameterClass="com.synesoft.cci.business.sys.form.CciReportSystemCtlForm"
		resultClass="java.lang.Integer">
		select count(*)
		<include refid="queryCondition" />
	</select>
	
	<!-- 查询历史 -->
	<select id="queryMainHistoryPage" parameterClass="com.synesoft.cci.domain.model.CciReportSystemCtl" resultClass="java.lang.Integer">
		SELECT COUNT(b.SYS_CTL_ID)
		<!-- upd sjh 20171114 Release V1.0 NO.556 start-->
		from (select * from ${SUBSYSTEM_SCHEMA}CCI_REPORT_SYSTEM_CTL_H
			 union all
			 select * from ${SUBSYSTEM_SCHEMA}CCI_REPORT_SYSTEM_CTL_DEL_H)b
		<!-- upd sjh 20171114 Release V1.0 NO.556 end-->
		WHERE 1=1
		and b.SYS_CTL_ID = #sysCtlId#
		and b.RELATION_SYS_CTL_ID = #relationSysCtlId#
	</select>
	
	<!-- add sjh 20171114 Release V1.0 NO.556 start -->
	<select id="selectByPrimaryKey" parameterClass="com.synesoft.cci.business.sys.form.CciReportSystemCtlForm"
	resultMap="CciReportSystemCtlResult">
		select MSG_RECORD_TYPE 
		from (
			select * from ${SUBSYSTEM_SCHEMA}CCI_REPORT_SYSTEM_CTL_H
			union all
			select * from ${SUBSYSTEM_SCHEMA}CCI_REPORT_SYSTEM_CTL_DEL_H)b
		where 1=1
		<dynamic>
			<isNotEmpty prepend="and" property="sysCtlId">
				b.SYS_CTL_ID =
				#sysCtlId#
			</isNotEmpty>
			<isNotEmpty prepend="and" property="seqNum">
				b.SEQ_NUM =
				#seqNum#
			</isNotEmpty>
		</dynamic>
	</select>
	<!-- add sjh 20171114 Release V1.0 NO.556 end -->
</sqlMap>