<?xml version="1.0" encoding="UTF-8" ?>
<!DOCTYPE sqlMap PUBLIC "-//ibatis.apache.org//DTD SQL Map 2.0//EN" "http://ibatis.apache.org/dtd/sql-map-2.dtd" >
<sqlMap namespace="CCI_ASSETS_LIABILITY_2002_H">
	<resultMap id="cciAssetsLiability2002FormResult"
		class="com.synesoft.cci.app.form.bbm.CciAssetsLiability2002Form">
		<!-- WARNING - This element is automatically generated by Abator for iBATIS, 
			do not modify. This element was generated on Fri Oct 30 15:02:44 CST 2015. -->
		<result column="SYS_CTL_ID" property="sysCtlId" jdbcType="VARCHAR" />
		<result column="RELATION_FEEDBACK_ID" property="relationFeedbackId" jdbcType="VARCHAR"/>
		<result column="CURRENCY_CAPITAL" property="currencyCapital"
			jdbcType="DECIMAL" />
		<result column="SHORT_TERM_INVESTMENT" property="shortTermInvestment"
			jdbcType="DECIMAL" />
		<result column="NOTES_RECEIVABLE" property="notesReceivable"
			jdbcType="DECIMAL" />
		<result column="DIVIDENDS_RECEIVABLE" property="dividendsReceivable"
			jdbcType="DECIMAL" />
		<result column="INTEREST_RECEIVABLE" property="interestReceivable"
			jdbcType="DECIMAL" />
		<result column="ACCOUNTS_RECEIVABLE" property="accountsReceivable"
			jdbcType="DECIMAL" />
		<result column="OTHER_ACCOUNTS_RECEIVABLE" property="otherAccountsReceivable"
			jdbcType="DECIMAL" />
		<result column="ADVANCE_PAYMENT" property="advancePayment"
			jdbcType="DECIMAL" />
		<result column="FUTURES_MARGIN" property="futuresMargin"
			jdbcType="DECIMAL" />
		<result column="SUBSIDIES_RECEIVABLE" property="subsidiesReceivable"
			jdbcType="DECIMAL" />
		<result column="EXPORT_TAX_REBATE_RECEIVABLE" property="exportTaxRebateReceivable"
			jdbcType="DECIMAL" />
		<result column="STOCK" property="stock" jdbcType="DECIMAL" />
		<result column="INVENTORY_RAW_MATERIALS" property="inventoryRawMaterials"
			jdbcType="DECIMAL" />
		<result column="STOCK_PRODUCTS" property="stockProducts"
			jdbcType="DECIMAL" />
		<result column="PREPAID_EXPENSES" property="prepaidExpenses"
			jdbcType="DECIMAL" />
		<result column="NET_LOSS_TREA_WITH_CURR_ASSE" property="netLossTreaWithCurrAsse"
			jdbcType="DECIMAL" />
		<result column="LONG_TERM_DEBT_INVE_IN_A_YEAR" property="longTermDebtInveInAYear"
			jdbcType="DECIMAL" />
		<result column="OTHER_FLOW_CAPITAL" property="otherFlowCapital"
			jdbcType="DECIMAL" />
		<result column="FLOW_CAPITAL_IN_TOTAL" property="flowCapitalInTotal"
			jdbcType="DECIMAL" />
		<result column="LONG_TERM_INVESTMENT" property="longTermInvestment"
			jdbcType="DECIMAL" />
		<result column="LONG_TERM_EQUITY_INVESTMENT" property="longTermEquityInvestment"
			jdbcType="DECIMAL" />
		<result column="LONG_TERM_DEBT_INVESTMENT" property="longTermDebtInvestment"
			jdbcType="DECIMAL" />
		<result column="COMBINED_PRICE_DIFFERENCE" property="combinedPriceDifference"
			jdbcType="DECIMAL" />
		<result column="TOTAL_LONG_TERM_INVESTMENT" property="totalLongTermInvestment"
			jdbcType="DECIMAL" />
		<result column="FIXED_ASSETS_PRICE" property="fixedAssetsPrice"
			jdbcType="DECIMAL" />
		<result column="ACCUMULATED_DEPRECIATION" property="accumulatedDepreciation"
			jdbcType="DECIMAL" />
		<result column="FIXED_ASSETS_VALUE" property="fixedAssetsValue"
			jdbcType="DECIMAL" />
		<result column="FIXED_ASSET_DEPR_PREP" property="fixedAssetDeprPrep"
			jdbcType="DECIMAL" />
		<result column="FIXED_ASSETS_NET" property="fixedAssetsNet"
			jdbcType="DECIMAL" />
		<result column="FIXED_ASSET_CLEAR" property="fixedAssetClear"
			jdbcType="DECIMAL" />
		<result column="ENGINEERING_MATERIALS" property="engineeringMaterials"
			jdbcType="DECIMAL" />
		<result column="UNDER_CONSTRUCTION" property="underConstruction"
			jdbcType="DECIMAL" />
		<result column="NET_LOSS_OF_FIXED_ASSE_TO_TREA" property="netLossOfFixedAsseToTrea"
			jdbcType="DECIMAL" />
		<result column="TOTAL_FIXED_ASSETS" property="totalFixedAssets"
			jdbcType="DECIMAL" />
		<result column="INTANGIBLE_ASSETS" property="intangibleAssets"
			jdbcType="DECIMAL" />
		<result column="LAND_USE_RIGH_OF_INTA_ASSE" property="landUseRighOfIntaAsse"
			jdbcType="DECIMAL" />
		<result column="DEFERRED_ASSETS" property="deferredAssets"
			jdbcType="DECIMAL" />
		<result column="DEFE_ASSE_FIXE_ASSE_REPA" property="defeAsseFixeAsseRepa"
			jdbcType="DECIMAL" />
		<result column="CAPI_IMPR_EXPE" property="capiImprExpe"
			jdbcType="DECIMAL" />
		<result column="OTHER_LONG_TERM_ASSETS" property="otherLongTermAssets"
			jdbcType="DECIMAL" />
		<result column="OTHER_SPECIAL_MATERIAL_RESERVE" property="otherSpecialMaterialReserve"
			jdbcType="DECIMAL" />
		<result column="TOTAL_INTA_AND_OTHE_ASSE" property="totalIntaAndOtheAsse"
			jdbcType="DECIMAL" />
		<result column="DEFERRED_TAX_DEBIT" property="deferredTaxDebit"
			jdbcType="DECIMAL" />
		<result column="TOTAL_CAPITAL" property="totalCapital"
			jdbcType="DECIMAL" />
		<result column="SHORT_TERM_BORROWING" property="shortTermBorrowing"
			jdbcType="DECIMAL" />
		<result column="NOTES_PAYABLE" property="notesPayable"
			jdbcType="DECIMAL" />
		<result column="ACCOUNTS_PAYABLE" property="accountsPayable"
			jdbcType="DECIMAL" />
		<result column="ACCOUNTS_COLLECT_IN_ADVANCE" property="accountsCollectInAdvance"
			jdbcType="DECIMAL" />
		<result column="WAGE_PAYABLE" property="wagePayable" jdbcType="DECIMAL" />
		<result column="WELFARE_PAYABLE" property="welfarePayable"
			jdbcType="DECIMAL" />
		<result column="PROFIT_PAYABLE" property="profitPayable"
			jdbcType="DECIMAL" />
		<result column="TAX_PAYABLE" property="taxPayable" jdbcType="DECIMAL" />
		<result column="OTHER_PAYABLE" property="otherPayable"
			jdbcType="DECIMAL" />
		<result column="OTHER_PAYMENT" property="otherPayment"
			jdbcType="DECIMAL" />
		<result column="ACCRUED_EXPENSES" property="accruedExpenses"
			jdbcType="DECIMAL" />
		<result column="EXPECTED_LIABILITY" property="expectedLiability"
			jdbcType="DECIMAL" />
		<result column="LONG_TERM_LIABILITY_IN_A_YEAR" property="longTermLiabilityInAYear"
			jdbcType="DECIMAL" />
		<result column="OTHER_CURRENT_LIABILITIES" property="otherCurrentLiabilities"
			jdbcType="DECIMAL" />
		<result column="TOTAL_CURRENT_LIABILITIES" property="totalCurrentLiabilities"
			jdbcType="DECIMAL" />
		<result column="LONG_TERM_BORROWING" property="longTermBorrowing"
			jdbcType="DECIMAL" />
		<result column="BONDS_PAYMENT" property="bondsPayment"
			jdbcType="DECIMAL" />
		<result column="LONG_TERM_ACCOUNTS_PAYABLE" property="longTermAccountsPayable"
			jdbcType="DECIMAL" />
		<result column="SPECIAL_PAYMENT" property="specialPayment"
			jdbcType="DECIMAL" />
		<result column="OTHER_LONG_TERM_LIABILITY" property="otherLongTermLiability"
			jdbcType="DECIMAL" />
		<result column="OTHE_LONG_TERM_LIAB_SPEC_REVE" property="otheLongTermLiabSpecReve"
			jdbcType="DECIMAL" />
		<result column="TOTAL_LONG_TERM_LIABILITY" property="totalLongTermLiability"
			jdbcType="DECIMAL" />
		<result column="DEFERRED_TAX_CREDIT" property="deferredTaxCredit"
			jdbcType="DECIMAL" />
		<result column="TOTAL_LIABILITIES" property="totalLiabilities"
			jdbcType="DECIMAL" />
		<result column="MINORITY_SHAREHOLDERS_RIGHTS" property="minorityShareholdersRights"
			jdbcType="DECIMAL" />
		<result column="REAL_INCOME_CAPITAL" property="realIncomeCapital"
			jdbcType="DECIMAL" />
		<result column="NATIONAL_CAPITAL" property="nationalCapital"
			jdbcType="DECIMAL" />
		<result column="COLLECTIVE_CAPITAL" property="collectiveCapital"
			jdbcType="DECIMAL" />
		<result column="LEGAL_PERSON_CAPITAL" property="legalPersonCapital"
			jdbcType="DECIMAL" />
		<result column="NATIONAL_LEGAL_PERSON_CAPITAL" property="nationalLegalPersonCapital"
			jdbcType="DECIMAL" />
		<result column="COLL_LEGA_PERS_CAPI" property="collLegaPersCapi"
			jdbcType="DECIMAL" />
		<result column="PERSONAL_CAPITAL" property="personalCapital"
			jdbcType="DECIMAL" />
		<result column="FOREIGN_CAPITAL" property="foreignCapital"
			jdbcType="DECIMAL" />
		<result column="CAPITAL_RESERVE" property="capitalReserve"
			jdbcType="DECIMAL" />
		<result column="SURPLUS_RESERVE" property="surplusReserve"
			jdbcType="DECIMAL" />
		<result column="LEGAL_SURPLUS_RESERVE" property="legalSurplusReserve"
			jdbcType="DECIMAL" />
		<result column="SURP_RESE_PUBL_WELF_FUND" property="surpResePublWelfFund"
			jdbcType="DECIMAL" />
		<result column="SURP_RESE_CURR_CAPI" property="surpReseCurrCapi"
			jdbcType="DECIMAL" />
		<result column="UNRECOGNIZED_INVESTMENT_LOSSES" property="unrecognizedInvestmentLosses"
			jdbcType="DECIMAL" />
		<result column="NONDISTRIBUTED_PROFIT" property="nondistributedProfit"
			jdbcType="DECIMAL" />
		<result column="DIFF_OF_FORE_CURR_STAT" property="diffOfForeCurrStat"
			jdbcType="DECIMAL" />
		<result column="TOTAL_OWNERS_EQUITY" property="totalOwnersEquity"
			jdbcType="DECIMAL" />
		<result column="TOTA_LIAB_AND_OWNE_EQUI" property="totaLiabAndOwneEqui"
			jdbcType="DECIMAL" />
		<result column="CUSTOMER_CODE" property="customerCode"
			jdbcType="VARCHAR" />
		<result column="REPORT_YEAR" property="reportYear" jdbcType="VARCHAR" />
		<result column="REPORT_TYPE" property="reportType" jdbcType="VARCHAR" />
		<result column="REPORT_TYPE_SUBDIVISION" property="reportTypeSubdivision"
			jdbcType="VARCHAR" />
		<result column="BORROWER_NAME" property="borrowerName"
			jdbcType="VARCHAR" />
		<result column="LOAN_CARD_NO" property="loanCardNo" jdbcType="VARCHAR" />
		<result column="AUDIT_FIRM_NAME" property="auditFirmName"
			jdbcType="VARCHAR" />
		<result column="AUDITOR_NAME" property="auditorName" jdbcType="VARCHAR" />
		<result column="CHECK_TIME_C" property="checkTimeC" jdbcType="VARCHAR" />
		<result column="BUSI_DATE" property="busiDate" jdbcType="VARCHAR" />
		<result column="FILE_SEND_DATE" property="fileSendDate"
			jdbcType="VARCHAR" />
		<result column="REPORT_BATCH_NO" property="reportBatchNo"
			jdbcType="VARCHAR" />
		<result column="MSG_RECORD_TRACKING_NO" property="msgRecordTrackingNo"
			jdbcType="VARCHAR" />
		<result column="MSG_RECORD_OPERATE_TYPE" property="msgRecordOperateType"
			jdbcType="VARCHAR" />
		<result column="MSG_RECORD_ROW" property="msgRecordRow"
			jdbcType="VARCHAR" />
		<result column="REPORT_FLAG" property="reportFlag" jdbcType="VARCHAR" />
		<result column="FEEDBACK_FLAG" property="feedbackFlag"
			jdbcType="VARCHAR" />
		<result column="DEPT_ID" property="deptId" jdbcType="VARCHAR" />
		<result column="OPERATING_STATE" property="operatingState"
			jdbcType="VARCHAR" />
		<result column="REPORT_FILE_TYPE" property="reportFileType"
			jdbcType="VARCHAR" />
		<result column="MSG_RECORD_TYPE" property="msgRecordType"
			jdbcType="VARCHAR" />
		<result column="BRANCH_ID" property="branchId" jdbcType="VARCHAR" />
		<result column="BRANCH_NO" property="branchNo" jdbcType="VARCHAR" />
		<result column="RELATION_SYS_CTL_ID" property="relationSysCtlId"
			jdbcType="VARCHAR" />
		<result column="ORG_BASIC_FEEDBACK_FLAG" property="orgBasicFeedbackFlag"
			jdbcType="VARCHAR" />
		<result column="OPERATE_TIME" property="operateTime" jdbcType="VARCHAR" />
		<result column="OPERATER" property="operater" jdbcType="VARCHAR" />
		<result column="CHECK_TIME" property="checkTime" jdbcType="VARCHAR" />
		<result column="CHECK_OPERATOR" property="checkOperator"
			jdbcType="VARCHAR" />
		<result column="CHECK_ADD_MSG" property="checkAddMsg" jdbcType="VARCHAR" />
		<result column="LAST_UPDATE_TIME" property="lastUpdateTime"
			jdbcType="VARCHAR" />
		<result column="LAST_UPDATER" property="lastUpdater" jdbcType="VARCHAR" />
		<result column="LOGIC_DELETE_FLAG" property="logicDeleteFlag"
			jdbcType="VARCHAR" />
		<result column="RECORD_STATUS_FLAG" property="recordStatusFlag"
			jdbcType="VARCHAR" />
		<result column="MESSAGE_TYPE" property="messageType" jdbcType="VARCHAR" />
		<result column="SEQ_NUM" property="seqNum" jdbcType="VARCHAR" />
		
	</resultMap>
	<sql id="queryCondition">
		from ${SUBSYSTEM_SCHEMA}CCI_ASSETS_LIABILITY_2002_H a
		join ${SUBSYSTEM_SCHEMA}CCI_REPORT_SYSTEM_CTL_H b
		on a.SYS_CTL_ID =
		b.SYS_CTL_ID
		and a.seq_num=b.seq_num
		where 1=1
		<dynamic>
		<isNotEmpty prepend="and" property="seqNum">
				a.SEQ_NUM = #seqNum#
			</isNotEmpty>
			<isNotEmpty prepend="and" property="orgInfList">
				<iterate property="orgInfList" open="b.BRANCH_NO IN ("
					close=")" conjunction=",">
					#orgInfList[]#
				</iterate>
			</isNotEmpty>
			<isNotEmpty prepend="and" property="branchId">
				b.BRANCH_ID =
				#branchId:VARCHAR#
			</isNotEmpty>
			<!-- add by gy 2016-11-18 Release V1.0 NO.221 cover 198 start -->
			<isNotEmpty prepend="and" property="logicDeleteFlag">
				b.LOGIC_DELETE_FLAG = #logicDeleteFlag#
			</isNotEmpty>
			<!-- add by gy 2016-11-18 Release V1.0 NO.221 cover 198 end -->
			<!-- add by gy 2016-09-08 Release V1.0 NO.120 start -->
			<isNotEmpty prepend="and" property="busiDateStart">
				<![CDATA[a.BUSI_DATE >=]]> #busiDateStart# 
			</isNotEmpty>
			<isNotEmpty prepend="and" property="busiDateEnd">
				<![CDATA[a.BUSI_DATE <=]]> #busiDateEnd#
			</isNotEmpty>
			<isNotEmpty prepend="and" property="fileSendDateStart">
				<![CDATA[b.FILE_SEND_DATE >=]]> #fileSendDateStart# 
			</isNotEmpty>
			<isNotEmpty prepend="and" property="fileSendDateEnd">
				<![CDATA[b.FILE_SEND_DATE <=]]> #fileSendDateEnd#
			</isNotEmpty>
			<!-- add by gy 2016-09-08 Release V1.0 NO.120 end -->
			<isNotEmpty prepend="and" property="customerCode">
				a.CUSTOMER_CODE =
				#customerCode:VARCHAR#
			</isNotEmpty>
			<isNotEmpty prepend="and" property="reportYear">
				a.REPORT_YEAR =
				#reportYear:VARCHAR#
			</isNotEmpty>
			<isNotEmpty prepend="and" property="reportType">
				a.REPORT_TYPE =
				#reportType:VARCHAR#
			</isNotEmpty>
			<isNotEmpty prepend="and" property="reportTypeSubdivision">
				a.REPORT_TYPE_SUBDIVISION = #reportTypeSubdivision:VARCHAR#
			</isNotEmpty>
			<isNotEmpty prepend="and" property="feedbackFlag">
				b.FEEDBACK_FLAG =
				#feedbackFlag:VARCHAR#
			</isNotEmpty>
			<isNotEmpty prepend="and" property="operatingState">
				b.OPERATING_STATE =
				#operatingState:VARCHAR#
			</isNotEmpty>
			<isNotEmpty prepend="and" property="reportFlag">
				b.REPORT_FLAG =
				#reportFlag:VARCHAR#
			</isNotEmpty>
			<isNotEmpty prepend="and" property="opStsList">
				<iterate property="opStsList" open="b.OPERATING_STATE IN ("
					close=")" conjunction=",">
					#opStsList[]#
				</iterate>
			</isNotEmpty>
			<isNotEmpty prepend="and" property="feedbackFlagList">
				<iterate property="feedbackFlagList" open="b.FEEDBACK_FLAG IN ("
					close=")" conjunction=",">
					#feedbackFlagList[]#
				</iterate>
			</isNotEmpty>
			<isNotEmpty prepend="and" property="fileSendDate">
				b.FILE_SEND_DATE = #fileSendDate#
			</isNotEmpty>
			<isNotEmpty prepend="and" property="reportBatchNo">
				b.REPORT_BATCH_NO = #reportBatchNo#
			</isNotEmpty>
		</dynamic>
	</sql>
	
	<sql id="queryBizCondition">
		from ${SUBSYSTEM_SCHEMA}CCI_ASSETS_LIABILITY_2002 a
		join ${SUBSYSTEM_SCHEMA}CCI_REPORT_SYSTEM_CTL b
		on a.SYS_CTL_ID =
		b.SYS_CTL_ID
		where 1=1
		AND b.FEEDBACK_FLAG = '0'
		<dynamic>
			<!-- add by gy 2016-07-06 Release V1.0 NO.54 start -->
			<isNotEmpty prepend="and" property="logicDeleteFlag">
				b.LOGIC_DELETE_FLAG = #logicDeleteFlag#
			</isNotEmpty>
			<!-- add by gy 2016-11-09 Release V1.0 NO.198 cover 54end -->
			<isNotEmpty prepend="and" property="orgInfList">
				<iterate property="orgInfList" open="b.BRANCH_NO IN ("
					close=")" conjunction=",">
					#orgInfList[]#
				</iterate>
			</isNotEmpty>
			<isNotEmpty prepend="and" property="branchId">
				b.BRANCH_ID =
				#branchId:VARCHAR#
			</isNotEmpty>
			<!-- add by gy 2016-09-08 Release V1.0 NO.120 start -->
			<isNotEmpty prepend="and" property="busiDateStart">
				<![CDATA[a.BUSI_DATE >=]]> #busiDateStart# 
			</isNotEmpty>
			<isNotEmpty prepend="and" property="busiDateEnd">
				<![CDATA[a.BUSI_DATE <=]]> #busiDateEnd#
			</isNotEmpty>
			<isNotEmpty prepend="and" property="fileSendDateStart">
				<![CDATA[b.FILE_SEND_DATE >=]]> #fileSendDateStart# 
			</isNotEmpty>
			<isNotEmpty prepend="and" property="fileSendDateEnd">
				<![CDATA[b.FILE_SEND_DATE <=]]> #fileSendDateEnd#
			</isNotEmpty>
			<!-- add by gy 2016-09-08 Release V1.0 NO.120 end -->
			<isNotEmpty prepend="and" property="customerCode">
				a.CUSTOMER_CODE =
				#customerCode:VARCHAR#
			</isNotEmpty>
			<isNotEmpty prepend="and" property="reportYear">
				a.REPORT_YEAR =
				#reportYear:VARCHAR#
			</isNotEmpty>
			<isNotEmpty prepend="and" property="reportType">
				a.REPORT_TYPE =
				#reportType:VARCHAR#
			</isNotEmpty>
			<isNotEmpty prepend="and" property="reportTypeSubdivision">
				a.REPORT_TYPE_SUBDIVISION = #reportTypeSubdivision:VARCHAR#
			</isNotEmpty>
			<isNotEmpty prepend="and" property="feedbackFlag">
				b.FEEDBACK_FLAG =
				#feedbackFlag:VARCHAR#
			</isNotEmpty>
			<isNotEmpty prepend="and" property="operatingState">
				b.OPERATING_STATE =
				#operatingState:VARCHAR#
			</isNotEmpty>
			<isNotEmpty prepend="and" property="reportFlag">
				b.REPORT_FLAG =
				#reportFlag:VARCHAR#
			</isNotEmpty>
			<isNotEmpty prepend="and" property="opStsList">
				<iterate property="opStsList" open="b.OPERATING_STATE IN ("
					close=")" conjunction=",">
					#opStsList[]#
				</iterate>
			</isNotEmpty>
			<isNotEmpty prepend="and" property="feedbackFlagList">
				<iterate property="feedbackFlagList" open="b.FEEDBACK_FLAG IN ("
					close=")" conjunction=",">
					#feedbackFlagList[]#
				</iterate>
			</isNotEmpty>
			<isNotEmpty prepend="and" property="fileSendDate">
				b.FILE_SEND_DATE = #fileSendDate#
			</isNotEmpty>
			<isNotEmpty prepend="and" property="reportBatchNo">
				b.REPORT_BATCH_NO = #reportBatchNo#
			</isNotEmpty>
		</dynamic>
</sql>

	<select id="selectQryList" resultMap="cciAssetsLiability2002FormResult"
		parameterClass="com.synesoft.cci.app.form.bbm.CciAssetsLiability2002Form">
		SELECT *
		FROM (
		select a.*,
		b.FILE_SEND_DATE,
		b.REPORT_BATCH_NO,
		b.MSG_RECORD_TRACKING_NO,
		b.MSG_RECORD_OPERATE_TYPE,
		b.MSG_RECORD_ROW,
		b.REPORT_FLAG,
		b.FEEDBACK_FLAG,
		b.DEPT_ID,
		b.OPERATING_STATE,
		b.REPORT_FILE_TYPE,
		b.MSG_RECORD_TYPE,
		b.BRANCH_ID,
		b.BRANCH_NO,
		b.RELATION_SYS_CTL_ID,
		b.ORG_BASIC_FEEDBACK_FLAG,
		b.OPERATE_TIME,
		b.OPERATER,
		b.CHECK_TIME,
		b.CHECK_OPERATOR,
		b.CHECK_ADD_MSG,
		b.LAST_UPDATE_TIME,
		b.LAST_UPDATER,
		b.LOGIC_DELETE_FLAG,
		b.DTL_NUM_A,
		b.DTL_NUM_B,
		b.DTL_NUM_C,
		b.DTL_NUM_D,
		b.RECORD_STATUS_FLAG,
		b.MESSAGE_TYPE,
		b.RELATION_FEEDBACK_ID,
		b.START_INDEX,
		b.END_INDEX
		<include refid="queryCondition" />
		UNION ALL
		SELECT '' AS SEQ_NUM,
		a.*,
		b.FILE_SEND_DATE,
		b.REPORT_BATCH_NO,
		b.MSG_RECORD_TRACKING_NO,
		b.MSG_RECORD_OPERATE_TYPE,
		b.MSG_RECORD_ROW,
		b.REPORT_FLAG,
		b.FEEDBACK_FLAG,
		b.DEPT_ID,
		b.OPERATING_STATE,
		b.REPORT_FILE_TYPE,
		b.MSG_RECORD_TYPE,
		b.BRANCH_ID,
		b.BRANCH_NO,
		b.RELATION_SYS_CTL_ID,
		b.ORG_BASIC_FEEDBACK_FLAG,
		b.OPERATE_TIME,
		b.OPERATER,
		b.CHECK_TIME,
		b.CHECK_OPERATOR,
		b.CHECK_ADD_MSG,
		b.LAST_UPDATE_TIME,
		b.LAST_UPDATER,
		b.LOGIC_DELETE_FLAG,
		b.DTL_NUM_A,
		b.DTL_NUM_B,
		b.DTL_NUM_C,
		b.DTL_NUM_D,
		b.RECORD_STATUS_FLAG,
		b.MESSAGE_TYPE,
		b.RELATION_FEEDBACK_ID,
		b.START_INDEX,
		b.END_INDEX
		<include refid="queryBizCondition" />
		) b
		ORDER BY b.SEQ_NUM DESC,
		b.FILE_SEND_DATE DESC,
		b.REPORT_BATCH_NO DESC
	</select>

	<select id="selectQryCounts" parameterClass="com.synesoft.cci.app.form.bbm.CciAssetsLiability2002Form"
		resultClass="java.lang.Integer">
		select count(*)
		FROM (
			<!-- add by gl 20160612 Release V1.0 NO.5 start -->
			select a.sys_ctl_id 
			<include refid="queryCondition" />
			UNION ALL
			SELECT 
				a.sys_ctl_id
		<!-- add by gl 20160612 Release V1.0 NO.5 end -->
			<include refid="queryBizCondition"/>
		) c
	</select>
	
	<select id="selectCounts"
		parameterClass="com.synesoft.cci.app.form.bbm.CciAssetsLiability2002Form"
		resultClass="java.lang.Integer">
		select count(*) 
		<include refid="queryCondition"/>
	</select>

	<select id="selectList" resultMap="cciAssetsLiability2002FormResult"
		parameterClass="com.synesoft.cci.app.form.bbm.CciAssetsLiability2002Form">
		<!-- update by ld at 20160902 Release V1.0 NO.109-->
		select a.*
		<include refid="CCI_COM_REPORT_SYSTEM_FIELD.selectReportHistoryField"/>
		<include refid="queryCondition"/>
		ORDER BY a.seq_Num DESC
	</select>
</sqlMap>
