<?xml version="1.0" encoding="UTF-8" ?>
<!DOCTYPE sqlMap PUBLIC "-//ibatis.apache.org//DTD SQL Map 2.0//EN" "http://ibatis.apache.org/dtd/sql-map-2.dtd" >
<sqlMap namespace="CCI_PROFIT_DISTRIBUT_2007">
	<resultMap id="cciProfitDistribut2007Result"
		class="com.synesoft.cci.domain.model.CciProfitDistribut2007">
		<!-- WARNING - This element is automatically generated by Abator for iBATIS, 
			do not modify. This element was generated on Fri Oct 30 15:02:48 CST 2015. -->
		<result column="SYS_CTL_ID" property="sysCtlId" jdbcType="VARCHAR" />
		<result column="BUSI_INCOME" property="busiIncome" jdbcType="DECIMAL" />
		<result column="BUSI_COST" property="busiCost" jdbcType="DECIMAL" />
		<result column="BUSI_TAX_ADD" property="busiTaxAdd" jdbcType="DECIMAL" />
		<result column="SALE_EXPENSE" property="saleExpense" jdbcType="DECIMAL" />
		<result column="MANAGE_EXPENSE" property="manageExpense"
			jdbcType="DECIMAL" />
		<result column="FINANCIAL_EXPENSE" property="financialExpense"
			jdbcType="DECIMAL" />
		<result column="ASSET_REDUCTION_LOSS" property="assetReductionLoss"
			jdbcType="DECIMAL" />
		<result column="NET_INCOME_OF_FAIR_VALUE" property="netIncomeOfFairValue"
			jdbcType="DECIMAL" />
		<result column="INVESTMENT_NET" property="investmentNet"
			jdbcType="DECIMAL" />
		<result column="INVE_REVE_TO_ENTE" property="inveReveToEnte"
			jdbcType="DECIMAL" />
		<result column="BUSI_PROFIT" property="busiProfit" jdbcType="DECIMAL" />
		<result column="BESIDE_BUSI_INCOME" property="besideBusiIncome"
			jdbcType="DECIMAL" />
		<result column="BESIDE_BUSI_EXPENSE" property="besideBusiExpense"
			jdbcType="DECIMAL" />
		<result column="LOSS_OF_NONCURRENT_ASSETS" property="lossOfNoncurrentAssets"
			jdbcType="DECIMAL" />
		<result column="TOTAL_PROFIT" property="totalProfit" jdbcType="DECIMAL" />
		<result column="INCOME_TAX_EXPENSE" property="incomeTaxExpense"
			jdbcType="DECIMAL" />
		<result column="PROFIT_NET" property="profitNet" jdbcType="DECIMAL" />
		<result column="BASIC_EARNINGS_PER_SHARE" property="basicEarningsPerShare"
			jdbcType="DECIMAL" />
		<result column="DILUTED_EARNINGS_PER_SHARE" property="dilutedEarningsPerShare"
			jdbcType="DECIMAL" />
		<result column="CUSTOMER_CODE" property="customerCode"
			jdbcType="VARCHAR" />
		<result column="REPORT_YEAR" property="reportYear" jdbcType="VARCHAR" />
		<result column="REPORT_TYPE" property="reportType" jdbcType="VARCHAR" />
		<result column="REPORT_TYPE_SUBDIVISION" property="reportTypeSubdivision"
			jdbcType="VARCHAR" />
		<result column="BORROWER_NAME" property="borrowerName"
			jdbcType="VARCHAR" />
		<result column="LOAN_CARD_NO" property="loanCardNo" jdbcType="VARCHAR" />
		<result column="AUDIT_FIRM_NAME" property="auditFirmName"
			jdbcType="VARCHAR" />
		<result column="AUDITOR_NAME" property="auditorName" jdbcType="VARCHAR" />
		<result column="CHECK_TIME_C" property="checkTimeC" jdbcType="VARCHAR" />
		<result column="BUSI_DATE" property="busiDate" jdbcType="VARCHAR" />
	</resultMap>

	<resultMap id="cciProfitDistribut2007FormResult"
		class="com.synesoft.cci.app.form.bbm.CciProfitDistribut2007Form">
		<!-- WARNING - This element is automatically generated by Abator for iBATIS, 
			do not modify. This element was generated on Fri Oct 30 15:02:48 CST 2015. -->
		<result column="RELATION_FEEDBACK_ID" property="relationFeedbackId" jdbcType="VARCHAR"/>
		<result column="SYS_CTL_ID" property="sysCtlId" jdbcType="VARCHAR" />
		<result column="BUSI_INCOME" property="busiIncome" jdbcType="DECIMAL" />
		<result column="BUSI_COST" property="busiCost" jdbcType="DECIMAL" />
		<result column="BUSI_TAX_ADD" property="busiTaxAdd" jdbcType="DECIMAL" />
		<result column="SALE_EXPENSE" property="saleExpense" jdbcType="DECIMAL" />
		<result column="MANAGE_EXPENSE" property="manageExpense"
			jdbcType="DECIMAL" />
		<result column="FINANCIAL_EXPENSE" property="financialExpense"
			jdbcType="DECIMAL" />
		<result column="ASSET_REDUCTION_LOSS" property="assetReductionLoss"
			jdbcType="DECIMAL" />
		<result column="NET_INCOME_OF_FAIR_VALUE" property="netIncomeOfFairValue"
			jdbcType="DECIMAL" />
		<result column="INVESTMENT_NET" property="investmentNet"
			jdbcType="DECIMAL" />
		<result column="INVE_REVE_TO_ENTE" property="inveReveToEnte"
			jdbcType="DECIMAL" />
		<result column="BUSI_PROFIT" property="busiProfit" jdbcType="DECIMAL" />
		<result column="BESIDE_BUSI_INCOME" property="besideBusiIncome"
			jdbcType="DECIMAL" />
		<result column="BESIDE_BUSI_EXPENSE" property="besideBusiExpense"
			jdbcType="DECIMAL" />
		<result column="LOSS_OF_NONCURRENT_ASSETS" property="lossOfNoncurrentAssets"
			jdbcType="DECIMAL" />
		<result column="TOTAL_PROFIT" property="totalProfit" jdbcType="DECIMAL" />
		<result column="INCOME_TAX_EXPENSE" property="incomeTaxExpense"
			jdbcType="DECIMAL" />
		<result column="PROFIT_NET" property="profitNet" jdbcType="DECIMAL" />
		<result column="BASIC_EARNINGS_PER_SHARE" property="basicEarningsPerShare"
			jdbcType="DECIMAL" />
		<result column="DILUTED_EARNINGS_PER_SHARE" property="dilutedEarningsPerShare"
			jdbcType="DECIMAL" />
		<result column="CUSTOMER_CODE" property="customerCode"
			jdbcType="VARCHAR" />
		<result column="REPORT_YEAR" property="reportYear" jdbcType="VARCHAR" />
		<result column="REPORT_TYPE" property="reportType" jdbcType="VARCHAR" />
		<result column="REPORT_TYPE_SUBDIVISION" property="reportTypeSubdivision"
			jdbcType="VARCHAR" />
		<result column="BORROWER_NAME" property="borrowerName"
			jdbcType="VARCHAR" />
		<result column="LOAN_CARD_NO" property="loanCardNo" jdbcType="VARCHAR" />
		<result column="AUDIT_FIRM_NAME" property="auditFirmName"
			jdbcType="VARCHAR" />
		<result column="AUDITOR_NAME" property="auditorName" jdbcType="VARCHAR" />
		<result column="CHECK_TIME_C" property="checkTimeC" jdbcType="VARCHAR" />
		<result column="BUSI_DATE" property="busiDate" jdbcType="VARCHAR" />
		<result column="FILE_SEND_DATE" property="fileSendDate"
			jdbcType="VARCHAR" />
		<result column="REPORT_BATCH_NO" property="reportBatchNo"
			jdbcType="VARCHAR" />
		<result column="MSG_RECORD_TRACKING_NO" property="msgRecordTrackingNo"
			jdbcType="VARCHAR" />
		<result column="MSG_RECORD_OPERATE_TYPE" property="msgRecordOperateType"
			jdbcType="VARCHAR" />
		<result column="MSG_RECORD_ROW" property="msgRecordRow"
			jdbcType="VARCHAR" />
		<result column="REPORT_FLAG" property="reportFlag" jdbcType="VARCHAR" />
		<result column="FEEDBACK_FLAG" property="feedbackFlag"
			jdbcType="VARCHAR" />
		<result column="DEPT_ID" property="deptId" jdbcType="VARCHAR" />
		<result column="OPERATING_STATE" property="operatingState"
			jdbcType="VARCHAR" />
		<result column="REPORT_FILE_TYPE" property="reportFileType"
			jdbcType="VARCHAR" />
		<result column="MSG_RECORD_TYPE" property="msgRecordType"
			jdbcType="VARCHAR" />
		<result column="BRANCH_ID" property="branchId" jdbcType="VARCHAR" />
		<result column="BRANCH_NO" property="branchNo" jdbcType="VARCHAR" />
		<result column="RELATION_SYS_CTL_ID" property="relationSysCtlId"
			jdbcType="VARCHAR" />
		<result column="ORG_BASIC_FEEDBACK_FLAG" property="orgBasicFeedbackFlag"
			jdbcType="VARCHAR" />
		<result column="OPERATE_TIME" property="operateTime" jdbcType="VARCHAR" />
		<result column="OPERATER" property="operater" jdbcType="VARCHAR" />
		<result column="CHECK_TIME" property="checkTime" jdbcType="VARCHAR" />
		<result column="CHECK_OPERATOR" property="checkOperator"
			jdbcType="VARCHAR" />
		<result column="CHECK_ADD_MSG" property="checkAddMsg" jdbcType="VARCHAR" />
		<result column="LAST_UPDATE_TIME" property="lastUpdateTime"
			jdbcType="VARCHAR" />
		<result column="LAST_UPDATER" property="lastUpdater" jdbcType="VARCHAR" />
		<result column="LOGIC_DELETE_FLAG" property="logicDeleteFlag"
			jdbcType="VARCHAR" />
		<result column="RECORD_STATUS_FLAG" property="recordStatusFlag"
			jdbcType="VARCHAR" />
		<result column="MESSAGE_TYPE" property="messageType" jdbcType="VARCHAR" />
	</resultMap>
	<!-- add by yb 2017-05-04 Release V1.0 NO.444 start -->
	<sql id="queryCondition">
	from ${SUBSYSTEM_SCHEMA}CCI_PROFIT_DISTRIBUT_2007 a 
		inner join	${SUBSYSTEM_SCHEMA}CCI_REPORT_SYSTEM_CTL b
		on a.SYS_CTL_ID =
		b.SYS_CTL_ID
		where 1=1
		<dynamic>
			<isNotEmpty prepend="and" property="orgInfList">
				<iterate property="orgInfList" open="b.BRANCH_NO IN ("
					close=")" conjunction=",">
					#orgInfList[]#
				</iterate>
			</isNotEmpty>
			<isNotEmpty prepend="and" property="branchId">
				b.BRANCH_ID =
				#branchId:VARCHAR#
			</isNotEmpty>
			<!-- add by gy 2016-09-08 Release V1.0 NO.120 start -->
			<isNotEmpty prepend="and" property="busiDateStart">
				<![CDATA[a.BUSI_DATE >=]]> #busiDateStart# 
			</isNotEmpty>
			<isNotEmpty prepend="and" property="busiDateEnd">
				<![CDATA[a.BUSI_DATE <=]]> #busiDateEnd#
			</isNotEmpty>
			<isNotEmpty prepend="and" property="fileSendDateStart">
				<![CDATA[b.FILE_SEND_DATE >=]]> #fileSendDateStart# 
			</isNotEmpty>
			<isNotEmpty prepend="and" property="fileSendDateEnd">
				<![CDATA[b.FILE_SEND_DATE <=]]> #fileSendDateEnd#
			</isNotEmpty>
			<!-- add by gy 2016-09-08 Release V1.0 NO.120 end -->
			<isNotEmpty prepend="and" property="customerCode">
				a.CUSTOMER_CODE =
				#customerCode:VARCHAR#
			</isNotEmpty>
			<isNotEmpty prepend="and" property="reportYear">
				a.REPORT_YEAR =
				#reportYear:VARCHAR#
			</isNotEmpty>
			<isNotEmpty prepend="and" property="reportType">
				a.REPORT_TYPE =
				#reportType:VARCHAR#
			</isNotEmpty>
			<isNotEmpty prepend="and" property="reportTypeSubdivision">
				a.REPORT_TYPE_SUBDIVISION = #reportTypeSubdivision:VARCHAR#
			</isNotEmpty>
			<isNotEmpty prepend="and" property="feedbackFlag">
				b.FEEDBACK_FLAG =
				#feedbackFlag:VARCHAR#
			</isNotEmpty>
			<isNotEmpty prepend="and" property="operatingState">
				b.OPERATING_STATE =
				#operatingState:VARCHAR#
			</isNotEmpty>
			<isNotEmpty prepend="and" property="reportFlag">
				b.REPORT_FLAG =
				#reportFlag:VARCHAR#
			</isNotEmpty>
			<isNotEmpty prepend="and" property="opStsList">
				<iterate property="opStsList" open="b.OPERATING_STATE IN ("
					close=")" conjunction=",">
					#opStsList[]#
				</iterate>
			</isNotEmpty>
			<isNotEmpty prepend="and" property="feedbackFlagList">
				<iterate property="feedbackFlagList" open="b.FEEDBACK_FLAG IN ("
					close=")" conjunction=",">
					#feedbackFlagList[]#
				</iterate>
			</isNotEmpty>
		</dynamic>
		AND b.LOGIC_DELETE_FLAG NOT IN ('1')
	</sql>
	<!-- add by yb 2017-05-04 Release V1.0 NO.444 end -->

	<select id="selectByPrimaryKey" resultMap="cciProfitDistribut2007FormResult"
		parameterClass="com.synesoft.cci.app.form.bbm.CciProfitDistribut2007Form">
		<!-- update by ld at 20160902 Release V1.0 NO.109-->
		select a.*
		<include refid="CCI_COM_REPORT_SYSTEM_FIELD.selectReportField"/>
		from ${SUBSYSTEM_SCHEMA}CCI_PROFIT_DISTRIBUT_2007 a 
		inner join ${SUBSYSTEM_SCHEMA}CCI_REPORT_SYSTEM_CTL b
		on a.SYS_CTL_ID = b.SYS_CTL_ID
		where 1=1
		<dynamic>
			<isNotEmpty prepend="and" property="sysCtlId">
				a.SYS_CTL_ID =
				#sysCtlId:VARCHAR#
			</isNotEmpty>
		</dynamic>
	</select>

	<select id="selectCounts"
		parameterClass="com.synesoft.cci.app.form.bbm.CciProfitDistribut2007Form"
		resultClass="java.lang.Integer">
		select count(*) 
		<!-- add by yb 2017-05-04 Release V1.0 NO.444 start -->
		<include refid="queryCondition"/>
		<!-- add by yb 2017-05-04 Release V1.0 NO.444 end -->
	</select>

	<select id="selectList" resultMap="cciProfitDistribut2007FormResult"
		parameterClass="com.synesoft.cci.app.form.bbm.CciProfitDistribut2007Form">
		<!-- update by ld at 20160902 Release V1.0 NO.109-->
		select a.*
		<include refid="CCI_COM_REPORT_SYSTEM_FIELD.selectReportField"/>
		<!-- add by yb 2017-05-04 Release V1.0 NO.444 start -->
		<include refid="queryCondition"/>
		<!-- add by yb 2017-05-04 Release V1.0 NO.444 end -->
		ORDER BY
			<!-- add by gl 20160612 Release V1.0 NO.6 start--> 
			b.LAST_UPDATE_TIME DESC,
			<!-- add by gl 20160612 Release V1.0 NO.6 end-->
			a.SYS_CTL_ID DESC
	</select>

	<insert id="insert"
		parameterClass="com.synesoft.cci.app.form.bbm.CciProfitDistribut2007Form">
		<!-- WARNING - This element is automatically generated by Abator for iBATIS, 
			do not modify. This element was generated on Fri Oct 30 15:02:48 CST 2015. -->
		insert into ${SUBSYSTEM_SCHEMA}CCI_PROFIT_DISTRIBUT_2007 (SYS_CTL_ID,
		BUSI_INCOME, BUSI_COST, BUSI_TAX_ADD,
		SALE_EXPENSE, MANAGE_EXPENSE,
		FINANCIAL_EXPENSE, ASSET_REDUCTION_LOSS,
		NET_INCOME_OF_FAIR_VALUE,
		INVESTMENT_NET, INVE_REVE_TO_ENTE,
		BUSI_PROFIT, BESIDE_BUSI_INCOME,
		BESIDE_BUSI_EXPENSE, LOSS_OF_NONCURRENT_ASSETS, TOTAL_PROFIT,
		INCOME_TAX_EXPENSE,
		PROFIT_NET,
		BASIC_EARNINGS_PER_SHARE,
		DILUTED_EARNINGS_PER_SHARE, CUSTOMER_CODE, REPORT_YEAR, REPORT_TYPE,
		REPORT_TYPE_SUBDIVISION, BORROWER_NAME, LOAN_CARD_NO, AUDIT_FIRM_NAME,
		AUDITOR_NAME,
		CHECK_TIME_C, BUSI_DATE)
		values (#sysCtlId:VARCHAR#,
		#busiIncome:DECIMAL#, #busiCost:DECIMAL#,
		#busiTaxAdd:DECIMAL#,
		#saleExpense:DECIMAL#, #manageExpense:DECIMAL#,
		#financialExpense:DECIMAL#,
		#assetReductionLoss:DECIMAL#,
		#netIncomeOfFairValue:DECIMAL#,
		#investmentNet:DECIMAL#,
		#inveReveToEnte:DECIMAL#, #busiProfit:DECIMAL#,
		#besideBusiIncome:DECIMAL#,
		#besideBusiExpense:DECIMAL#,
		#lossOfNoncurrentAssets:DECIMAL#,
		#totalProfit:DECIMAL#,
		#incomeTaxExpense:DECIMAL#, #profitNet:DECIMAL#,
		#basicEarningsPerShare:DECIMAL#,
		#dilutedEarningsPerShare:DECIMAL#,
		#customerCode:VARCHAR#,
		#reportYear:VARCHAR#,
		#reportType:VARCHAR#,
		#reportTypeSubdivision:VARCHAR#, #borrowerName:VARCHAR#,
		#loanCardNo:VARCHAR#, #auditFirmName:VARCHAR#, #auditorName:VARCHAR#,
		#checkTimeC:VARCHAR#,
		#busiDate:VARCHAR#)
	</insert>
	<update id="updateByPrimaryKey"
		parameterClass="com.synesoft.cci.app.form.bbm.CciProfitDistribut2007Form">
		<!-- WARNING - This element is automatically generated by Abator for iBATIS, 
			do not modify. This element was generated on Fri Oct 30 15:02:48 CST 2015. -->
		update ${SUBSYSTEM_SCHEMA}CCI_PROFIT_DISTRIBUT_2007
		set BUSI_INCOME =
		#busiIncome:DECIMAL#,
		BUSI_COST = #busiCost:DECIMAL#,
		BUSI_TAX_ADD =
		#busiTaxAdd:DECIMAL#,
		SALE_EXPENSE = #saleExpense:DECIMAL#,
		MANAGE_EXPENSE = #manageExpense:DECIMAL#,
		FINANCIAL_EXPENSE =
		#financialExpense:DECIMAL#,
		ASSET_REDUCTION_LOSS =
		#assetReductionLoss:DECIMAL#,
		NET_INCOME_OF_FAIR_VALUE =
		#netIncomeOfFairValue:DECIMAL#,
		INVESTMENT_NET =
		#investmentNet:DECIMAL#,
		INVE_REVE_TO_ENTE = #inveReveToEnte:DECIMAL#,
		BUSI_PROFIT = #busiProfit:DECIMAL#,
		BESIDE_BUSI_INCOME =
		#besideBusiIncome:DECIMAL#,
		BESIDE_BUSI_EXPENSE =
		#besideBusiExpense:DECIMAL#,
		LOSS_OF_NONCURRENT_ASSETS =
		#lossOfNoncurrentAssets:DECIMAL#,
		TOTAL_PROFIT = #totalProfit:DECIMAL#,
		INCOME_TAX_EXPENSE = #incomeTaxExpense:DECIMAL#,
		PROFIT_NET =
		#profitNet:DECIMAL#,
		BASIC_EARNINGS_PER_SHARE =
		#basicEarningsPerShare:DECIMAL#,
		DILUTED_EARNINGS_PER_SHARE =
		#dilutedEarningsPerShare:DECIMAL#,
		CUSTOMER_CODE =
		#customerCode:VARCHAR#,
		REPORT_YEAR = #reportYear:VARCHAR#,
		REPORT_TYPE
		= #reportType:VARCHAR#,
		REPORT_TYPE_SUBDIVISION =
		#reportTypeSubdivision:VARCHAR#,
		BORROWER_NAME =
		#borrowerName:VARCHAR#,
		LOAN_CARD_NO = #loanCardNo:VARCHAR#,
		AUDIT_FIRM_NAME = #auditFirmName:VARCHAR#,
		AUDITOR_NAME =
		#auditorName:VARCHAR#,
		CHECK_TIME_C = #checkTimeC:VARCHAR#,
		BUSI_DATE =
		#busiDate:VARCHAR#
		<isNotEmpty prepend="," property="batDate">
			BAT_DATE = #batDate#
		</isNotEmpty>
		where SYS_CTL_ID = #sysCtlId:VARCHAR#
	</update>
    <!-- add by gcj Release V1.0 NO.90 金额更新成null 画面后台直连更新专用20160819 start-->
	<update id="updateByPrimaryKeyAll"
		parameterClass="com.synesoft.cci.app.form.bbm.CciProfitDistribut2007Form">
		<!-- WARNING - This element is automatically generated by Abator for iBATIS,
			do not modify. This element was generated on Fri Oct 30 15:02:48 CST 2015. -->
		update ${SUBSYSTEM_SCHEMA}CCI_PROFIT_DISTRIBUT_2007
		set BUSI_INCOME =
		#busiIncome:DECIMAL#,
		BUSI_COST = #busiCost:DECIMAL#,
		BUSI_TAX_ADD =
		#busiTaxAdd:DECIMAL#,
		SALE_EXPENSE = #saleExpense:DECIMAL#,
		MANAGE_EXPENSE = #manageExpense:DECIMAL#,
		FINANCIAL_EXPENSE =
		#financialExpense:DECIMAL#,
		ASSET_REDUCTION_LOSS =
		#assetReductionLoss:DECIMAL#,
		NET_INCOME_OF_FAIR_VALUE =
		#netIncomeOfFairValue:DECIMAL#,
		INVESTMENT_NET =
		#investmentNet:DECIMAL#,
		INVE_REVE_TO_ENTE = #inveReveToEnte:DECIMAL#,
		BUSI_PROFIT = #busiProfit:DECIMAL#,
		BESIDE_BUSI_INCOME =
		#besideBusiIncome:DECIMAL#,
		BESIDE_BUSI_EXPENSE =
		#besideBusiExpense:DECIMAL#,
		LOSS_OF_NONCURRENT_ASSETS =
		#lossOfNoncurrentAssets:DECIMAL#,
		TOTAL_PROFIT = #totalProfit:DECIMAL#,
		INCOME_TAX_EXPENSE = #incomeTaxExpense:DECIMAL#,
		PROFIT_NET =
		#profitNet:DECIMAL#,
		BASIC_EARNINGS_PER_SHARE =
		#basicEarningsPerShare:DECIMAL#,
		DILUTED_EARNINGS_PER_SHARE =
		#dilutedEarningsPerShare:DECIMAL#,
		CUSTOMER_CODE =
		#customerCode:VARCHAR#,
		REPORT_YEAR = #reportYear:VARCHAR#,
		REPORT_TYPE
		= #reportType:VARCHAR#,
		REPORT_TYPE_SUBDIVISION =
		#reportTypeSubdivision:VARCHAR#,
		BORROWER_NAME =
		#borrowerName:VARCHAR#,
		LOAN_CARD_NO = #loanCardNo:VARCHAR#,
		AUDIT_FIRM_NAME = #auditFirmName:VARCHAR#,
		AUDITOR_NAME =
		#auditorName:VARCHAR#,
		CHECK_TIME_C = #checkTimeC:VARCHAR#,
		BUSI_DATE =
		#busiDate:VARCHAR#
		<!-- add by gcj 20170103 Release V1.0 NO.299 start -->
			<isNotEmpty property="taskId">
				,TASK_ID=
				#taskId#
			</isNotEmpty>
			<isNotEmpty property="stepId">
				,STEP_ID =
				#stepId#
			</isNotEmpty>
			<isNotEmpty property="batDate">
				,BAT_DATE =
				#batDate#
			</isNotEmpty>
			<!-- add by gcj 20170103 Release V1.0 NO.299 end -->
		where SYS_CTL_ID = #sysCtlId:VARCHAR#
	</update>
    <!-- add by gcj Release V1.0 NO.90 金额更新成null 画面后台直连更新专用20160819 end-->

	<delete id="deleteByPrimaryKeyLogic"
		parameterClass="com.synesoft.cci.app.form.bbm.CciProfitDistribut2007Form">
		<!-- WARNING - This element is automatically generated by Abator for iBATIS, 
			do not modify. This element was generated on Fri Oct 30 15:02:44 CST 2015. -->
		update ${SUBSYSTEM_SCHEMA}CCI_REPORT_SYSTEM_CTL set
		LOGIC_DELETE_FLAG =
		#logicDeleteFlag:VARCHAR#
		where SYS_CTL_ID = #sysCtlId:VARCHAR#
	</delete>

	<delete id="deleteByPrimaryKey"
		parameterClass="com.synesoft.cci.app.form.bbm.CciProfitDistribut2007Form">
		<!-- WARNING - This element is automatically generated by Abator for iBATIS, 
			do not modify. This element was generated on Fri Oct 30 15:02:44 CST 2015. -->
		delete from ${SUBSYSTEM_SCHEMA}CCI_PROFIT_DISTRIBUT_2007
		where SYS_CTL_ID =
		#sysCtlId:VARCHAR#
	</delete>

	<update id="optState"
		parameterClass="com.synesoft.cci.app.form.bbm.CciProfitDistribut2007Form">
		<!-- WARNING - This element is automatically generated by Abator for iBATIS, 
			do not modify. This element was generated on Fri Oct 30 15:02:44 CST 2015. -->
		update ${SUBSYSTEM_SCHEMA}CCI_REPORT_SYSTEM_CTL set
		LOGIC_DELETE_FLAG =
		#logicDeleteFlag:VARCHAR#
		where SYS_CTL_ID = #sysCtlId:VARCHAR#
	</update>

	<select id="getReportData" parameterClass="java.lang.String"
		resultMap="cciProfitDistribut2007FormResult">
		select *
		from ${SUBSYSTEM_SCHEMA}CCI_PROFIT_DISTRIBUT_2007 t1
		join ${SUBSYSTEM_SCHEMA}CCI_REPORT_SYSTEM_CTL t2
		on t1.SYS_CTL_ID =
		t2.SYS_CTL_ID
		where 1 = 1
		and t2.RELATION_SYS_CTL_ID = #sysCtl#
		and
		t2.REPORT_FLAG = '3'
	</select>

</sqlMap>