<?xml version="1.0" encoding="UTF-8" ?>
<!DOCTYPE sqlMap PUBLIC "-//ibatis.apache.org//DTD SQL Map 2.0//EN" "http://ibatis.apache.org/dtd/sql-map-2.dtd" >
<sqlMap namespace="CCI_ASSETS_LIABILITY_2007">
	<resultMap id="cciAssetsLiability2007Result"
		class="com.synesoft.cci.domain.model.CciAssetsLiability2007">
		<!-- WARNING - This element is automatically generated by Abator for iBATIS, 
			do not modify. This element was generated on Fri Oct 30 15:02:44 CST 2015. -->
		<result column="SYS_CTL_ID" property="sysCtlId" jdbcType="VARCHAR" />
		<result column="CURRENCY_CAPITAL" property="currencyCapital"
			jdbcType="DECIMAL" />
		<result column="TRADING_FINANCIAL_ASSETS" property="tradingFinancialAssets"
			jdbcType="DECIMAL" />
		<result column="NOTES_RECEIVABLE" property="notesReceivable"
			jdbcType="DECIMAL" />
		<result column="ACCOUNTS_RECEIVABLE" property="accountsReceivable"
			jdbcType="DECIMAL" />
		<result column="ADVANCE_PAYMENT" property="advancePayment"
			jdbcType="DECIMAL" />
		<result column="INTEREST_RECEIVABLE" property="interestReceivable"
			jdbcType="DECIMAL" />
		<result column="DIVIDENDS_RECEIVABLE" property="dividendsReceivable"
			jdbcType="DECIMAL" />
		<result column="OTHER_ACCOUNTS_RECEIVABLE" property="otherAccountsReceivable"
			jdbcType="DECIMAL" />
		<result column="STOCK" property="stock" jdbcType="DECIMAL" />
		<result column="NONCURRENCY_ASSETS_IN_ONE_YEAR" property="noncurrencyAssetsInOneYear"
			jdbcType="DECIMAL" />
		<result column="OTHER_FLOW_CAPITAL" property="otherFlowCapital"
			jdbcType="DECIMAL" />
		<result column="FLOW_CAPITAL_IN_TOTAL" property="flowCapitalInTotal"
			jdbcType="DECIMAL" />
		<result column="FINA_ASSE_AVAI_FOR_SALE" property="finaAsseAvaiForSale"
			jdbcType="DECIMAL" />
		<result column="INVESTMENT_HOLD_TO_MATURITY" property="investmentHoldToMaturity"
			jdbcType="DECIMAL" />
		<result column="LONG_TERM_EQUITY_INVESTMENT" property="longTermEquityInvestment"
			jdbcType="DECIMAL" />
		<result column="LONG_TERM_ACCOUNTS_RECEIVABLE" property="longTermAccountsReceivable"
			jdbcType="DECIMAL" />
		<result column="INVESTMENT_REAL_ESTATE" property="investmentRealEstate"
			jdbcType="DECIMAL" />
		<result column="FIXED_ASSETS" property="fixedAssets" jdbcType="DECIMAL" />
		<result column="UNDER_CONSTRUCTION" property="underConstruction"
			jdbcType="DECIMAL" />
		<result column="ENGINEERING_MATERIALS" property="engineeringMaterials"
			jdbcType="DECIMAL" />
		<result column="FIXED_ASSET_CLEAR" property="fixedAssetClear"
			jdbcType="DECIMAL" />
		<result column="PRODUCTIVE_BIOLOGICAL_ASSETS" property="productiveBiologicalAssets"
			jdbcType="DECIMAL" />
		<result column="OIL_AND_GAS_ASSETS" property="oilAndGasAssets"
			jdbcType="DECIMAL" />
		<result column="INTANGIBLE_ASSETS" property="intangibleAssets"
			jdbcType="DECIMAL" />
		<result column="DEVELOPMENT_EXPENSES" property="developmentExpenses"
			jdbcType="DECIMAL" />
		<result column="GOODWILL" property="goodwill" jdbcType="DECIMAL" />
		<result column="LONG_TERM_PREPAID_EXPENSES" property="longTermPrepaidExpenses"
			jdbcType="DECIMAL" />
		<result column="DEFERRED_INCOME_TAX_ASSETS" property="deferredIncomeTaxAssets"
			jdbcType="DECIMAL" />
		<result column="OTHER_NONCURRENT_ASSETS" property="otherNoncurrentAssets"
			jdbcType="DECIMAL" />
		<result column="TOTAL_NONCURRENT_ASSETS" property="totalNoncurrentAssets"
			jdbcType="DECIMAL" />
		<result column="TOTAL_ASSETS" property="totalAssets" jdbcType="DECIMAL" />
		<result column="SHORT_TERM_BORROWING" property="shortTermBorrowing"
			jdbcType="DECIMAL" />
		<result column="TRADING_FINANCIAL_LIABILITY" property="tradingFinancialLiability"
			jdbcType="DECIMAL" />
		<result column="NOTES_PAYABLE" property="notesPayable"
			jdbcType="DECIMAL" />
		<result column="ACCOUNTS_PAYABLE" property="accountsPayable"
			jdbcType="DECIMAL" />
		<result column="ACCOUNTS_COLLECT_IN_ADVANCE" property="accountsCollectInAdvance"
			jdbcType="DECIMAL" />
		<result column="INTERESTS_RECEIVABLE" property="interestsReceivable"
			jdbcType="DECIMAL" />
		<result column="WAGE_PAYABLE" property="wagePayable" jdbcType="DECIMAL" />
		<result column="TAX_PAYABLE" property="taxPayable" jdbcType="DECIMAL" />
		<result column="DIVIDEND_PAYABLE" property="dividendPayable"
			jdbcType="DECIMAL" />
		<result column="OTHER_PAYMENT" property="otherPayment"
			jdbcType="DECIMAL" />
		<result column="NONC_LIAB_IN_ONE_YEAR" property="noncLiabInOneYear"
			jdbcType="DECIMAL" />
		<result column="OTHER_CURRENT_LIABILITIES" property="otherCurrentLiabilities"
			jdbcType="DECIMAL" />
		<result column="TOTAL_CURRENT_LIABILITIES" property="totalCurrentLiabilities"
			jdbcType="DECIMAL" />
		<result column="LONG_TERM_BORROWING" property="longTermBorrowing"
			jdbcType="DECIMAL" />
		<result column="BONDS_PAYMENT" property="bondsPayment"
			jdbcType="DECIMAL" />
		<result column="LONG_TERM_ACCOUNTS_PAYABLE" property="longTermAccountsPayable"
			jdbcType="DECIMAL" />
		<result column="SPECIAL_PAYMENT" property="specialPayment"
			jdbcType="DECIMAL" />
		<result column="EXPECTED_LIABILITY" property="expectedLiability"
			jdbcType="DECIMAL" />
		<result column="DEFERRED_TAX_CREDIT_LIABILITY" property="deferredTaxCreditLiability"
			jdbcType="DECIMAL" />
		<result column="OTHER_NONCURRENT_LIABILITIES" property="otherNoncurrentLiabilities"
			jdbcType="DECIMAL" />
		<result column="TOTAL_NONCURRENT_LIABILITIES" property="totalNoncurrentLiabilities"
			jdbcType="DECIMAL" />
		<result column="TOTAL_LIABILITIES" property="totalLiabilities"
			jdbcType="DECIMAL" />
		<result column="REAL_INCOME_CAPITAL" property="realIncomeCapital"
			jdbcType="DECIMAL" />
		<result column="CAPITAL_RESERVE" property="capitalReserve"
			jdbcType="DECIMAL" />
		<result column="INVENTORY_REDUCTION_UNIT" property="inventoryReductionUnit"
			jdbcType="DECIMAL" />
		<result column="SURPLUS_RESERVE" property="surplusReserve"
			jdbcType="DECIMAL" />
		<result column="NONDISTRIBUTED_PROFIT" property="nondistributedProfit"
			jdbcType="DECIMAL" />
		<result column="TOTAL_OWNERS_EQUITY" property="totalOwnersEquity"
			jdbcType="DECIMAL" />
		<result column="TOTA_LIAB_AND_OWNE_EQUI" property="totaLiabAndOwneEqui"
			jdbcType="DECIMAL" />
		<result column="CUSTOMER_CODE" property="customerCode"
			jdbcType="VARCHAR" />
		<result column="REPORT_YEAR" property="reportYear" jdbcType="VARCHAR" />
		<result column="REPORT_TYPE" property="reportType" jdbcType="VARCHAR" />
		<result column="REPORT_TYPE_SUBDIVISION" property="reportTypeSubdivision"
			jdbcType="VARCHAR" />
		<result column="BORROWER_NAME" property="borrowerName"
			jdbcType="VARCHAR" />
		<result column="LOAN_CARD_NO" property="loanCardNo" jdbcType="VARCHAR" />
		<result column="AUDIT_FIRM_NAME" property="auditFirmName"
			jdbcType="VARCHAR" />
		<result column="AUDITOR_NAME" property="auditorName" jdbcType="VARCHAR" />
		<result column="CHECK_TIME_C" property="checkTimeC" jdbcType="VARCHAR" />
		<result column="BUSI_DATE" property="busiDate" jdbcType="VARCHAR" />
	</resultMap>

	<resultMap id="cciAssetsLiability2007FormResult"
		class="com.synesoft.cci.app.form.bbm.CciAssetsLiability2007Form">
		<!-- WARNING - This element is automatically generated by Abator for iBATIS, 
			do not modify. This element was generated on Fri Oct 30 15:02:44 CST 2015. -->
		<result column="SYS_CTL_ID" property="sysCtlId" jdbcType="VARCHAR" />
		<result column="RELATION_FEEDBACK_ID" property="relationFeedbackId" jdbcType="VARCHAR"/>
		<result column="CURRENCY_CAPITAL" property="currencyCapital"
			jdbcType="DECIMAL" />
		<result column="TRADING_FINANCIAL_ASSETS" property="tradingFinancialAssets"
			jdbcType="DECIMAL" />
		<result column="NOTES_RECEIVABLE" property="notesReceivable"
			jdbcType="DECIMAL" />
		<result column="ACCOUNTS_RECEIVABLE" property="accountsReceivable"
			jdbcType="DECIMAL" />
		<result column="ADVANCE_PAYMENT" property="advancePayment"
			jdbcType="DECIMAL" />
		<result column="INTEREST_RECEIVABLE" property="interestReceivable"
			jdbcType="DECIMAL" />
		<result column="DIVIDENDS_RECEIVABLE" property="dividendsReceivable"
			jdbcType="DECIMAL" />
		<result column="OTHER_ACCOUNTS_RECEIVABLE" property="otherAccountsReceivable"
			jdbcType="DECIMAL" />
		<result column="STOCK" property="stock" jdbcType="DECIMAL" />
		<result column="NONCURRENCY_ASSETS_IN_ONE_YEAR" property="noncurrencyAssetsInOneYear"
			jdbcType="DECIMAL" />
		<result column="OTHER_FLOW_CAPITAL" property="otherFlowCapital"
			jdbcType="DECIMAL" />
		<result column="FLOW_CAPITAL_IN_TOTAL" property="flowCapitalInTotal"
			jdbcType="DECIMAL" />
		<result column="FINA_ASSE_AVAI_FOR_SALE" property="finaAsseAvaiForSale"
			jdbcType="DECIMAL" />
		<result column="INVESTMENT_HOLD_TO_MATURITY" property="investmentHoldToMaturity"
			jdbcType="DECIMAL" />
		<result column="LONG_TERM_EQUITY_INVESTMENT" property="longTermEquityInvestment"
			jdbcType="DECIMAL" />
		<result column="LONG_TERM_ACCOUNTS_RECEIVABLE" property="longTermAccountsReceivable"
			jdbcType="DECIMAL" />
		<result column="INVESTMENT_REAL_ESTATE" property="investmentRealEstate"
			jdbcType="DECIMAL" />
		<result column="FIXED_ASSETS" property="fixedAssets" jdbcType="DECIMAL" />
		<result column="UNDER_CONSTRUCTION" property="underConstruction"
			jdbcType="DECIMAL" />
		<result column="ENGINEERING_MATERIALS" property="engineeringMaterials"
			jdbcType="DECIMAL" />
		<result column="FIXED_ASSET_CLEAR" property="fixedAssetClear"
			jdbcType="DECIMAL" />
		<result column="PRODUCTIVE_BIOLOGICAL_ASSETS" property="productiveBiologicalAssets"
			jdbcType="DECIMAL" />
		<result column="OIL_AND_GAS_ASSETS" property="oilAndGasAssets"
			jdbcType="DECIMAL" />
		<result column="INTANGIBLE_ASSETS" property="intangibleAssets"
			jdbcType="DECIMAL" />
		<result column="DEVELOPMENT_EXPENSES" property="developmentExpenses"
			jdbcType="DECIMAL" />
		<result column="GOODWILL" property="goodwill" jdbcType="DECIMAL" />
		<result column="LONG_TERM_PREPAID_EXPENSES" property="longTermPrepaidExpenses"
			jdbcType="DECIMAL" />
		<result column="DEFERRED_INCOME_TAX_ASSETS" property="deferredIncomeTaxAssets"
			jdbcType="DECIMAL" />
		<result column="OTHER_NONCURRENT_ASSETS" property="otherNoncurrentAssets"
			jdbcType="DECIMAL" />
		<result column="TOTAL_NONCURRENT_ASSETS" property="totalNoncurrentAssets"
			jdbcType="DECIMAL" />
		<result column="TOTAL_ASSETS" property="totalAssets" jdbcType="DECIMAL" />
		<result column="SHORT_TERM_BORROWING" property="shortTermBorrowing"
			jdbcType="DECIMAL" />
		<result column="TRADING_FINANCIAL_LIABILITY" property="tradingFinancialLiability"
			jdbcType="DECIMAL" />
		<result column="NOTES_PAYABLE" property="notesPayable"
			jdbcType="DECIMAL" />
		<result column="ACCOUNTS_PAYABLE" property="accountsPayable"
			jdbcType="DECIMAL" />
		<result column="ACCOUNTS_COLLECT_IN_ADVANCE" property="accountsCollectInAdvance"
			jdbcType="DECIMAL" />
		<result column="INTERESTS_RECEIVABLE" property="interestsReceivable"
			jdbcType="DECIMAL" />
		<result column="WAGE_PAYABLE" property="wagePayable" jdbcType="DECIMAL" />
		<result column="TAX_PAYABLE" property="taxPayable" jdbcType="DECIMAL" />
		<result column="DIVIDEND_PAYABLE" property="dividendPayable"
			jdbcType="DECIMAL" />
		<result column="OTHER_PAYMENT" property="otherPayment"
			jdbcType="DECIMAL" />
		<result column="NONC_LIAB_IN_ONE_YEAR" property="noncLiabInOneYear"
			jdbcType="DECIMAL" />
		<result column="OTHER_CURRENT_LIABILITIES" property="otherCurrentLiabilities"
			jdbcType="DECIMAL" />
		<result column="TOTAL_CURRENT_LIABILITIES" property="totalCurrentLiabilities"
			jdbcType="DECIMAL" />
		<result column="LONG_TERM_BORROWING" property="longTermBorrowing"
			jdbcType="DECIMAL" />
		<result column="BONDS_PAYMENT" property="bondsPayment"
			jdbcType="DECIMAL" />
		<result column="LONG_TERM_ACCOUNTS_PAYABLE" property="longTermAccountsPayable"
			jdbcType="DECIMAL" />
		<result column="SPECIAL_PAYMENT" property="specialPayment"
			jdbcType="DECIMAL" />
		<result column="EXPECTED_LIABILITY" property="expectedLiability"
			jdbcType="DECIMAL" />
		<result column="DEFERRED_TAX_CREDIT_LIABILITY" property="deferredTaxCreditLiability"
			jdbcType="DECIMAL" />
		<result column="OTHER_NONCURRENT_LIABILITIES" property="otherNoncurrentLiabilities"
			jdbcType="DECIMAL" />
		<result column="TOTAL_NONCURRENT_LIABILITIES" property="totalNoncurrentLiabilities"
			jdbcType="DECIMAL" />
		<result column="TOTAL_LIABILITIES" property="totalLiabilities"
			jdbcType="DECIMAL" />
		<result column="REAL_INCOME_CAPITAL" property="realIncomeCapital"
			jdbcType="DECIMAL" />
		<result column="CAPITAL_RESERVE" property="capitalReserve"
			jdbcType="DECIMAL" />
		<result column="INVENTORY_REDUCTION_UNIT" property="inventoryReductionUnit"
			jdbcType="DECIMAL" />
		<result column="SURPLUS_RESERVE" property="surplusReserve"
			jdbcType="DECIMAL" />
		<result column="NONDISTRIBUTED_PROFIT" property="nondistributedProfit"
			jdbcType="DECIMAL" />
		<result column="TOTAL_OWNERS_EQUITY" property="totalOwnersEquity"
			jdbcType="DECIMAL" />
		<result column="TOTA_LIAB_AND_OWNE_EQUI" property="totaLiabAndOwneEqui"
			jdbcType="DECIMAL" />
		<result column="CUSTOMER_CODE" property="customerCode"
			jdbcType="VARCHAR" />
		<result column="REPORT_YEAR" property="reportYear" jdbcType="VARCHAR" />
		<result column="REPORT_TYPE" property="reportType" jdbcType="VARCHAR" />
		<result column="REPORT_TYPE_SUBDIVISION" property="reportTypeSubdivision"
			jdbcType="VARCHAR" />
		<result column="BORROWER_NAME" property="borrowerName"
			jdbcType="VARCHAR" />
		<result column="LOAN_CARD_NO" property="loanCardNo" jdbcType="VARCHAR" />
		<result column="AUDIT_FIRM_NAME" property="auditFirmName"
			jdbcType="VARCHAR" />
		<result column="AUDITOR_NAME" property="auditorName" jdbcType="VARCHAR" />
		<result column="CHECK_TIME_C" property="checkTimeC" jdbcType="VARCHAR" />
		<result column="BUSI_DATE" property="busiDate" jdbcType="VARCHAR" />
		<result column="FILE_SEND_DATE" property="fileSendDate"
			jdbcType="VARCHAR" />
		<result column="REPORT_BATCH_NO" property="reportBatchNo"
			jdbcType="VARCHAR" />
		<result column="MSG_RECORD_TRACKING_NO" property="msgRecordTrackingNo"
			jdbcType="VARCHAR" />
		<result column="MSG_RECORD_OPERATE_TYPE" property="msgRecordOperateType"
			jdbcType="VARCHAR" />
		<result column="MSG_RECORD_ROW" property="msgRecordRow"
			jdbcType="VARCHAR" />
		<result column="REPORT_FLAG" property="reportFlag" jdbcType="VARCHAR" />
		<result column="FEEDBACK_FLAG" property="feedbackFlag"
			jdbcType="VARCHAR" />
		<result column="DEPT_ID" property="deptId" jdbcType="VARCHAR" />
		<result column="OPERATING_STATE" property="operatingState"
			jdbcType="VARCHAR" />
		<result column="REPORT_FILE_TYPE" property="reportFileType"
			jdbcType="VARCHAR" />
		<result column="MSG_RECORD_TYPE" property="msgRecordType"
			jdbcType="VARCHAR" />
		<result column="BRANCH_ID" property="branchId" jdbcType="VARCHAR" />
		<result column="BRANCH_NO" property="branchNo" jdbcType="VARCHAR" />
		<result column="RELATION_SYS_CTL_ID" property="relationSysCtlId"
			jdbcType="VARCHAR" />
		<result column="ORG_BASIC_FEEDBACK_FLAG" property="orgBasicFeedbackFlag"
			jdbcType="VARCHAR" />
		<result column="OPERATE_TIME" property="operateTime" jdbcType="VARCHAR" />
		<result column="OPERATER" property="operater" jdbcType="VARCHAR" />
		<result column="CHECK_TIME" property="checkTime" jdbcType="VARCHAR" />
		<result column="CHECK_OPERATOR" property="checkOperator"
			jdbcType="VARCHAR" />
		<result column="CHECK_ADD_MSG" property="checkAddMsg" jdbcType="VARCHAR" />
		<result column="LAST_UPDATE_TIME" property="lastUpdateTime"
			jdbcType="VARCHAR" />
		<result column="LAST_UPDATER" property="lastUpdater" jdbcType="VARCHAR" />
		<result column="LOGIC_DELETE_FLAG" property="logicDeleteFlag"
			jdbcType="VARCHAR" />
		<result column="RECORD_STATUS_FLAG" property="recordStatusFlag"
			jdbcType="VARCHAR" />
		<result column="MESSAGE_TYPE" property="messageType" jdbcType="VARCHAR" />
	</resultMap>
	<!-- add by yb 2017-05-04 Release V1.0 NO.444 start -->
	<sql id="queryCondition">
	    from ${SUBSYSTEM_SCHEMA}CCI_ASSETS_LIABILITY_2007 a
		join ${SUBSYSTEM_SCHEMA}CCI_REPORT_SYSTEM_CTL b
		on a.SYS_CTL_ID =
		b.SYS_CTL_ID
		where 1=1
		<dynamic>
			<isNotEmpty prepend="and" property="orgInfList">
				<iterate property="orgInfList" open="b.BRANCH_NO IN ("
					close=")" conjunction=",">
					#orgInfList[]#
				</iterate>
			</isNotEmpty>
			<isNotEmpty prepend="and" property="branchId">
				b.BRANCH_ID =
				#branchId:VARCHAR#
			</isNotEmpty>
			<!-- add by yb 2016-11-30 Release V1.0 NO.B9 start -->
			<isNotEmpty prepend="and" property="busiDateStart">
				<![CDATA[a.BUSI_DATE >=]]> #busiDateStart# 
			</isNotEmpty>
			<isNotEmpty prepend="and" property="busiDateEnd">
				<![CDATA[a.BUSI_DATE <=]]> #busiDateEnd#
			</isNotEmpty>
			<isNotEmpty prepend="and" property="fileSendDateStart">
				<![CDATA[b.FILE_SEND_DATE >=]]> #fileSendDateStart# 
			</isNotEmpty>
			<isNotEmpty prepend="and" property="fileSendDateEnd">
				<![CDATA[b.FILE_SEND_DATE <=]]> #fileSendDateEnd#
			</isNotEmpty>
			<!-- add by yb 2016-11-30 Release V1.0 NO.B9 end -->
			<isNotEmpty prepend="and" property="customerCode">
				a.CUSTOMER_CODE =
				#customerCode:VARCHAR#
			</isNotEmpty>
			<isNotEmpty prepend="and" property="reportYear">
				a.REPORT_YEAR =
				#reportYear:VARCHAR#
			</isNotEmpty>
			<isNotEmpty prepend="and" property="reportType">
				a.REPORT_TYPE =
				#reportType:VARCHAR#
			</isNotEmpty>
			<isNotEmpty prepend="and" property="reportTypeSubdivision">
				a.REPORT_TYPE_SUBDIVISION = #reportTypeSubdivision:VARCHAR#
			</isNotEmpty>
			<isNotEmpty prepend="and" property="feedbackFlag">
				b.FEEDBACK_FLAG =
				#feedbackFlag:VARCHAR#
			</isNotEmpty>
			<isNotEmpty prepend="and" property="operatingState">
				b.OPERATING_STATE =
				#operatingState:VARCHAR#
			</isNotEmpty>
			<isNotEmpty prepend="and" property="reportFlag">
				b.REPORT_FLAG =
				#reportFlag:VARCHAR#
			</isNotEmpty>
			<isNotEmpty prepend="and" property="opStsList">
				<iterate property="opStsList" open="b.OPERATING_STATE IN ("
					close=")" conjunction=",">
					#opStsList[]#
				</iterate>
			</isNotEmpty>
			<isNotEmpty prepend="and" property="feedbackFlagList">
				<iterate property="feedbackFlagList" open="b.FEEDBACK_FLAG IN ("
					close=")" conjunction=",">
					#feedbackFlagList[]#
				</iterate>
			</isNotEmpty>
		</dynamic>
		AND b.LOGIC_DELETE_FLAG NOT IN ('1')
	</sql>
	<!-- add by yb 2017-05-04 Release V1.0 NO.444 end -->
	<select id="selectByPrimaryKey" resultMap="cciAssetsLiability2007FormResult"
		parameterClass="com.synesoft.cci.app.form.bbm.CciAssetsLiability2007Form">
		<!-- update by ld at 20160902 Release V1.0 NO.109-->
		select a.*
		<include refid="CCI_COM_REPORT_SYSTEM_FIELD.selectReportField"/>
		 from ${SUBSYSTEM_SCHEMA}CCI_ASSETS_LIABILITY_2007 a 
		inner join ${SUBSYSTEM_SCHEMA}CCI_REPORT_SYSTEM_CTL b
		on a.SYS_CTL_ID =
		b.SYS_CTL_ID
		where 1=1
		<dynamic>
			<isNotEmpty prepend="and" property="sysCtlId">
				a.SYS_CTL_ID =
				#sysCtlId:VARCHAR#
			</isNotEmpty>
		</dynamic>
	</select>

	<select id="selectCounts"
		parameterClass="com.synesoft.cci.app.form.bbm.CciAssetsLiability2007Form"
		resultClass="java.lang.Integer">
		select count(*) 
		<!-- add by yb 2017-05-04 Release V1.0 NO.444 start -->
		<include refid="queryCondition"/>
		<!-- add by yb 2017-05-04 Release V1.0 NO.444 end -->
	</select>

	<select id="selectList" resultMap="cciAssetsLiability2007FormResult"
		parameterClass="com.synesoft.cci.app.form.bbm.CciAssetsLiability2007Form">
		<!-- update by ld at 20160902 Release V1.0 NO.109-->
		select a.*
		<include refid="CCI_COM_REPORT_SYSTEM_FIELD.selectReportField"/>
		<!-- add by yb 2017-05-04 Release V1.0 NO.444 start -->
		<include refid="queryCondition"/>
		<!-- add by yb 2017-05-04 Release V1.0 NO.444 end -->
		ORDER BY 
			<!-- add by gl 20160612 Release V1.0 NO.6 start--> 
			b.LAST_UPDATE_TIME DESC,
			<!-- add by gl 20160612 Release V1.0 NO.6 end-->
			a.SYS_CTL_ID DESC

	</select>

	<insert id="insert"
		parameterClass="com.synesoft.cci.app.form.bbm.CciAssetsLiability2007Form">
		<!-- WARNING - This element is automatically generated by Abator for iBATIS, 
			do not modify. This element was generated on Fri Oct 30 15:02:44 CST 2015. -->
		insert into ${SUBSYSTEM_SCHEMA}CCI_ASSETS_LIABILITY_2007 (SYS_CTL_ID,
		CURRENCY_CAPITAL, TRADING_FINANCIAL_ASSETS,
		NOTES_RECEIVABLE,
		ACCOUNTS_RECEIVABLE, ADVANCE_PAYMENT, INTEREST_RECEIVABLE,
		DIVIDENDS_RECEIVABLE, OTHER_ACCOUNTS_RECEIVABLE, STOCK,
		NONCURRENCY_ASSETS_IN_ONE_YEAR,
		OTHER_FLOW_CAPITAL,
		FLOW_CAPITAL_IN_TOTAL, FINA_ASSE_AVAI_FOR_SALE,
		INVESTMENT_HOLD_TO_MATURITY, LONG_TERM_EQUITY_INVESTMENT,
		LONG_TERM_ACCOUNTS_RECEIVABLE,
		INVESTMENT_REAL_ESTATE, FIXED_ASSETS,
		UNDER_CONSTRUCTION, ENGINEERING_MATERIALS,
		FIXED_ASSET_CLEAR,
		PRODUCTIVE_BIOLOGICAL_ASSETS, OIL_AND_GAS_ASSETS,
		INTANGIBLE_ASSETS,
		DEVELOPMENT_EXPENSES, GOODWILL, LONG_TERM_PREPAID_EXPENSES,
		DEFERRED_INCOME_TAX_ASSETS,
		OTHER_NONCURRENT_ASSETS,
		TOTAL_NONCURRENT_ASSETS, TOTAL_ASSETS,
		SHORT_TERM_BORROWING,
		TRADING_FINANCIAL_LIABILITY, NOTES_PAYABLE, ACCOUNTS_PAYABLE,
		ACCOUNTS_COLLECT_IN_ADVANCE,
		INTERESTS_RECEIVABLE, WAGE_PAYABLE,
		TAX_PAYABLE, DIVIDEND_PAYABLE,
		OTHER_PAYMENT,
		NONC_LIAB_IN_ONE_YEAR,
		OTHER_CURRENT_LIABILITIES, TOTAL_CURRENT_LIABILITIES,
		LONG_TERM_BORROWING, BONDS_PAYMENT, LONG_TERM_ACCOUNTS_PAYABLE,
		SPECIAL_PAYMENT,
		EXPECTED_LIABILITY, DEFERRED_TAX_CREDIT_LIABILITY,
		OTHER_NONCURRENT_LIABILITIES,
		TOTAL_NONCURRENT_LIABILITIES,
		TOTAL_LIABILITIES, REAL_INCOME_CAPITAL,
		CAPITAL_RESERVE,
		INVENTORY_REDUCTION_UNIT, SURPLUS_RESERVE, NONDISTRIBUTED_PROFIT,
		TOTAL_OWNERS_EQUITY,
		TOTA_LIAB_AND_OWNE_EQUI, CUSTOMER_CODE,
		REPORT_YEAR, REPORT_TYPE,
		REPORT_TYPE_SUBDIVISION,
		BORROWER_NAME,
		LOAN_CARD_NO, AUDIT_FIRM_NAME, AUDITOR_NAME, CHECK_TIME_C, BUSI_DATE)
		values (#sysCtlId:VARCHAR#, #currencyCapital:DECIMAL#,
		#tradingFinancialAssets:DECIMAL#,
		#notesReceivable:DECIMAL#,
		#accountsReceivable:DECIMAL#, #advancePayment:DECIMAL#,
		#interestReceivable:DECIMAL#, #dividendsReceivable:DECIMAL#,
		#otherAccountsReceivable:DECIMAL#, #stock:DECIMAL#,
		#noncurrencyAssetsInOneYear:DECIMAL#,
		#otherFlowCapital:DECIMAL#,
		#flowCapitalInTotal:DECIMAL#, #finaAsseAvaiForSale:DECIMAL#,
		#investmentHoldToMaturity:DECIMAL#,
		#longTermEquityInvestment:DECIMAL#,
		#longTermAccountsReceivable:DECIMAL#, #investmentRealEstate:DECIMAL#,
		#fixedAssets:DECIMAL#,
		#underConstruction:DECIMAL#,
		#engineeringMaterials:DECIMAL#, #fixedAssetClear:DECIMAL#,
		#productiveBiologicalAssets:DECIMAL#, #oilAndGasAssets:DECIMAL#,
		#intangibleAssets:DECIMAL#,
		#developmentExpenses:DECIMAL#,
		#goodwill:DECIMAL#, #longTermPrepaidExpenses:DECIMAL#,
		#deferredIncomeTaxAssets:DECIMAL#, #otherNoncurrentAssets:DECIMAL#,
		#totalNoncurrentAssets:DECIMAL#, #totalAssets:DECIMAL#,
		#shortTermBorrowing:DECIMAL#,
		#tradingFinancialLiability:DECIMAL#,
		#notesPayable:DECIMAL#, #accountsPayable:DECIMAL#,
		#accountsCollectInAdvance:DECIMAL#, #interestsReceivable:DECIMAL#,
		#wagePayable:DECIMAL#,
		#taxPayable:DECIMAL#, #dividendPayable:DECIMAL#,
		#otherPayment:DECIMAL#,
		#noncLiabInOneYear:DECIMAL#,
		#otherCurrentLiabilities:DECIMAL#,
		#totalCurrentLiabilities:DECIMAL#,
		#longTermBorrowing:DECIMAL#,
		#bondsPayment:DECIMAL#,
		#longTermAccountsPayable:DECIMAL#, #specialPayment:DECIMAL#,
		#expectedLiability:DECIMAL#,
		#deferredTaxCreditLiability:DECIMAL#,
		#otherNoncurrentLiabilities:DECIMAL#,
		#totalNoncurrentLiabilities:DECIMAL#, #totalLiabilities:DECIMAL#,
		#realIncomeCapital:DECIMAL#,
		#capitalReserve:DECIMAL#,
		#inventoryReductionUnit:DECIMAL#, #surplusReserve:DECIMAL#,
		#nondistributedProfit:DECIMAL#, #totalOwnersEquity:DECIMAL#,
		#totaLiabAndOwneEqui:DECIMAL#,
		#customerCode:VARCHAR#,
		#reportYear:VARCHAR#, #reportType:VARCHAR#,
		#reportTypeSubdivision:VARCHAR#, #borrowerName:VARCHAR#,
		#loanCardNo:VARCHAR#,
		#auditFirmName:VARCHAR#, #auditorName:VARCHAR#,
		#checkTimeC:VARCHAR#, #busiDate:VARCHAR#)
	</insert>
	<update id="updateByPrimaryKey"
		parameterClass="com.synesoft.cci.app.form.bbm.CciAssetsLiability2007Form">
		<!-- WARNING - This element is automatically generated by Abator for iBATIS, 
			do not modify. This element was generated on Fri Oct 30 15:02:44 CST 2015. -->
		update ${SUBSYSTEM_SCHEMA}CCI_ASSETS_LIABILITY_2007
		set
		CURRENCY_CAPITAL = #currencyCapital:DECIMAL#,
		TRADING_FINANCIAL_ASSETS
		= #tradingFinancialAssets:DECIMAL#,
		NOTES_RECEIVABLE =
		#notesReceivable:DECIMAL#,
		ACCOUNTS_RECEIVABLE =
		#accountsReceivable:DECIMAL#,
		ADVANCE_PAYMENT =
		#advancePayment:DECIMAL#,
		INTEREST_RECEIVABLE =
		#interestReceivable:DECIMAL#,
		DIVIDENDS_RECEIVABLE =
		#dividendsReceivable:DECIMAL#,
		OTHER_ACCOUNTS_RECEIVABLE =
		#otherAccountsReceivable:DECIMAL#,
		STOCK = #stock:DECIMAL#,
		NONCURRENCY_ASSETS_IN_ONE_YEAR = #noncurrencyAssetsInOneYear:DECIMAL#,
		OTHER_FLOW_CAPITAL = #otherFlowCapital:DECIMAL#,
		FLOW_CAPITAL_IN_TOTAL
		= #flowCapitalInTotal:DECIMAL#,
		FINA_ASSE_AVAI_FOR_SALE =
		#finaAsseAvaiForSale:DECIMAL#,
		INVESTMENT_HOLD_TO_MATURITY =
		#investmentHoldToMaturity:DECIMAL#,
		LONG_TERM_EQUITY_INVESTMENT =
		#longTermEquityInvestment:DECIMAL#,
		LONG_TERM_ACCOUNTS_RECEIVABLE =
		#longTermAccountsReceivable:DECIMAL#,
		INVESTMENT_REAL_ESTATE =
		#investmentRealEstate:DECIMAL#,
		FIXED_ASSETS = #fixedAssets:DECIMAL#,
		UNDER_CONSTRUCTION = #underConstruction:DECIMAL#,
		ENGINEERING_MATERIALS = #engineeringMaterials:DECIMAL#,
		FIXED_ASSET_CLEAR = #fixedAssetClear:DECIMAL#,
		PRODUCTIVE_BIOLOGICAL_ASSETS = #productiveBiologicalAssets:DECIMAL#,
		OIL_AND_GAS_ASSETS = #oilAndGasAssets:DECIMAL#,
		INTANGIBLE_ASSETS =
		#intangibleAssets:DECIMAL#,
		DEVELOPMENT_EXPENSES =
		#developmentExpenses:DECIMAL#,
		GOODWILL = #goodwill:DECIMAL#,
		LONG_TERM_PREPAID_EXPENSES = #longTermPrepaidExpenses:DECIMAL#,
		DEFERRED_INCOME_TAX_ASSETS = #deferredIncomeTaxAssets:DECIMAL#,
		OTHER_NONCURRENT_ASSETS = #otherNoncurrentAssets:DECIMAL#,
		TOTAL_NONCURRENT_ASSETS = #totalNoncurrentAssets:DECIMAL#,
		TOTAL_ASSETS = #totalAssets:DECIMAL#,
		SHORT_TERM_BORROWING =
		#shortTermBorrowing:DECIMAL#,
		TRADING_FINANCIAL_LIABILITY =
		#tradingFinancialLiability:DECIMAL#,
		NOTES_PAYABLE =
		#notesPayable:DECIMAL#,
		ACCOUNTS_PAYABLE = #accountsPayable:DECIMAL#,
		ACCOUNTS_COLLECT_IN_ADVANCE = #accountsCollectInAdvance:DECIMAL#,
		INTERESTS_RECEIVABLE = #interestsReceivable:DECIMAL#,
		WAGE_PAYABLE =
		#wagePayable:DECIMAL#,
		TAX_PAYABLE = #taxPayable:DECIMAL#,
		DIVIDEND_PAYABLE = #dividendPayable:DECIMAL#,
		OTHER_PAYMENT =
		#otherPayment:DECIMAL#,
		NONC_LIAB_IN_ONE_YEAR =
		#noncLiabInOneYear:DECIMAL#,
		OTHER_CURRENT_LIABILITIES =
		#otherCurrentLiabilities:DECIMAL#,
		TOTAL_CURRENT_LIABILITIES =
		#totalCurrentLiabilities:DECIMAL#,
		LONG_TERM_BORROWING =
		#longTermBorrowing:DECIMAL#,
		BONDS_PAYMENT = #bondsPayment:DECIMAL#,
		LONG_TERM_ACCOUNTS_PAYABLE = #longTermAccountsPayable:DECIMAL#,
		SPECIAL_PAYMENT = #specialPayment:DECIMAL#,
		EXPECTED_LIABILITY =
		#expectedLiability:DECIMAL#,
		DEFERRED_TAX_CREDIT_LIABILITY =
		#deferredTaxCreditLiability:DECIMAL#,
		OTHER_NONCURRENT_LIABILITIES =
		#otherNoncurrentLiabilities:DECIMAL#,
		TOTAL_NONCURRENT_LIABILITIES =
		#totalNoncurrentLiabilities:DECIMAL#,
		TOTAL_LIABILITIES =
		#totalLiabilities:DECIMAL#,
		REAL_INCOME_CAPITAL =
		#realIncomeCapital:DECIMAL#,
		CAPITAL_RESERVE =
		#capitalReserve:DECIMAL#,
		INVENTORY_REDUCTION_UNIT =
		#inventoryReductionUnit:DECIMAL#,
		SURPLUS_RESERVE =
		#surplusReserve:DECIMAL#,
		NONDISTRIBUTED_PROFIT =
		#nondistributedProfit:DECIMAL#,
		TOTAL_OWNERS_EQUITY =
		#totalOwnersEquity:DECIMAL#,
		TOTA_LIAB_AND_OWNE_EQUI =
		#totaLiabAndOwneEqui:DECIMAL#,
		CUSTOMER_CODE = #customerCode:VARCHAR#,
		REPORT_YEAR = #reportYear:VARCHAR#,
		REPORT_TYPE = #reportType:VARCHAR#,
		REPORT_TYPE_SUBDIVISION = #reportTypeSubdivision:VARCHAR#,
		BORROWER_NAME = #borrowerName:VARCHAR#,
		LOAN_CARD_NO =
		#loanCardNo:VARCHAR#,
		AUDIT_FIRM_NAME = #auditFirmName:VARCHAR#,
		AUDITOR_NAME = #auditorName:VARCHAR#,
		CHECK_TIME_C =
		#checkTimeC:VARCHAR#,
		BUSI_DATE = #busiDate:VARCHAR#
		<isNotEmpty prepend="," property="batDate">
			BAT_DATE = #batDate#
		</isNotEmpty>
		where SYS_CTL_ID =
		#sysCtlId:VARCHAR#
	</update>
    <!-- add by gcj Release V1.0 NO.90 金额更新成null 画面后台直连更新专用20160819 start-->
	<update id="updateByPrimaryKeyAll"
		parameterClass="com.synesoft.cci.app.form.bbm.CciAssetsLiability2007Form">
		<!-- WARNING - This element is automatically generated by Abator for iBATIS,
			do not modify. This element was generated on Fri Oct 30 15:02:44 CST 2015. -->
		update ${SUBSYSTEM_SCHEMA}CCI_ASSETS_LIABILITY_2007
		set
		CURRENCY_CAPITAL = #currencyCapital:DECIMAL#,
		TRADING_FINANCIAL_ASSETS
		= #tradingFinancialAssets:DECIMAL#,
		NOTES_RECEIVABLE =
		#notesReceivable:DECIMAL#,
		ACCOUNTS_RECEIVABLE =
		#accountsReceivable:DECIMAL#,
		ADVANCE_PAYMENT =
		#advancePayment:DECIMAL#,
		INTEREST_RECEIVABLE =
		#interestReceivable:DECIMAL#,
		DIVIDENDS_RECEIVABLE =
		#dividendsReceivable:DECIMAL#,
		OTHER_ACCOUNTS_RECEIVABLE =
		#otherAccountsReceivable:DECIMAL#,
		STOCK = #stock:DECIMAL#,
		NONCURRENCY_ASSETS_IN_ONE_YEAR = #noncurrencyAssetsInOneYear:DECIMAL#,
		OTHER_FLOW_CAPITAL = #otherFlowCapital:DECIMAL#,
		FLOW_CAPITAL_IN_TOTAL
		= #flowCapitalInTotal:DECIMAL#,
		FINA_ASSE_AVAI_FOR_SALE =
		#finaAsseAvaiForSale:DECIMAL#,
		INVESTMENT_HOLD_TO_MATURITY =
		#investmentHoldToMaturity:DECIMAL#,
		LONG_TERM_EQUITY_INVESTMENT =
		#longTermEquityInvestment:DECIMAL#,
		LONG_TERM_ACCOUNTS_RECEIVABLE =
		#longTermAccountsReceivable:DECIMAL#,
		INVESTMENT_REAL_ESTATE =
		#investmentRealEstate:DECIMAL#,
		FIXED_ASSETS = #fixedAssets:DECIMAL#,
		UNDER_CONSTRUCTION = #underConstruction:DECIMAL#,
		ENGINEERING_MATERIALS = #engineeringMaterials:DECIMAL#,
		FIXED_ASSET_CLEAR = #fixedAssetClear:DECIMAL#,
		PRODUCTIVE_BIOLOGICAL_ASSETS = #productiveBiologicalAssets:DECIMAL#,
		OIL_AND_GAS_ASSETS = #oilAndGasAssets:DECIMAL#,
		INTANGIBLE_ASSETS =
		#intangibleAssets:DECIMAL#,
		DEVELOPMENT_EXPENSES =
		#developmentExpenses:DECIMAL#,
		GOODWILL = #goodwill:DECIMAL#,
		LONG_TERM_PREPAID_EXPENSES = #longTermPrepaidExpenses:DECIMAL#,
		DEFERRED_INCOME_TAX_ASSETS = #deferredIncomeTaxAssets:DECIMAL#,
		OTHER_NONCURRENT_ASSETS = #otherNoncurrentAssets:DECIMAL#,
		TOTAL_NONCURRENT_ASSETS = #totalNoncurrentAssets:DECIMAL#,
		TOTAL_ASSETS = #totalAssets:DECIMAL#,
		SHORT_TERM_BORROWING =
		#shortTermBorrowing:DECIMAL#,
		TRADING_FINANCIAL_LIABILITY =
		#tradingFinancialLiability:DECIMAL#,
		NOTES_PAYABLE =
		#notesPayable:DECIMAL#,
		ACCOUNTS_PAYABLE = #accountsPayable:DECIMAL#,
		ACCOUNTS_COLLECT_IN_ADVANCE = #accountsCollectInAdvance:DECIMAL#,
		INTERESTS_RECEIVABLE = #interestsReceivable:DECIMAL#,
		WAGE_PAYABLE =
		#wagePayable:DECIMAL#,
		TAX_PAYABLE = #taxPayable:DECIMAL#,
		DIVIDEND_PAYABLE = #dividendPayable:DECIMAL#,
		OTHER_PAYMENT =
		#otherPayment:DECIMAL#,
		NONC_LIAB_IN_ONE_YEAR =
		#noncLiabInOneYear:DECIMAL#,
		OTHER_CURRENT_LIABILITIES =
		#otherCurrentLiabilities:DECIMAL#,
		TOTAL_CURRENT_LIABILITIES =
		#totalCurrentLiabilities:DECIMAL#,
		LONG_TERM_BORROWING =
		#longTermBorrowing:DECIMAL#,
		BONDS_PAYMENT = #bondsPayment:DECIMAL#,
		LONG_TERM_ACCOUNTS_PAYABLE = #longTermAccountsPayable:DECIMAL#,
		SPECIAL_PAYMENT = #specialPayment:DECIMAL#,
		EXPECTED_LIABILITY =
		#expectedLiability:DECIMAL#,
		DEFERRED_TAX_CREDIT_LIABILITY =
		#deferredTaxCreditLiability:DECIMAL#,
		OTHER_NONCURRENT_LIABILITIES =
		#otherNoncurrentLiabilities:DECIMAL#,
		TOTAL_NONCURRENT_LIABILITIES =
		#totalNoncurrentLiabilities:DECIMAL#,
		TOTAL_LIABILITIES =
		#totalLiabilities:DECIMAL#,
		REAL_INCOME_CAPITAL =
		#realIncomeCapital:DECIMAL#,
		CAPITAL_RESERVE =
		#capitalReserve:DECIMAL#,
		INVENTORY_REDUCTION_UNIT =
		#inventoryReductionUnit:DECIMAL#,
		SURPLUS_RESERVE =
		#surplusReserve:DECIMAL#,
		NONDISTRIBUTED_PROFIT =
		#nondistributedProfit:DECIMAL#,
		TOTAL_OWNERS_EQUITY =
		#totalOwnersEquity:DECIMAL#,
		TOTA_LIAB_AND_OWNE_EQUI =
		#totaLiabAndOwneEqui:DECIMAL#,
		CUSTOMER_CODE = #customerCode:VARCHAR#,
		REPORT_YEAR = #reportYear:VARCHAR#,
		REPORT_TYPE = #reportType:VARCHAR#,
		REPORT_TYPE_SUBDIVISION = #reportTypeSubdivision:VARCHAR#,
		BORROWER_NAME = #borrowerName:VARCHAR#,
		LOAN_CARD_NO =
		#loanCardNo:VARCHAR#,
		AUDIT_FIRM_NAME = #auditFirmName:VARCHAR#,
		AUDITOR_NAME = #auditorName:VARCHAR#,
		CHECK_TIME_C =
		#checkTimeC:VARCHAR#,
		BUSI_DATE = #busiDate:VARCHAR#
		<!-- add by gcj 20170103 Release V1.0 NO.299 start -->
			<isNotEmpty property="taskId">
				,TASK_ID=
				#taskId#
			</isNotEmpty>
			<isNotEmpty property="stepId">
				,STEP_ID =
				#stepId#
			</isNotEmpty>
			<isNotEmpty property="batDate">
				,BAT_DATE =
				#batDate#
			</isNotEmpty>
			<!-- add by gcj 20170103 Release V1.0 NO.299 end -->
		where SYS_CTL_ID =
		#sysCtlId:VARCHAR#
	</update>
    <!-- add by gcj Release V1.0 NO.90 金额更新成null 画面后台直连更新专用20160819 end-->

	<delete id="deleteByPrimaryKeyLogic"
		parameterClass="com.synesoft.cci.app.form.bbm.CciAssetsLiability2007Form">
		<!-- WARNING - This element is automatically generated by Abator for iBATIS, 
			do not modify. This element was generated on Fri Oct 30 15:02:44 CST 2015. -->
		update ${SUBSYSTEM_SCHEMA}CCI_REPORT_SYSTEM_CTL set
		LOGIC_DELETE_FLAG =
		#logicDeleteFlag:VARCHAR#
		where SYS_CTL_ID = #sysCtlId:VARCHAR#
	</delete>

	<delete id="deleteByPrimaryKey"
		parameterClass="com.synesoft.cci.app.form.bbm.CciAssetsLiability2007Form">
		<!-- WARNING - This element is automatically generated by Abator for iBATIS, 
			do not modify. This element was generated on Fri Oct 30 15:02:44 CST 2015. -->
		delete from ${SUBSYSTEM_SCHEMA}CCI_ASSETS_LIABILITY_2007
		where
		SYS_CTL_ID = #sysCtlId:VARCHAR#
	</delete>

	<select id="getReportData" parameterClass="java.lang.String"
		resultMap="cciAssetsLiability2007FormResult">
		select *
		from ${SUBSYSTEM_SCHEMA}CCI_ASSETS_LIABILITY_2007 t1
		join ${SUBSYSTEM_SCHEMA}CCI_REPORT_SYSTEM_CTL t2
		on t1.SYS_CTL_ID =
		t2.SYS_CTL_ID
		where 1 = 1
		and t2.RELATION_SYS_CTL_ID = #sysCtl#
		and
		t2.REPORT_FLAG = '3'
	</select>

</sqlMap>
