<?xml version="1.0" encoding="UTF-8" ?>
<!DOCTYPE sqlMap PUBLIC "-//ibatis.apache.org//DTD SQL Map 2.0//EN" "http://ibatis.apache.org/dtd/sql-map-2.dtd" >
<sqlMap namespace="CCI_ORGINFO_FAMILY_MEM_DEL_H">
	
	<resultMap id="cciOrginfoFamilyMemDelFormResult"
		class="com.synesoft.cci.app.form.dbm.CciOrginfoFamilyMemDelForm">
		<!-- WARNING - This element is automatically generated by Abator for iBATIS, 
			do not modify. This element was generated on Fri Oct 30 15:02:47 CST 2015. -->
		<result column="SYS_CTL_ID" property="sysCtlId" jdbcType="VARCHAR" />
		<result column="RELATION_FEEDBACK_ID" property="relationFeedbackId" jdbcType="VARCHAR"/>
		<result column="MAJOR_RELATION_PAPER_TYPE" property="majorRelationPaperType"
			jdbcType="VARCHAR" />
		<result column="MAJOR_RELATION_PAPER_CODE" property="majorRelationPaperCode"
			jdbcType="VARCHAR" />
		<result column="FAMILY_RELATIONSHIP" property="familyRelationship"
			jdbcType="VARCHAR" />
		<result column="FAMILY_MEMBER_PAPER_TYPE" property="familyMemberPaperType"
			jdbcType="VARCHAR" />
		<result column="FAMILY_MEMBER_PAPER_CODE" property="familyMemberPaperCode"
			jdbcType="VARCHAR" />
		<result column="INFORMATION_UPDATE_DATE" property="informationUpdateDate"
			jdbcType="VARCHAR" />
		<result column="RSV_1" property="rsv1" jdbcType="VARCHAR" />
		<result column="CUSTOMER_CODE" property="customerCode"
			jdbcType="VARCHAR" />
		<result column="FILE_SEND_DATE" property="fileSendDate"
			jdbcType="VARCHAR" />
		<result column="REPORT_BATCH_NO" property="reportBatchNo"
			jdbcType="VARCHAR" />
		<result column="MSG_RECORD_TRACKING_NO" property="msgRecordTrackingNo"
			jdbcType="VARCHAR" />
		<result column="MSG_RECORD_OPERATE_TYPE" property="msgRecordOperateType"
			jdbcType="VARCHAR" />
		<result column="MSG_RECORD_ROW" property="msgRecordRow"
			jdbcType="VARCHAR" />
		<result column="REPORT_FLAG" property="reportFlag" jdbcType="VARCHAR" />
		<result column="FEEDBACK_FLAG" property="feedbackFlag"
			jdbcType="VARCHAR" />
		<result column="DEPT_ID" property="deptId" jdbcType="VARCHAR" />
		<result column="OPERATING_STATE" property="operatingState"
			jdbcType="VARCHAR" />
		<result column="REPORT_FILE_TYPE" property="reportFileType"
			jdbcType="VARCHAR" />
		<result column="MSG_RECORD_TYPE" property="msgRecordType"
			jdbcType="VARCHAR" />
		<result column="BRANCH_ID" property="branchId" jdbcType="VARCHAR" />
		<result column="BRANCH_NO" property="branchNo" jdbcType="VARCHAR" />
		<result column="RELATION_SYS_CTL_ID" property="relationSysCtlId"
			jdbcType="VARCHAR" />
		<result column="ORG_BASIC_FEEDBACK_FLAG" property="orgBasicFeedbackFlag"
			jdbcType="VARCHAR" />
		<result column="OPERATE_TIME" property="operateTime" jdbcType="VARCHAR" />
		<result column="OPERATER" property="operater" jdbcType="VARCHAR" />
		<result column="CHECK_TIME" property="checkTime" jdbcType="VARCHAR" />
		<result column="CHECK_OPERATOR" property="checkOperator"
			jdbcType="VARCHAR" />
		<result column="CHECK_ADD_MSG" property="checkAddMsg" jdbcType="VARCHAR" />
		<result column="LAST_UPDATE_TIME" property="lastUpdateTime"
			jdbcType="VARCHAR" />
		<result column="LAST_UPDATER" property="lastUpdater" jdbcType="VARCHAR" />
		<result column="LOGIC_DELETE_FLAG" property="logicDeleteFlag"
			jdbcType="VARCHAR" />
		<result column="RECORD_STATUS_FLAG" property="recordStatusFlag"
			jdbcType="VARCHAR" />
		<result column="MESSAGE_TYPE" property="messageType" jdbcType="VARCHAR" />
		
		<result column="SEQ_NUM" property="seqNum" jdbcType="VARCHAR" />
		
	</resultMap>
	<sql id="queryCondition">
		from ${SUBSYSTEM_SCHEMA}CCI_ORGINFO_FAMILY_MEM_DEL_H a
		join
		${SUBSYSTEM_SCHEMA}CCI_REPORT_SYSTEM_CTL_H b
		on a.SYS_CTL_ID =
		b.SYS_CTL_ID
		and a.seq_num=b.seq_num
		where 1=1
		<dynamic>
		<isNotEmpty prepend="and" property="seqNum">
				a.SEQ_NUM = #seqNum#
			</isNotEmpty>
			<isNotEmpty prepend="and" property="orgInfList">
				<iterate property="orgInfList" open="b.BRANCH_NO IN ("
					close=")" conjunction=",">
					#orgInfList[]#
				</iterate>
			</isNotEmpty>
			<isNotEmpty prepend="and" property="branchId">
				b.BRANCH_ID =
				#branchId:VARCHAR#
			</isNotEmpty>
			<!-- add by gy 2016-11-18 Release V1.0 NO.221 cover 198 start -->
			<isNotEmpty prepend="and" property="logicDeleteFlag">
				b.LOGIC_DELETE_FLAG = #logicDeleteFlag#
			</isNotEmpty>
			<!-- add by gy 2016-11-18 Release V1.0 NO.221 cover 198 end -->
			<isNotEmpty prepend="and" property="customerCode">
				a.CUSTOMER_CODE =
				#customerCode:VARCHAR#
			</isNotEmpty>
						<!-- add by gy 2016-09-08 Release V1.0 NO.120 start -->
			<isNotEmpty prepend="and" property="informationUpdateDateStart">
				<![CDATA[a.INFORMATION_UPDATE_DATE >=]]> #informationUpdateDateStart# 
			</isNotEmpty>
			<isNotEmpty prepend="and" property="informationUpdateDateEnd">
				<![CDATA[a.INFORMATION_UPDATE_DATE <=]]> #informationUpdateDateEnd#
			</isNotEmpty>
			<isNotEmpty prepend="and" property="fileSendDateStart">
				<![CDATA[b.FILE_SEND_DATE >=]]> #fileSendDateStart# 
			</isNotEmpty>
			<isNotEmpty prepend="and" property="fileSendDateEnd">
				<![CDATA[b.FILE_SEND_DATE <=]]> #fileSendDateEnd#
			</isNotEmpty>
			<!-- add by gy 2016-09-08 Release V1.0 NO.120 end -->
			<isNotEmpty prepend="and" property="majorRelationPaperType">
				a.MAJOR_RELATION_PAPER_TYPE = #majorRelationPaperType:VARCHAR#
			</isNotEmpty>
			<isNotEmpty prepend="and" property="majorRelationPaperCode">
				a.MAJOR_RELATION_PAPER_CODE = #majorRelationPaperCode:VARCHAR#
			</isNotEmpty>
			<isNotEmpty prepend="and" property="familyRelationship">
				a.FAMILY_RELATIONSHIP =
				#familyRelationship:VARCHAR#
			</isNotEmpty>
			<isNotEmpty prepend="and" property="familyMemberPaperType">
				a.FAMILY_MEMBER_PAPER_TYPE = #familyMemberPaperType:VARCHAR#
			</isNotEmpty>
			<isNotEmpty prepend="and" property="familyMemberPaperCode">
				a.FAMILY_MEMBER_PAPER_CODE = #familyMemberPaperCode:VARCHAR#
			</isNotEmpty>
			<isNotEmpty prepend="and" property="informationUpdateDate">
				a.INFORMATION_UPDATE_DATE = #informationUpdateDate:VARCHAR#
			</isNotEmpty>
			<isNotEmpty prepend="and" property="feedbackFlag">
				b.FEEDBACK_FLAG =
				#feedbackFlag:VARCHAR#
			</isNotEmpty>
			<isNotEmpty prepend="and" property="operatingState">
				b.OPERATING_STATE =
				#operatingState:VARCHAR#
			</isNotEmpty>
			<isNotEmpty prepend="and" property="reportFlag">
				b.REPORT_FLAG =
				#reportFlag:VARCHAR#
			</isNotEmpty>
			<isNotEmpty prepend="and" property="opStsList">
				<iterate property="opStsList" open="b.OPERATING_STATE IN ("
					close=")" conjunction=",">
					#opStsList[]#
				</iterate>
			</isNotEmpty>
			<isNotEmpty prepend="and" property="feedbackFlagList">
				<iterate property="feedbackFlagList" open="b.FEEDBACK_FLAG IN ("
					close=")" conjunction=",">
					#feedbackFlagList[]#
				</iterate>
			</isNotEmpty>
			<isNotEmpty prepend="and" property="fileSendDate">
				b.FILE_SEND_DATE = #fileSendDate#
			</isNotEmpty>
			<isNotEmpty prepend="and" property="reportBatchNo">
				b.REPORT_BATCH_NO = #reportBatchNo#
			</isNotEmpty>
		</dynamic>
	</sql>
	
	<sql id="queryBizCondition">
		from ${SUBSYSTEM_SCHEMA}CCI_ORGINFO_FAMILY_MEM_DEL a
		join
		${SUBSYSTEM_SCHEMA}CCI_REPORT_SYSTEM_CTL b
		on a.SYS_CTL_ID =
		b.SYS_CTL_ID
		where 1=1
		AND b.FEEDBACK_FLAG = '0'
		<dynamic>
			<!-- add by gy 2016-07-06 Release V1.0 NO.54 start -->
			<isNotEmpty prepend="and" property="logicDeleteFlag">
				b.LOGIC_DELETE_FLAG = #logicDeleteFlag#
			</isNotEmpty>
			<!-- add by gy 2016-11-09 Release V1.0 NO.198 cover 54end -->
			<isNotEmpty prepend="and" property="orgInfList">
				<iterate property="orgInfList" open="b.BRANCH_NO IN ("
					close=")" conjunction=",">
					#orgInfList[]#
				</iterate>
			</isNotEmpty>
			<isNotEmpty prepend="and" property="branchId">
				b.BRANCH_ID =
				#branchId:VARCHAR#
			</isNotEmpty>
			<isNotEmpty prepend="and" property="customerCode">
				a.CUSTOMER_CODE =
				#customerCode:VARCHAR#
			</isNotEmpty>
						<!-- add by gy 2016-09-08 Release V1.0 NO.120 start -->
			<isNotEmpty prepend="and" property="informationUpdateDateStart">
				<![CDATA[a.INFORMATION_UPDATE_DATE >=]]> #informationUpdateDateStart# 
			</isNotEmpty>
			<isNotEmpty prepend="and" property="informationUpdateDateEnd">
				<![CDATA[a.INFORMATION_UPDATE_DATE <=]]> #informationUpdateDateEnd#
			</isNotEmpty>
			<isNotEmpty prepend="and" property="fileSendDateStart">
				<![CDATA[b.FILE_SEND_DATE >=]]> #fileSendDateStart# 
			</isNotEmpty>
			<isNotEmpty prepend="and" property="fileSendDateEnd">
				<![CDATA[b.FILE_SEND_DATE <=]]> #fileSendDateEnd#
			</isNotEmpty>
			<!-- add by gy 2016-09-08 Release V1.0 NO.120 end -->
			<isNotEmpty prepend="and" property="majorRelationPaperType">
				a.MAJOR_RELATION_PAPER_TYPE = #majorRelationPaperType:VARCHAR#
			</isNotEmpty>
			<isNotEmpty prepend="and" property="majorRelationPaperCode">
				a.MAJOR_RELATION_PAPER_CODE = #majorRelationPaperCode:VARCHAR#
			</isNotEmpty>
			<isNotEmpty prepend="and" property="familyRelationship">
				a.FAMILY_RELATIONSHIP =
				#familyRelationship:VARCHAR#
			</isNotEmpty>
			<isNotEmpty prepend="and" property="familyMemberPaperType">
				a.FAMILY_MEMBER_PAPER_TYPE = #familyMemberPaperType:VARCHAR#
			</isNotEmpty>
			<isNotEmpty prepend="and" property="familyMemberPaperCode">
				a.FAMILY_MEMBER_PAPER_CODE = #familyMemberPaperCode:VARCHAR#
			</isNotEmpty>
			<isNotEmpty prepend="and" property="informationUpdateDate">
				a.INFORMATION_UPDATE_DATE = #informationUpdateDate:VARCHAR#
			</isNotEmpty>
			<isNotEmpty prepend="and" property="feedbackFlag">
				b.FEEDBACK_FLAG =
				#feedbackFlag:VARCHAR#
			</isNotEmpty>
			<isNotEmpty prepend="and" property="operatingState">
				b.OPERATING_STATE =
				#operatingState:VARCHAR#
			</isNotEmpty>
			<isNotEmpty prepend="and" property="reportFlag">
				b.REPORT_FLAG =
				#reportFlag:VARCHAR#
			</isNotEmpty>
			<isNotEmpty prepend="and" property="opStsList">
				<iterate property="opStsList" open="b.OPERATING_STATE IN ("
					close=")" conjunction=",">
					#opStsList[]#
				</iterate>
			</isNotEmpty>
			<isNotEmpty prepend="and" property="feedbackFlagList">
				<iterate property="feedbackFlagList" open="b.FEEDBACK_FLAG IN ("
					close=")" conjunction=",">
					#feedbackFlagList[]#
				</iterate>
			</isNotEmpty>
			<isNotEmpty prepend="and" property="fileSendDate">
				b.FILE_SEND_DATE = #fileSendDate#
			</isNotEmpty>
			<isNotEmpty prepend="and" property="reportBatchNo">
				b.REPORT_BATCH_NO = #reportBatchNo#
			</isNotEmpty>
		</dynamic>
</sql>
	<select id="selectQryList" resultMap="cciOrginfoFamilyMemDelFormResult"
		parameterClass="com.synesoft.cci.app.form.dbm.CciOrginfoFamilyMemDelForm">
		SELECT *
		FROM (
		select a.*,
		b.FILE_SEND_DATE,
		b.REPORT_BATCH_NO,
		b.MSG_RECORD_TRACKING_NO,
		b.MSG_RECORD_OPERATE_TYPE,
		b.MSG_RECORD_ROW,
		b.REPORT_FLAG,
		b.FEEDBACK_FLAG,
		b.DEPT_ID,
		b.OPERATING_STATE,
		b.REPORT_FILE_TYPE,
		b.MSG_RECORD_TYPE,
		b.BRANCH_ID,
		b.BRANCH_NO,
		b.RELATION_SYS_CTL_ID,
		b.ORG_BASIC_FEEDBACK_FLAG,
		b.OPERATE_TIME,
		b.OPERATER,
		b.CHECK_TIME,
		b.CHECK_OPERATOR,
		b.CHECK_ADD_MSG,
		b.LAST_UPDATE_TIME,
		b.LAST_UPDATER,
		b.LOGIC_DELETE_FLAG,
		b.DTL_NUM_A,
		b.DTL_NUM_B,
		b.DTL_NUM_C,
		b.DTL_NUM_D,
		b.RECORD_STATUS_FLAG,
		b.MESSAGE_TYPE,
		b.RELATION_FEEDBACK_ID,
		b.START_INDEX,
		b.END_INDEX
		<include refid="queryCondition" />
		UNION ALL
		SELECT '' AS SEQ_NUM,
		a.*,
		b.FILE_SEND_DATE,
		b.REPORT_BATCH_NO,
		b.MSG_RECORD_TRACKING_NO,
		b.MSG_RECORD_OPERATE_TYPE,
		b.MSG_RECORD_ROW,
		b.REPORT_FLAG,
		b.FEEDBACK_FLAG,
		b.DEPT_ID,
		b.OPERATING_STATE,
		b.REPORT_FILE_TYPE,
		b.MSG_RECORD_TYPE,
		b.BRANCH_ID,
		b.BRANCH_NO,
		b.RELATION_SYS_CTL_ID,
		b.ORG_BASIC_FEEDBACK_FLAG,
		b.OPERATE_TIME,
		b.OPERATER,
		b.CHECK_TIME,
		b.CHECK_OPERATOR,
		b.CHECK_ADD_MSG,
		b.LAST_UPDATE_TIME,
		b.LAST_UPDATER,
		b.LOGIC_DELETE_FLAG,
		b.DTL_NUM_A,
		b.DTL_NUM_B,
		b.DTL_NUM_C,
		b.DTL_NUM_D,
		b.RECORD_STATUS_FLAG,
		b.MESSAGE_TYPE,
		b.RELATION_FEEDBACK_ID,
		b.START_INDEX,
		b.END_INDEX
		<include refid="queryBizCondition" />
		) b
		ORDER BY b.SEQ_NUM DESC,
		b.FILE_SEND_DATE DESC,
		b.REPORT_BATCH_NO DESC
	</select>

	<select id="selectQryCounts" parameterClass="com.synesoft.cci.app.form.dbm.CciOrginfoFamilyMemDelForm"
		resultClass="java.lang.Integer">
		select count(*)
		FROM (
			<!-- add by gl 20160612 Release V1.0 NO.5 start -->
			select a.sys_ctl_id 
			<include refid="queryCondition" />
			UNION ALL
			SELECT 
				a.sys_ctl_id
		<!-- add by gl 20160612 Release V1.0 NO.5 end -->
			<include refid="queryBizCondition"/>
		) c
	</select>
	
	<select id="selectCounts"
		parameterClass="com.synesoft.cci.app.form.dbm.CciOrginfoFamilyMemDelForm"
		resultClass="java.lang.Integer">
		select count(*) 
		<include refid="queryCondition"/>
	</select>
	<select id="selectList" resultMap="cciOrginfoFamilyMemDelFormResult"
		parameterClass="com.synesoft.cci.app.form.dbm.CciOrginfoFamilyMemDelForm">
		<!-- update by ld at 20160902 Release V1.0 NO.109-->
		select a.*
		<include refid="CCI_COM_REPORT_SYSTEM_FIELD.selectReportHistoryField"/>
		<include refid="queryCondition"/>
		ORDER BY a.seq_Num DESC
	</select>
	
</sqlMap>