<?xml version="1.0" encoding="UTF-8" ?>
<!DOCTYPE sqlMap PUBLIC "-//ibatis.apache.org//DTD SQL Map 2.0//EN" "http://ibatis.apache.org/dtd/sql-map-2.dtd" >
<sqlMap namespace="CCI_CASH_FLOW_2007_H">
	

	<resultMap id="cciCashFlow2007FormResult"
		class="com.synesoft.cci.app.form.bbm.CciCashFlow2007Form">
		<!-- WARNING - This element is automatically generated by Abator for iBATIS, 
			do not modify. This element was generated on Fri Oct 30 15:02:45 CST 2015. -->
		<result column="SYS_CTL_ID" property="sysCtlId" jdbcType="VARCHAR" />
		<result column="RELATION_FEEDBACK_ID" property="relationFeedbackId" jdbcType="VARCHAR"/>
		<result column="SALE_RECIEVED_CASH" property="saleRecievedCash"
			jdbcType="DECIMAL" />
		<result column="TAX_REPAY" property="taxRepay" jdbcType="DECIMAL" />
		<result column="RELATION_CASH_RECIEVED" property="relationCashRecieved"
			jdbcType="DECIMAL" />
		<result column="CASH_INFLOWS_COUNT" property="cashInflowsCount"
			jdbcType="DECIMAL" />
		<result column="CASH_PURC_ACCE_LABO_PAYM" property="cashPurcAcceLaboPaym"
			jdbcType="DECIMAL" />
		<result column="CASH_PAID_TO_EMPLOYEES" property="cashPaidToEmployees"
			jdbcType="DECIMAL" />
		<result column="TAXES_PAID" property="taxesPaid" jdbcType="DECIMAL" />
		<result column="CASH_PAID_RELATE_TO_OTHERS" property="cashPaidRelateToOthers"
			jdbcType="DECIMAL" />
		<result column="BUSI_OUTFLOW_CASH_COUNT" property="busiOutflowCashCount"
			jdbcType="DECIMAL" />
		<result column="BUSI_CASH_FLOW_NET" property="busiCashFlowNet"
			jdbcType="DECIMAL" />
		<result column="RECYCLE_INVESTMENT_CASH_INFLOW" property="recycleInvestmentCashInflow"
			jdbcType="DECIMAL" />
		<result column="CASH_RECE_FROM_INVE_INCO" property="cashReceFromInveInco"
			jdbcType="DECIMAL" />
		<result column="DISPOSAL_FIXED_ASSET_NET" property="disposalFixedAssetNet"
			jdbcType="DECIMAL" />
		<result column="DISPOSAL_SUBSIDIARY_ASSET_NET" property="disposalSubsidiaryAssetNet"
			jdbcType="DECIMAL" />
		<result column="CASH_RECE_OTHE_INVE_ACTI" property="cashReceOtheInveActi"
			jdbcType="DECIMAL" />
		<result column="CASH_INFL_FROM_INVE_ACTI_COUN" property="cashInflFromInveActiCoun"
			jdbcType="DECIMAL" />
		<result column="BUILD_PAYED_CASH" property="buildPayedCash"
			jdbcType="DECIMAL" />
		<result column="CASH_PAID_BY_INVESTMENT" property="cashPaidByInvestment"
			jdbcType="DECIMAL" />
		<result column="NET_CASH_FROM_SUBS_OTHE_BUSI" property="netCashFromSubsOtheBusi"
			jdbcType="DECIMAL" />
		<result column="OTHER_RELATIVE_INVESTMENT_CASH" property="otherRelativeInvestmentCash"
			jdbcType="DECIMAL" />
		<result column="INVESTMENT_OUTFLOW_CASH_COUNT" property="investmentOutflowCashCount"
			jdbcType="DECIMAL" />
		<result column="INVE_GENE_CASH_FLOW_NET" property="inveGeneCashFlowNet"
			jdbcType="DECIMAL" />
		<result column="CASH_RECE_ABSO_INVE" property="cashReceAbsoInve"
			jdbcType="DECIMAL" />
		<result column="CASH_RECEIVED_BY_BORROWER" property="cashReceivedByBorrower"
			jdbcType="DECIMAL" />
		<result column="CASH_RECE_FROM_OTHE_FINA_ACTI" property="cashReceFromOtheFinaActi"
			jdbcType="DECIMAL" />
		<result column="CASH_INFL_FROM_FINA_ACTI" property="cashInflFromFinaActi"
			jdbcType="DECIMAL" />
		<result column="PAID_IN_CASH" property="paidInCash" jdbcType="DECIMAL" />
		<result column="CASH_PAID_FOR_DIVITION" property="cashPaidForDivition"
			jdbcType="DECIMAL" />
		<result column="CASH_PAYM_RELA_TO_OTHE_ACTI" property="cashPaymRelaToOtheActi"
			jdbcType="DECIMAL" />
		<result column="CASH_OUTF_FOR_FINA_ACTI_COUN" property="cashOutfForFinaActiCoun"
			jdbcType="DECIMAL" />
		<result column="NET_CASH_FLOW_GENE_FROM_ACTI" property="netCashFlowGeneFromActi"
			jdbcType="DECIMAL" />
		<result column="IMPA_OF_EXCH_RATE_ON_CASH" property="impaOfExchRateOnCash"
			jdbcType="DECIMAL" />
		<result column="NET_INCREASE_IN_CASH_C" property="netIncreaseInCashC"
			jdbcType="DECIMAL" />
		<result column="CASH_EQUI_TERM_BALA_END" property="cashEquiTermBalaEnd"
			jdbcType="DECIMAL" />
		<result column="CASH_EQUI_TERM_BALA_STAR" property="cashEquiTermBalaStar"
			jdbcType="DECIMAL" />
		<result column="PROFIT_NET" property="profitNet" jdbcType="DECIMAL" />
		<result column="IMPAIRMENT_OF_ASSETS" property="impairmentOfAssets"
			jdbcType="DECIMAL" />
		<result column="DEMOLITION_OF_FIXED_ASSETS" property="demolitionOfFixedAssets"
			jdbcType="DECIMAL" />
		<result column="AMOR_OF_INTA_ASSE" property="amorOfIntaAsse"
			jdbcType="DECIMAL" />
		<result column="AMOR_OF_LONG_TERM_PRE_EXPE" property="amorOfLongTermPreExpe"
			jdbcType="DECIMAL" />
		<result column="PREPAID_EXPENSES_DECREASE" property="prepaidExpensesDecrease"
			jdbcType="DECIMAL" />
		<result column="ACCRUED_EXPENSES_INCREASE" property="accruedExpensesIncrease"
			jdbcType="DECIMAL" />
		<result column="FIXE_INTA_ASSE_DISPO_LOSS" property="fixeIntaAsseDispoLoss"
			jdbcType="DECIMAL" />
		<result column="LOSS_OF_FIXED_ASSETS_REJECT" property="lossOfFixedAssetsReject"
			jdbcType="DECIMAL" />
		<result column="LOSS_OF_FAIR_VALUE" property="lossOfFairValue"
			jdbcType="DECIMAL" />
		<result column="FINANCIAL_EXPENSE" property="financialExpense"
			jdbcType="DECIMAL" />
		<result column="INVESTMENT_LOSS" property="investmentLoss"
			jdbcType="DECIMAL" />
		<result column="DEFERRED_TAX_ASSETS_REDUCTION" property="deferredTaxAssetsReduction"
			jdbcType="DECIMAL" />
		<result column="DEFE_TAX_LIAB_INCR" property="defeTaxLiabIncr"
			jdbcType="DECIMAL" />
		<result column="REDUCTION_IN_INVENTORY" property="reductionInInventory"
			jdbcType="DECIMAL" />
		<result column="REDU_OF_OPER_RECE" property="reduOfOperRece"
			jdbcType="DECIMAL" />
		<result column="INCR_OF_OPER_RECE" property="incrOfOperRece"
			jdbcType="DECIMAL" />
		<result column="OTHER1" property="other1" jdbcType="DECIMAL" />
		<result column="NET_CASH_FLOW_FROM_BUSI_ACTI" property="netCashFlowFromBusiActi"
			jdbcType="DECIMAL" />
		<result column="DEBT_TO_CAPITAL" property="debtToCapital"
			jdbcType="DECIMAL" />
		<result column="CONVERTIBLE_BOND_IN_ONE_YEAR" property="convertibleBondInOneYear"
			jdbcType="DECIMAL" />
		<result column="FINANCING_LEASE_FIXED_ASSETS" property="financingLeaseFixedAssets"
			jdbcType="DECIMAL" />
		<result column="OTHER2" property="other2" jdbcType="DECIMAL" />
		<result column="CASH_TERM_END_BALANCE" property="cashTermEndBalance"
			jdbcType="DECIMAL" />
		<result column="CASH_TERM_START_BALANCE" property="cashTermStartBalance"
			jdbcType="DECIMAL" />
		<result column="CASH_EQUI_TERM_END_BALA" property="cashEquiTermEndBala"
			jdbcType="DECIMAL" />
		<result column="CASH_EQUI_TERM_STAR_BALA" property="cashEquiTermStarBala"
			jdbcType="DECIMAL" />
		<result column="NET_INCR_IN_CASH_AND_CASH_EQUI" property="netIncrInCashAndCashEqui"
			jdbcType="DECIMAL" />
		<result column="CUSTOMER_CODE" property="customerCode"
			jdbcType="VARCHAR" />
		<result column="REPORT_YEAR" property="reportYear" jdbcType="VARCHAR" />
		<result column="REPORT_TYPE" property="reportType" jdbcType="VARCHAR" />
		<result column="REPORT_TYPE_SUBDIVISION" property="reportTypeSubdivision"
			jdbcType="VARCHAR" />
		<result column="BORROWER_NAME" property="borrowerName"
			jdbcType="VARCHAR" />
		<result column="LOAN_CARD_NO" property="loanCardNo" jdbcType="VARCHAR" />
		<result column="AUDIT_FIRM_NAME" property="auditFirmName"
			jdbcType="VARCHAR" />
		<result column="AUDITOR_NAME" property="auditorName" jdbcType="VARCHAR" />
		<result column="CHECK_TIME_C" property="checkTimeC" jdbcType="VARCHAR" />
		<result column="BUSI_DATE" property="busiDate" jdbcType="VARCHAR" />
		<result column="FILE_SEND_DATE" property="fileSendDate"
			jdbcType="VARCHAR" />
		<result column="REPORT_BATCH_NO" property="reportBatchNo"
			jdbcType="VARCHAR" />
		<result column="MSG_RECORD_TRACKING_NO" property="msgRecordTrackingNo"
			jdbcType="VARCHAR" />
		<result column="MSG_RECORD_OPERATE_TYPE" property="msgRecordOperateType"
			jdbcType="VARCHAR" />
		<result column="MSG_RECORD_ROW" property="msgRecordRow"
			jdbcType="VARCHAR" />
		<result column="REPORT_FLAG" property="reportFlag" jdbcType="VARCHAR" />
		<result column="FEEDBACK_FLAG" property="feedbackFlag"
			jdbcType="VARCHAR" />
		<result column="DEPT_ID" property="deptId" jdbcType="VARCHAR" />
		<result column="OPERATING_STATE" property="operatingState"
			jdbcType="VARCHAR" />
		<result column="REPORT_FILE_TYPE" property="reportFileType"
			jdbcType="VARCHAR" />
		<result column="MSG_RECORD_TYPE" property="msgRecordType"
			jdbcType="VARCHAR" />
		<result column="BRANCH_ID" property="branchId" jdbcType="VARCHAR" />
		<result column="BRANCH_NO" property="branchNo" jdbcType="VARCHAR" />
		<result column="RELATION_SYS_CTL_ID" property="relationSysCtlId"
			jdbcType="VARCHAR" />
		<result column="ORG_BASIC_FEEDBACK_FLAG" property="orgBasicFeedbackFlag"
			jdbcType="VARCHAR" />
		<result column="OPERATE_TIME" property="operateTime" jdbcType="VARCHAR" />
		<result column="OPERATER" property="operater" jdbcType="VARCHAR" />
		<result column="CHECK_TIME" property="checkTime" jdbcType="VARCHAR" />
		<result column="CHECK_OPERATOR" property="checkOperator"
			jdbcType="VARCHAR" />
		<result column="CHECK_ADD_MSG" property="checkAddMsg" jdbcType="VARCHAR" />
		<result column="LAST_UPDATE_TIME" property="lastUpdateTime"
			jdbcType="VARCHAR" />
		<result column="LAST_UPDATER" property="lastUpdater" jdbcType="VARCHAR" />
		<result column="LOGIC_DELETE_FLAG" property="logicDeleteFlag"
			jdbcType="VARCHAR" />
		<result column="RECORD_STATUS_FLAG" property="recordStatusFlag"
			jdbcType="VARCHAR" />
		<result column="MESSAGE_TYPE" property="messageType" jdbcType="VARCHAR" />
		
		<result column="SEQ_NUM" property="seqNum" jdbcType="VARCHAR" />
		
	</resultMap>
	
	<sql id="queryCondition">
		from ${SUBSYSTEM_SCHEMA}CCI_CASH_FLOW_2007_H a join
		${SUBSYSTEM_SCHEMA}CCI_REPORT_SYSTEM_CTL_H b
		on a.SYS_CTL_ID =
		b.SYS_CTL_ID
		and a.seq_num=b.seq_num
		where 1=1
		<dynamic>
		<isNotEmpty prepend="and" property="seqNum">
				a.SEQ_NUM = #seqNum#
			</isNotEmpty>
			<isNotEmpty prepend="and" property="orgInfList">
				<iterate property="orgInfList" open="b.BRANCH_NO IN ("
					close=")" conjunction=",">
					#orgInfList[]#
				</iterate>
			</isNotEmpty>
			<isNotEmpty prepend="and" property="branchId">
				b.BRANCH_ID =
				#branchId:VARCHAR#
			</isNotEmpty>
			<!-- add by gy 2016-11-18 Release V1.0 NO.221 cover 198 start -->
			<isNotEmpty prepend="and" property="logicDeleteFlag">
				b.LOGIC_DELETE_FLAG = #logicDeleteFlag#
			</isNotEmpty>
			<!-- add by gy 2016-11-18 Release V1.0 NO.221 cover 198 end -->
			<!-- add by gy 2016-09-08 Release V1.0 NO.120 start -->
			<isNotEmpty prepend="and" property="busiDateStart">
				<![CDATA[a.BUSI_DATE >=]]> #busiDateStart# 
			</isNotEmpty>
			<isNotEmpty prepend="and" property="busiDateEnd">
				<![CDATA[a.BUSI_DATE <=]]> #busiDateEnd#
			</isNotEmpty>
			<isNotEmpty prepend="and" property="fileSendDateStart">
				<![CDATA[b.FILE_SEND_DATE >=]]> #fileSendDateStart# 
			</isNotEmpty>
			<isNotEmpty prepend="and" property="fileSendDateEnd">
				<![CDATA[b.FILE_SEND_DATE <=]]> #fileSendDateEnd#
			</isNotEmpty>
			<!-- add by gy 2016-09-08 Release V1.0 NO.120 end -->
			<isNotEmpty prepend="and" property="customerCode">
				a.CUSTOMER_CODE =
				#customerCode:VARCHAR#
			</isNotEmpty>
			<isNotEmpty prepend="and" property="reportYear">
				a.REPORT_YEAR =
				#reportYear:VARCHAR#
			</isNotEmpty>
			<isNotEmpty prepend="and" property="reportType">
				a.REPORT_TYPE =
				#reportType:VARCHAR#
			</isNotEmpty>
			<isNotEmpty prepend="and" property="reportTypeSubdivision">
				a.REPORT_TYPE_SUBDIVISION = #reportTypeSubdivision:VARCHAR#
			</isNotEmpty>
			<isNotEmpty prepend="and" property="feedbackFlag">
				b.FEEDBACK_FLAG =
				#feedbackFlag:VARCHAR#
			</isNotEmpty>
			<isNotEmpty prepend="and" property="operatingState">
				b.OPERATING_STATE =
				#operatingState:VARCHAR#
			</isNotEmpty>
			<isNotEmpty prepend="and" property="reportFlag">
				b.REPORT_FLAG =
				#reportFlag:VARCHAR#
			</isNotEmpty>
			<isNotEmpty prepend="and" property="opStsList">
				<iterate property="opStsList" open="b.OPERATING_STATE IN ("
					close=")" conjunction=",">
					#opStsList[]#
				</iterate>
			</isNotEmpty>
			<isNotEmpty prepend="and" property="feedbackFlagList">
				<iterate property="feedbackFlagList" open="b.FEEDBACK_FLAG IN ("
					close=")" conjunction=",">
					#feedbackFlagList[]#
				</iterate>
			</isNotEmpty>
			<isNotEmpty prepend="and" property="fileSendDate">
				b.FILE_SEND_DATE = #fileSendDate#
			</isNotEmpty>
			<isNotEmpty prepend="and" property="reportBatchNo">
				b.REPORT_BATCH_NO = #reportBatchNo#
			</isNotEmpty>
		</dynamic>
	</sql>
	
	<sql id="queryBizCondition">
		from ${SUBSYSTEM_SCHEMA}CCI_CASH_FLOW_2007 a join
		${SUBSYSTEM_SCHEMA}CCI_REPORT_SYSTEM_CTL b
		on a.SYS_CTL_ID =
		b.SYS_CTL_ID
		where 1=1
		AND b.FEEDBACK_FLAG = '0'
		<dynamic>
			<!-- add by gy 2016-07-06 Release V1.0 NO.54 start -->
			<isNotEmpty prepend="and" property="logicDeleteFlag">
				b.LOGIC_DELETE_FLAG = #logicDeleteFlag#
			</isNotEmpty>
			<!-- add by gy 2016-11-09 Release V1.0 NO.198 cover 54end -->
			<isNotEmpty prepend="and" property="orgInfList">
				<iterate property="orgInfList" open="b.BRANCH_NO IN ("
					close=")" conjunction=",">
					#orgInfList[]#
				</iterate>
			</isNotEmpty>
			<isNotEmpty prepend="and" property="branchId">
				b.BRANCH_ID =
				#branchId:VARCHAR#
			</isNotEmpty>
			<!-- add by gy 2016-09-08 Release V1.0 NO.120 start -->
			<isNotEmpty prepend="and" property="busiDateStart">
				<![CDATA[a.BUSI_DATE >=]]> #busiDateStart# 
			</isNotEmpty>
			<isNotEmpty prepend="and" property="busiDateEnd">
				<![CDATA[a.BUSI_DATE <=]]> #busiDateEnd#
			</isNotEmpty>
			<isNotEmpty prepend="and" property="fileSendDateStart">
				<![CDATA[b.FILE_SEND_DATE >=]]> #fileSendDateStart# 
			</isNotEmpty>
			<isNotEmpty prepend="and" property="fileSendDateEnd">
				<![CDATA[b.FILE_SEND_DATE <=]]> #fileSendDateEnd#
			</isNotEmpty>
			<!-- add by gy 2016-09-08 Release V1.0 NO.120 end -->
			<isNotEmpty prepend="and" property="customerCode">
				a.CUSTOMER_CODE =
				#customerCode:VARCHAR#
			</isNotEmpty>
			<isNotEmpty prepend="and" property="reportYear">
				a.REPORT_YEAR =
				#reportYear:VARCHAR#
			</isNotEmpty>
			<isNotEmpty prepend="and" property="reportType">
				a.REPORT_TYPE =
				#reportType:VARCHAR#
			</isNotEmpty>
			<isNotEmpty prepend="and" property="reportTypeSubdivision">
				a.REPORT_TYPE_SUBDIVISION = #reportTypeSubdivision:VARCHAR#
			</isNotEmpty>
			<isNotEmpty prepend="and" property="feedbackFlag">
				b.FEEDBACK_FLAG =
				#feedbackFlag:VARCHAR#
			</isNotEmpty>
			<isNotEmpty prepend="and" property="operatingState">
				b.OPERATING_STATE =
				#operatingState:VARCHAR#
			</isNotEmpty>
			<isNotEmpty prepend="and" property="reportFlag">
				b.REPORT_FLAG =
				#reportFlag:VARCHAR#
			</isNotEmpty>
			<isNotEmpty prepend="and" property="opStsList">
				<iterate property="opStsList" open="b.OPERATING_STATE IN ("
					close=")" conjunction=",">
					#opStsList[]#
				</iterate>
			</isNotEmpty>
			<isNotEmpty prepend="and" property="feedbackFlagList">
				<iterate property="feedbackFlagList" open="b.FEEDBACK_FLAG IN ("
					close=")" conjunction=",">
					#feedbackFlagList[]#
				</iterate>
			</isNotEmpty>
			<isNotEmpty prepend="and" property="fileSendDate">
				b.FILE_SEND_DATE = #fileSendDate#
			</isNotEmpty>
			<isNotEmpty prepend="and" property="reportBatchNo">
				b.REPORT_BATCH_NO = #reportBatchNo#
			</isNotEmpty>
		</dynamic>
	</sql>
	<select id="selectQryList" resultMap="cciCashFlow2007FormResult"
		parameterClass="com.synesoft.cci.app.form.bbm.CciCashFlow2007Form">
		SELECT *
		FROM (
		select a.*,
		b.FILE_SEND_DATE,
		b.REPORT_BATCH_NO,
		b.MSG_RECORD_TRACKING_NO,
		b.MSG_RECORD_OPERATE_TYPE,
		b.MSG_RECORD_ROW,
		b.REPORT_FLAG,
		b.FEEDBACK_FLAG,
		b.DEPT_ID,
		b.OPERATING_STATE,
		b.REPORT_FILE_TYPE,
		b.MSG_RECORD_TYPE,
		b.BRANCH_ID,
		b.BRANCH_NO,
		b.RELATION_SYS_CTL_ID,
		b.ORG_BASIC_FEEDBACK_FLAG,
		b.OPERATE_TIME,
		b.OPERATER,
		b.CHECK_TIME,
		b.CHECK_OPERATOR,
		b.CHECK_ADD_MSG,
		b.LAST_UPDATE_TIME,
		b.LAST_UPDATER,
		b.LOGIC_DELETE_FLAG,
		b.DTL_NUM_A,
		b.DTL_NUM_B,
		b.DTL_NUM_C,
		b.DTL_NUM_D,
		b.RECORD_STATUS_FLAG,
		b.MESSAGE_TYPE,
		b.RELATION_FEEDBACK_ID,
		b.START_INDEX,
		b.END_INDEX
		<include refid="queryCondition" />
		UNION ALL
		SELECT '' AS SEQ_NUM,
		a.*,
		b.FILE_SEND_DATE,
		b.REPORT_BATCH_NO,
		b.MSG_RECORD_TRACKING_NO,
		b.MSG_RECORD_OPERATE_TYPE,
		b.MSG_RECORD_ROW,
		b.REPORT_FLAG,
		b.FEEDBACK_FLAG,
		b.DEPT_ID,
		b.OPERATING_STATE,
		b.REPORT_FILE_TYPE,
		b.MSG_RECORD_TYPE,
		b.BRANCH_ID,
		b.BRANCH_NO,
		b.RELATION_SYS_CTL_ID,
		b.ORG_BASIC_FEEDBACK_FLAG,
		b.OPERATE_TIME,
		b.OPERATER,
		b.CHECK_TIME,
		b.CHECK_OPERATOR,
		b.CHECK_ADD_MSG,
		b.LAST_UPDATE_TIME,
		b.LAST_UPDATER,
		b.LOGIC_DELETE_FLAG,
		b.DTL_NUM_A,
		b.DTL_NUM_B,
		b.DTL_NUM_C,
		b.DTL_NUM_D,
		b.RECORD_STATUS_FLAG,
		b.MESSAGE_TYPE,
		b.RELATION_FEEDBACK_ID,
		b.START_INDEX,
		b.END_INDEX
		<include refid="queryBizCondition" />
		) b
		ORDER BY b.SEQ_NUM DESC,
		b.FILE_SEND_DATE DESC,
		b.REPORT_BATCH_NO DESC
	</select>

	<select id="selectQryCounts" parameterClass="com.synesoft.cci.app.form.bbm.CciCashFlow2007Form"
		resultClass="java.lang.Integer">
		select count(*)
		FROM (
			<!-- add by gl 20160612 Release V1.0 NO.5 start -->
			select a.sys_ctl_id 
			<include refid="queryCondition" />
			UNION ALL
			SELECT 
				a.sys_ctl_id
		<!-- add by gl 20160612 Release V1.0 NO.5 end -->
			<include refid="queryBizCondition"/>
		) c
	</select>
	
	<select id="selectCounts" parameterClass="com.synesoft.cci.app.form.bbm.CciCashFlow2007Form"
		resultClass="java.lang.Integer">
		select count(*) 
		<include refid="queryCondition"/>
	</select>

	<select id="selectList" resultMap="cciCashFlow2007FormResult"
		parameterClass="com.synesoft.cci.app.form.bbm.CciCashFlow2007Form">
		<!-- update by ld at 20160902 Release V1.0 NO.109-->
		select a.*
		<include refid="CCI_COM_REPORT_SYSTEM_FIELD.selectReportHistoryField"/>
		<include refid="queryCondition"/>
		ORDER BY a.seq_Num DESC
	</select>

	
</sqlMap>