<?xml version="1.0" encoding="UTF-8" ?>
<!DOCTYPE sqlMap PUBLIC "-//ibatis.apache.org//DTD SQL Map 2.0//EN" "http://ibatis.apache.org/dtd/sql-map-2.dtd" >
<sqlMap namespace="CCI_ORGINFO_BASIC_H">
	<resultMap id="CciOrginfoBasicFormResult"
		class="com.synesoft.cci.app.form.obm.CciOrginfoBasicForm">
		<!-- WARNING - This element is automatically generated by Abator for iBATIS, 
			do not modify. This element was generated on Fri Dec 11 17:14:26 CST 2015. -->
		<result column="SYS_CTL_ID" property="sysCtlId" jdbcType="VARCHAR" />
		<result column="RELATION_FEEDBACK_ID" property="relationFeedbackId" jdbcType="VARCHAR"/>
		<result column="CUSTOMER_CODE" property="customerCode"
			jdbcType="VARCHAR" />
		<result column="MANAGEMENT_ROW_CODE" property="managementRowCode"
			jdbcType="VARCHAR" />
		<result column="CUSTOMER_TYPE" property="customerType"
			jdbcType="VARCHAR" />
		<result column="ORG_CREDIT_CODE_A" property="orgCreditCodeA"
			jdbcType="VARCHAR" />
		<result column="ORG_CODE_A" property="orgCodeA" jdbcType="VARCHAR" />
		<result column="REGISTRATION_CODE_TYPE_A" property="registrationCodeTypeA"
			jdbcType="VARCHAR" />
		<result column="REGISTRATION_CODE_A" property="registrationCodeA"
			jdbcType="VARCHAR" />
		<result column="TAX_IDENTIFY_CODE_NA" property="taxIdentifyCodeNa"
			jdbcType="VARCHAR" />
		<result column="TAX_IDENTIFY_CODE_ST" property="taxIdentifyCodeSt"
			jdbcType="VARCHAR" />
		<result column="OPEN_ACCOUNT_APPROVAL_NO" property="openAccountApprovalNo"
			jdbcType="VARCHAR" />
		<result column="LOAN_CARD_NO" property="loanCardNo" jdbcType="VARCHAR" />
		<result column="RSV_A" property="rsvA" jdbcType="VARCHAR" />
		<result column="DATA_ABSTRACT_DATE" property="dataAbstractDate" jdbcType="VARCHAR" />
		<!--<result column="ORG_CN_NAME" property="orgCnName" jdbcType="VARCHAR" />-->
		<!--<result column="ORG_EN_NAME" property="orgEnName" jdbcType="VARCHAR" />-->
		<!--<result column="REGISTATION_ADDRESS" property="registationAddress"-->
			<!--jdbcType="VARCHAR" />-->
		<!--<result column="NATIONNALITY" property="nationnality" jdbcType="VARCHAR" />-->
		<!--<result column="REGISTATION_AREA_DIVISION" property="registationAreaDivision"-->
			<!--jdbcType="DECIMAL" />-->
		<!--<result column="ESTABLISH_DATE" property="establishDate"-->
			<!--jdbcType="VARCHAR" />-->
		<!--<result column="PAPER_EXPIRY_DATE" property="paperExpiryDate"-->
			<!--jdbcType="VARCHAR" />-->
		<!--<result column="OPERATING_RANGE" property="operatingRange"-->
			<!--jdbcType="VARCHAR" />-->
		<!--<result column="REGISTERED_CAPITAL_CURRENCY" property="registeredCapitalCurrency"-->
			<!--jdbcType="VARCHAR" />-->
		<!--<result column="REGISTERED_AMOUNT" property="registeredAmount"-->
			<!--jdbcType="DECIMAL" />-->
		<!--<result column="ORG_TYPE" property="orgType" jdbcType="VARCHAR" />-->
		<!--<result column="ORG_TYPE_CLASSIFY" property="orgTypeClassify"-->
			<!--jdbcType="VARCHAR" />-->
		<!--<result column="ECONOMIC_CLASSIFY" property="economicClassify"-->
			<!--jdbcType="VARCHAR" />-->
		<!--<result column="ECONOMIC_TYPE" property="economicType"-->
			<!--jdbcType="VARCHAR" />-->
		<!--<result column="INFORMATION_UPDATE_DATE_B" property="informationUpdateDateB"-->
			<!--jdbcType="VARCHAR" />-->
		<!--<result column="RSV_B" property="rsvB" jdbcType="VARCHAR" />-->
		<!--<result column="ORG_WORK_ADDRESS" property="orgWorkAddress"-->
			<!--jdbcType="VARCHAR" />-->
		<!--<result column="TELEPHONE" property="telephone" jdbcType="VARCHAR" />-->
		<!--<result column="FINANCE_DEPARTMENT_TELEPHONE" property="financeDepartmentTelephone"-->
			<!--jdbcType="VARCHAR" />-->
		<!--<result column="INFORMATION_UPDATE_DATE_C" property="informationUpdateDateC"-->
			<!--jdbcType="VARCHAR" />-->
		<!--<result column="RSV_C" property="rsvC" jdbcType="VARCHAR" />-->
		<!--<result column="BASIC_STATUS" property="basicStatus" jdbcType="VARCHAR" />-->
		<!--<result column="ENTERPRISE_SCALE" property="enterpriseScale"-->
			<!--jdbcType="VARCHAR" />-->
		<!--<result column="ORG_STATUS" property="orgStatus" jdbcType="VARCHAR" />-->
		<!--<result column="INFORMATION_UPDATE_DATE_D" property="informationUpdateDateD"-->
			<!--jdbcType="VARCHAR" />-->
		<!--<result column="RSV_D" property="rsvD" jdbcType="VARCHAR" />-->
		<!--<result column="SUPERIOR_ORG_NAME" property="superiorOrgName"-->
			<!--jdbcType="VARCHAR" />-->
		<!--<result column="REGISTRATION_CODE_TYPE_E" property="registrationCodeTypeE"-->
			<!--jdbcType="VARCHAR" />-->
		<!--<result column="REGISTRATION_CODE_E" property="registrationCodeE"-->
			<!--jdbcType="VARCHAR" />-->
		<!--<result column="ORG_CODE_E" property="orgCodeE" jdbcType="VARCHAR" />-->
		<!--<result column="ORG_CREDIT_CODE_E" property="orgCreditCodeE"-->
			<!--jdbcType="VARCHAR" />-->
		<!--<result column="INFORMATION_UPDATE_DATE_E" property="informationUpdateDateE"-->
			<!--jdbcType="VARCHAR" />-->
		<!--<result column="RSV_E" property="rsvE" jdbcType="VARCHAR" />-->
		<result column="FILE_SEND_DATE" property="fileSendDate"
			jdbcType="VARCHAR" />
		<result column="REPORT_BATCH_NO" property="reportBatchNo"
			jdbcType="VARCHAR" />
		<result column="MSG_RECORD_TRACKING_NO" property="msgRecordTrackingNo"
			jdbcType="VARCHAR" />
		<result column="MSG_RECORD_OPERATE_TYPE" property="msgRecordOperateType"
			jdbcType="VARCHAR" />
		<result column="MSG_RECORD_ROW" property="msgRecordRow"
			jdbcType="VARCHAR" />
		<result column="REPORT_FLAG" property="reportFlag" jdbcType="VARCHAR" />
		<result column="FEEDBACK_FLAG" property="feedbackFlag"
			jdbcType="VARCHAR" />
		<result column="DEPT_ID" property="deptId" jdbcType="VARCHAR" />
		<result column="OPERATING_STATE" property="operatingState"
			jdbcType="VARCHAR" />
		<result column="REPORT_FILE_TYPE" property="reportFileType"
			jdbcType="VARCHAR" />
		<result column="MSG_RECORD_TYPE" property="msgRecordType"
			jdbcType="VARCHAR" />
		<result column="BRANCH_ID" property="branchId" jdbcType="VARCHAR" />
		<result column="BRANCH_NO" property="branchNo" jdbcType="VARCHAR" />
		<result column="RELATION_SYS_CTL_ID" property="relationSysCtlId"
			jdbcType="VARCHAR" />
		<result column="ORG_BASIC_FEEDBACK_FLAG" property="orgBasicFeedbackFlag"
			jdbcType="VARCHAR" />
		<result column="OPERATE_TIME" property="operateTime" jdbcType="VARCHAR" />
		<result column="OPERATER" property="operater" jdbcType="VARCHAR" />
		<result column="CHECK_TIME" property="checkTime" jdbcType="VARCHAR" />
		<result column="CHECK_OPERATOR" property="checkOperator"
			jdbcType="VARCHAR" />
		<result column="CHECK_ADD_MSG" property="checkAddMsg" jdbcType="VARCHAR" />
		<result column="LAST_UPDATE_TIME" property="lastUpdateTime"
			jdbcType="VARCHAR" />
		<result column="LAST_UPDATER" property="lastUpdater" jdbcType="VARCHAR" />
		<result column="LOGIC_DELETE_FLAG" property="logicDeleteFlag"
			jdbcType="VARCHAR" />
		<result column="RECORD_STATUS_FLAG" property="recordStatusFlag"
			jdbcType="VARCHAR" />
		<result column="MESSAGE_TYPE" property="messageType" jdbcType="VARCHAR" />
		<result column="DTL_NUM_A" property="dtlNumA" jdbcType="VARCHAR" />
		<result column="DTL_NUM_B" property="dtlNumB" jdbcType="VARCHAR" />
		<result column="DTL_NUM_C" property="dtlNumC" jdbcType="VARCHAR" />
		<result column="DTL_NUM_D" property="dtlNumD" jdbcType="VARCHAR" />
		<result column="STATE_FLAG" property="stateFlag" jdbcType="VARCHAR" />
		<result column="SEQ_NUM" property="seqNum" jdbcType="VARCHAR" />
		<result column="ORG_CN_NAME" property="orgCnName" jdbcType="VARCHAR" />
		<result column="ORG_EN_NAME" property="orgEnName" jdbcType="VARCHAR" />
		
	</resultMap>

	<sql id="queryCondition">
		from ${SUBSYSTEM_SCHEMA}CCI_ORGINFO_BASIC_H a
		LEFT join ${SUBSYSTEM_SCHEMA}CCI_REPORT_SYSTEM_CTL_H f on a.SYS_CTL_ID =
		f.SYS_CTL_ID  and a.seq_num=f.seq_num
		LEFT JOIN (
			select a.SEQ_NUM as aseq,
				max(b.SEQ_NUM) as bseq
			from ${SUBSYSTEM_SCHEMA}CCI_ORGINFO_BASIC_H a
			LEFT JOIN ${SUBSYSTEM_SCHEMA}CCI_ORGINFO_BASIC_PROPERTY_H b
			on a.SYS_CTL_ID = b.PARENT_I
			and a.SEQ_NUM >= b.SEQ_NUM
			GROUP BY a.SEQ_NUM
		) c
		on a.SEQ_NUM = c.aseq
		LEFT join ${SUBSYSTEM_SCHEMA}CCI_ORGINFO_BASIC_PROPERTY_H b
		on b.SEQ_NUM = c.bseq
        <!--update by gcj Release V1.0 NO.78 start-->
		and a.SYS_CTL_ID = b.PARENT_I
        <!--update by gcj Release V1.0 NO.78 end-->
		where 1=1
		<dynamic>
		<isNotEmpty prepend="and" property="seqNum">
				a.SEQ_NUM = #seqNum#
			</isNotEmpty>
			<isNotEmpty prepend="and" property="orgInfList">
				<iterate property="orgInfList" open="f.BRANCH_NO IN ("
					close=")" conjunction=",">
					#orgInfList[]#
				</iterate>
			</isNotEmpty>
			<isNotEmpty prepend="and" property="branchId">
				f.BRANCH_ID =
				#branchId:VARCHAR#
			</isNotEmpty>
			<!-- add by gy 2016-12-14 Release V1.0 NO.261 start -->
			<isNotEmpty prepend="and" property="loanCardNo">
				a.LOAN_CARD_NO =
				#loanCardNo:VARCHAR#
			</isNotEmpty>
			<!-- add by gy 2016-12-14 Release V1.0 NO.261 end -->
			<!-- add by gy 2016-11-18 Release V1.0 NO.221 cover 198 start -->
			<isNotEmpty prepend="and" property="logicDeleteFlag">
				f.LOGIC_DELETE_FLAG = #logicDeleteFlag#
			</isNotEmpty>
			<!-- add by gy 2016-11-18 Release V1.0 NO.221 cover 198 end -->
			<!-- add by yb 2016-12-01 Release V1.0 NO.B9 start -->
			<isNotEmpty prepend="and" property="dataAbstractDateStart">
				<![CDATA[a.DATA_ABSTRACT_DATE >=]]> #dataAbstractDateStart# 
			</isNotEmpty>
			<isNotEmpty prepend="and" property="dataAbstractDateEnd">
				<![CDATA[a.DATA_ABSTRACT_DATE <=]]> #dataAbstractDateEnd#
			</isNotEmpty>
			<!-- add by yb 2016-12-01 Release V1.0 NO.B9 end -->
			<!-- add by gy 2016-09-13 Release V1.0 NO.120 start -->
			<isNotEmpty prepend="and" property="fileSendDateStart">
				<![CDATA[f.FILE_SEND_DATE >=]]> #fileSendDateStart# 
			</isNotEmpty>
			<isNotEmpty prepend="and" property="fileSendDateEnd">
				<![CDATA[f.FILE_SEND_DATE <=]]> #fileSendDateEnd#
			</isNotEmpty>
			<!-- add by gy 2016-09-13 Release V1.0 NO.120 end -->
			<isNotEmpty prepend="and" property="customerCode">
				a.CUSTOMER_CODE =
				#customerCode:VARCHAR#
			</isNotEmpty>
			<isNotEmpty prepend="and" property="customerType">
				a.CUSTOMER_TYPE =
				#customerType:VARCHAR#
			</isNotEmpty>
			<isNotEmpty prepend="and" property="orgCnName">
				b.ORG_CN_NAME =
				#orgCnName:VARCHAR#
			</isNotEmpty>
			<isNotEmpty prepend="and" property="orgEnName">
				b.ORG_EN_NAME =
				#orgEnName:VARCHAR#
			</isNotEmpty>
			<isNotEmpty prepend="and" property="feedbackFlag">
				f.FEEDBACK_FLAG =
				#feedbackFlag:VARCHAR#
			</isNotEmpty>
			<isNotEmpty prepend="and" property="operatingState">
				f.OPERATING_STATE =
				#operatingState:VARCHAR#
			</isNotEmpty>
			<isNotEmpty prepend="and" property="reportFlag">
				f.REPORT_FLAG =
				#reportFlag:VARCHAR#
			</isNotEmpty>
			<isNotEmpty prepend="and" property="opStsList">
				<iterate property="opStsList" open="f.OPERATING_STATE IN ("
					close=")" conjunction=",">
					#opStsList[]#
				</iterate>
			</isNotEmpty>
			<isNotEmpty prepend="and" property="fileSendDate">
				f.FILE_SEND_DATE = #fileSendDate#
			</isNotEmpty>
			<isNotEmpty prepend="and" property="reportBatchNo">
				f.REPORT_BATCH_NO = #reportBatchNo#
			</isNotEmpty>
		</dynamic>
	</sql>
	
	<sql id="queryBizCondition">
		from ${SUBSYSTEM_SCHEMA}CCI_ORGINFO_BASIC a
		LEFT join ${SUBSYSTEM_SCHEMA}CCI_REPORT_SYSTEM_CTL f on a.SYS_CTL_ID =
		f.SYS_CTL_ID
		LEFT JOIN (
			select a.SYS_CTL_ID as asysid,
			b.SYS_CTL_ID as bsysid
			from ${SUBSYSTEM_SCHEMA}CCI_ORGINFO_BASIC a
			INNER JOIN ${SUBSYSTEM_SCHEMA}CCI_ORGINFO_BASIC_PROPERTY b
			on a.SYS_CTL_ID = b.PARENT_I
			INNER JOIN ${SUBSYSTEM_SCHEMA}CCI_REPORT_SYSTEM_CTL d
			on d.SYS_CTL_ID = b.SYS_CTL_ID
			and d.LOGIC_DELETE_FLAG != '1'
			and d.FEEDBACK_FLAG != '4'
		) c
		ON a.SYS_CTL_ID = c.asysid
		LEFT JOIN ${SUBSYSTEM_SCHEMA}CCI_ORGINFO_BASIC_PROPERTY b
		on b.SYS_CTL_ID = c.bsysid
		where 1=1
		AND f.FEEDBACK_FLAG = '0'
		<dynamic>
			<!-- add by gy 2016-07-06 Release V1.0 NO.54 start -->
			<isNotEmpty prepend="and" property="logicDeleteFlag">
				f.LOGIC_DELETE_FLAG = #logicDeleteFlag#
			</isNotEmpty>
			<!-- add by gy 2016-11-09 Release V1.0 NO.198 cover 54end -->
			<isNotEmpty prepend="and" property="orgInfList">
				<iterate property="orgInfList" open="f.BRANCH_NO IN ("
					close=")" conjunction=",">
					#orgInfList[]#
				</iterate>
			</isNotEmpty>
			<isNotEmpty prepend="and" property="branchId">
				f.BRANCH_ID =
				#branchId:VARCHAR#
			</isNotEmpty>
			<!-- add by yb 2016-12-01 Release V1.0 NO.B9 start -->
			<isNotEmpty prepend="and" property="dataAbstractDateStart">
				<![CDATA[a.DATA_ABSTRACT_DATE >=]]> #dataAbstractDateStart# 
			</isNotEmpty>
			<isNotEmpty prepend="and" property="dataAbstractDateEnd">
				<![CDATA[a.DATA_ABSTRACT_DATE <=]]> #dataAbstractDateEnd#
			</isNotEmpty>
			<!-- add by yb 2016-12-01 Release V1.0 NO.B9 end -->
			<!-- add by gy 2016-09-13 Release V1.0 NO.120 start -->
			<isNotEmpty prepend="and" property="fileSendDateStart">
				<![CDATA[f.FILE_SEND_DATE >=]]> #fileSendDateStart# 
			</isNotEmpty>
			<isNotEmpty prepend="and" property="fileSendDateEnd">
				<![CDATA[f.FILE_SEND_DATE <=]]> #fileSendDateEnd#
			</isNotEmpty>
			<!-- add by gy 2016-09-13 Release V1.0 NO.120 end -->
			<isNotEmpty prepend="and" property="customerCode">
				a.CUSTOMER_CODE =
				#customerCode:VARCHAR#
			</isNotEmpty>
			<isNotEmpty prepend="and" property="customerType">
				a.CUSTOMER_TYPE =
				#customerType:VARCHAR#
			</isNotEmpty>
			<isNotEmpty prepend="and" property="orgCnName">
				b.ORG_CN_NAME =
				#orgCnName:VARCHAR#
			</isNotEmpty>
			<isNotEmpty prepend="and" property="orgEnName">
				b.ORG_EN_NAME =
				#orgEnName:VARCHAR#
			</isNotEmpty>
			<isNotEmpty prepend="and" property="feedbackFlag">
				f.FEEDBACK_FLAG =
				#feedbackFlag:VARCHAR#
			</isNotEmpty>
			<isNotEmpty prepend="and" property="operatingState">
				f.OPERATING_STATE =
				#operatingState:VARCHAR#
			</isNotEmpty>
			<isNotEmpty prepend="and" property="reportFlag">
				f.REPORT_FLAG =
				#reportFlag:VARCHAR#
			</isNotEmpty>
			<isNotEmpty prepend="and" property="opStsList">
				<iterate property="opStsList" open="f.OPERATING_STATE IN ("
					close=")" conjunction=",">
					#opStsList[]#
				</iterate>
			</isNotEmpty>
			<isNotEmpty prepend="and" property="fileSendDate">
				f.FILE_SEND_DATE = #fileSendDate#
			</isNotEmpty>
			<isNotEmpty prepend="and" property="reportBatchNo">
				f.REPORT_BATCH_NO = #reportBatchNo#
			</isNotEmpty>
			<!-- add by gy 2016-12-14 Release V1.0 NO.261 start -->
			<isNotEmpty prepend="and" property="loanCardNo">
				a.LOAN_CARD_NO =
				#loanCardNo:VARCHAR#
			</isNotEmpty>
			<!-- add by gy 2016-12-14 Release V1.0 NO.261 end -->
		</dynamic>
</sql>
	<select id="selectQryList" resultMap="CciOrginfoBasicFormResult"
		parameterClass="com.synesoft.cci.app.form.obm.CciOrginfoBasicForm">
		SELECT *
		FROM (
		select a.*,
		b.ORG_CN_NAME,
		b.ORG_EN_NAME,
		<!--b.REGISTATION_ADDRESS,
		b.NATIONNALITY,
		b.REGISTATION_AREA_DIVISION,
		b.ESTABLISH_DATE,
		b.PAPER_EXPIRY_DATE,
		b.OPERATING_RANGE,
		b.REGISTERED_CAPITAL_CURRENCY,
		b.REGISTERED_AMOUNT,
		b.ORG_TYPE,
		b.ORG_TYPE_CLASSIFY,
		b.ECONOMIC_CLASSIFY,
		b.ECONOMIC_TYPE,
		b.INFORMATION_UPDATE_DATE_B,
		b.RSV_B,
		c.ORG_WORK_ADDRESS,
		c.TELEPHONE,
		c.FINANCE_DEPARTMENT_TELEPHONE,
		c.INFORMATION_UPDATE_DATE_C,
		c.RSV_C,
		d.BASIC_STATUS,
		d.ENTERPRISE_SCALE,
		d.ORG_STATUS,
		d.INFORMATION_UPDATE_DATE_D,
		d.RSV_D,
		e.SUPERIOR_ORG_NAME,
		e.REGISTRATION_CODE_TYPE_E,
		e.REGISTRATION_CODE_E,
		e.ORG_CODE_E,
		e.ORG_CREDIT_CODE_E,
		e.INFORMATION_UPDATE_DATE_E,
		e.RSV_E,-->
		f.FILE_SEND_DATE,
		f.REPORT_BATCH_NO,
		f.MSG_RECORD_TRACKING_NO,
		f.MSG_RECORD_OPERATE_TYPE,
		f.MSG_RECORD_ROW,
		f.REPORT_FLAG,
		f.FEEDBACK_FLAG,
		f.DEPT_ID,
		f.OPERATING_STATE,
		f.REPORT_FILE_TYPE,
		f.MSG_RECORD_TYPE,
		f.BRANCH_ID,
		f.BRANCH_NO,
		f.RELATION_SYS_CTL_ID,
		f.ORG_BASIC_FEEDBACK_FLAG,
		f.OPERATE_TIME,
		f.OPERATER,
		f.CHECK_TIME,
		f.CHECK_OPERATOR,
		f.CHECK_ADD_MSG,
		f.LAST_UPDATE_TIME,
		f.LAST_UPDATER,
		f.LOGIC_DELETE_FLAG,
		f.DTL_NUM_A,
		f.DTL_NUM_B,
		f.DTL_NUM_C,
		f.DTL_NUM_D,
		f.RECORD_STATUS_FLAG,
		f.MESSAGE_TYPE,
		f.RELATION_FEEDBACK_ID,
		f.START_INDEX,
		f.END_INDEX
		<include refid="queryCondition" />
		UNION ALL
		SELECT '' AS SEQ_NUM,
		a.*,
		b.ORG_CN_NAME,
		b.ORG_EN_NAME,
		<!--b.REGISTATION_ADDRESS,
		b.NATIONNALITY,
		b.REGISTATION_AREA_DIVISION,
		b.ESTABLISH_DATE,
		b.PAPER_EXPIRY_DATE,
		b.OPERATING_RANGE,
		b.REGISTERED_CAPITAL_CURRENCY,
		b.REGISTERED_AMOUNT,
		b.ORG_TYPE,
		b.ORG_TYPE_CLASSIFY,
		b.ECONOMIC_CLASSIFY,
		b.ECONOMIC_TYPE,
		b.INFORMATION_UPDATE_DATE_B,
		b.RSV_B,
		c.ORG_WORK_ADDRESS,
		c.TELEPHONE,
		c.FINANCE_DEPARTMENT_TELEPHONE,
		c.INFORMATION_UPDATE_DATE_C,
		c.RSV_C,
		d.BASIC_STATUS,
		d.ENTERPRISE_SCALE,
		d.ORG_STATUS,
		d.INFORMATION_UPDATE_DATE_D,
		d.RSV_D,
		e.SUPERIOR_ORG_NAME,
		e.REGISTRATION_CODE_TYPE_E,
		e.REGISTRATION_CODE_E,
		e.ORG_CODE_E,
		e.ORG_CREDIT_CODE_E,
		e.INFORMATION_UPDATE_DATE_E,
		e.RSV_E,-->
		f.FILE_SEND_DATE,
		f.REPORT_BATCH_NO,
		f.MSG_RECORD_TRACKING_NO,
		f.MSG_RECORD_OPERATE_TYPE,
		f.MSG_RECORD_ROW,
		f.REPORT_FLAG,
		f.FEEDBACK_FLAG,
		f.DEPT_ID,
		f.OPERATING_STATE,
		f.REPORT_FILE_TYPE,
		f.MSG_RECORD_TYPE,
		f.BRANCH_ID,
		f.BRANCH_NO,
		f.RELATION_SYS_CTL_ID,
		f.ORG_BASIC_FEEDBACK_FLAG,
		f.OPERATE_TIME,
		f.OPERATER,
		f.CHECK_TIME,
		f.CHECK_OPERATOR,
		f.CHECK_ADD_MSG,
		f.LAST_UPDATE_TIME,
		f.LAST_UPDATER,
		f.LOGIC_DELETE_FLAG,
		f.DTL_NUM_A,
		f.DTL_NUM_B,
		f.DTL_NUM_C,
		f.DTL_NUM_D,
		f.RECORD_STATUS_FLAG,
		f.MESSAGE_TYPE,
		f.RELATION_FEEDBACK_ID,
		f.START_INDEX,
		f.END_INDEX
		<include refid="queryBizCondition" />
		) f
		ORDER BY f.SEQ_NUM DESC,
		f.FILE_SEND_DATE DESC,
		f.REPORT_BATCH_NO DESC
	</select>

	<select id="selectQryCounts" parameterClass="com.synesoft.cci.app.form.obm.CciOrginfoBasicForm"
		resultClass="java.lang.Integer">
		select count(*)
		FROM (
			<!-- add by gl 20160612 Release V1.0 NO.5 start -->
			select a.sys_ctl_id 
			<include refid="queryCondition" />
			UNION ALL
			SELECT 
				a.sys_ctl_id
		<!-- add by gl 20160612 Release V1.0 NO.5 end -->
			<include refid="queryBizCondition"/>
		) c
	</select>
	
	<select id="selectList" resultMap="CciOrginfoBasicFormResult"
		parameterClass="com.synesoft.cci.app.form.obm.CciOrginfoBasicForm">
		<!-- update by ld at 20160902 Release V1.0 NO.109-->
		select a.*
		<include refid="CCI_COM_REPORT_SYSTEM_FIELD.selectReportHistoryField"/>
		<include refid="queryCondition" />
		ORDER BY a.seq_Num DESC
	</select>
	<select id="selectCounts"
		parameterClass="com.synesoft.cci.app.form.obm.CciOrginfoBasicForm"
		resultClass="java.lang.Integer">
		select count(*)
		<include refid="queryCondition" />
	</select>
</sqlMap>