<?xml version="1.0" encoding="UTF-8" ?>
<!DOCTYPE sqlMap PUBLIC "-//ibatis.apache.org//DTD SQL Map 2.0//EN" "http://ibatis.apache.org/dtd/sql-map-2.dtd" >
<sqlMap namespace="CCI_FEEDBACK_RECORD_DTL">
	<resultMap id="cciFeedbackRecordDtlResult"
		class="com.synesoft.cci.domain.model.CciFeedbackRecordDtl">
		<!-- WARNING - This element is automatically generated by Abator for iBATIS, 
			do not modify. This element was generated on Tue Dec 22 15:59:19 CST 2015. -->
		<result column="BRANCH_ID" property="branchId" jdbcType="VARCHAR" />
		<result column="REPORT_FILE_DATE" property="reportFileDate"
			jdbcType="VARCHAR" />
		<result column="REPORT_FILE_TYPE" property="reportFileType"
			jdbcType="VARCHAR" />
		<result column="REPORT_FILE_REDO_TYPE" property="reportFileRedoType"
			jdbcType="VARCHAR" />
		<result column="REPORT_FILE_NO" property="reportFileNo"
			jdbcType="VARCHAR" />
		<result column="MSG_HEAD_NO" property="msgHeadNo" jdbcType="VARCHAR" />
		<result column="MSG_BODY_NO" property="msgBodyNo" jdbcType="VARCHAR" />
		<result column="MSG_CONTENT" property="msgContent" jdbcType="VARCHAR" />
		<result column="MSG_RECORD_TRACKING_NO" property="msgRecordTrackingNo"
			jdbcType="VARCHAR" />
		<result column="BUSI_DATE" property="busiDate" jdbcType="VARCHAR" />
		<result column="MSG_RECORD_OPERATE_TYPE" property="msgRecordOperateType"
			jdbcType="VARCHAR" />
		<result column="ERROR_RECORD_POSITION" property="errorRecordPosition"
			jdbcType="VARCHAR" />
		<result column="ERROR_MSG_LENGTH" property="errorMsgLength"
			jdbcType="VARCHAR" />
		<result column="ERROR_MSG" property="errorMsg" jdbcType="VARCHAR" />
		<result column="ERROR_MSG_RECORD" property="errorMsgRecord"
			jdbcType="VARCHAR" />
		<result column="BUSI_DELETE_TYPE" property="busiDeleteType"
			jdbcType="VARCHAR" />
		<result column="MAJOR_CONTRACT_NO" property="majorContractNo"
			jdbcType="VARCHAR" />
		<result column="DELETE_RESULT" property="deleteResult"
			jdbcType="VARCHAR" />
		<result column="UPDATE_FLAG" property="updateFlag" jdbcType="VARCHAR" />
		<result column="BRANCH_NO" property="branchNo" jdbcType="VARCHAR" />
		<result column="LAST_UPDATE_TIME" property="lastUpdateTime"
			jdbcType="VARCHAR" />
		<result column="LAST_UPDATER" property="lastUpdater" jdbcType="VARCHAR" />
		<result column="LOGIC_DELETE_FLAG" property="logicDeleteFlag"
			jdbcType="VARCHAR" />
		<result column="SYS_CTL_ID" property="sysCtlId" jdbcType="VARCHAR" />
		<result column="PARENT_I" property="parentI" jdbcType="VARCHAR" />
	</resultMap>

	<insert id="insert" parameterClass="com.synesoft.cci.domain.model.CciFeedbackRecordDtl">
		insert into
		${SUBSYSTEM_SCHEMA}CCI_FEEDBACK_RECORD_DTL (BRANCH_ID,
		REPORT_FILE_DATE, REPORT_FILE_TYPE,
		REPORT_FILE_REDO_TYPE,
		REPORT_FILE_NO, MSG_HEAD_NO, MSG_BODY_NO, MSG_CONTENT,
		MSG_RECORD_TRACKING_NO, BUSI_DATE, MSG_RECORD_OPERATE_TYPE,
		ERROR_RECORD_POSITION,
		ERROR_MSG_LENGTH, ERROR_MSG, ERROR_MSG_RECORD,
		BUSI_DELETE_TYPE, MAJOR_CONTRACT_NO,
		DELETE_RESULT, UPDATE_FLAG,
		BRANCH_NO, LAST_UPDATE_TIME, LAST_UPDATER,
		LOGIC_DELETE_FLAG,
		SYS_CTL_ID, PARENT_I)
		values (#branchId:VARCHAR#,
		#reportFileDate:VARCHAR#,
		#reportFileType:VARCHAR#,
		#reportFileRedoType:VARCHAR#, #reportFileNo:VARCHAR#,
		#msgHeadNo:VARCHAR#,
		#msgBodyNo:VARCHAR#, #msgContent:VARCHAR#,
		#msgRecordTrackingNo:VARCHAR#,
		#busiDate:VARCHAR#,
		#msgRecordOperateType:VARCHAR#, #errorRecordPosition:VARCHAR#,
		#errorMsgLength:VARCHAR#,
		#errorMsg:VARCHAR#, #errorMsgRecord:VARCHAR#,
		#busiDeleteType:VARCHAR#,
		#majorContractNo:VARCHAR#,
		#deleteResult:VARCHAR#, #updateFlag:VARCHAR#, #branchNo:VARCHAR#,
		#lastUpdateTime:VARCHAR#, #lastUpdater:VARCHAR#,
		#logicDeleteFlag:VARCHAR#,
		#sysCtlId:VARCHAR#, #parentI:VARCHAR#)
	</insert>

	<update id="updateByPrimaryKey" parameterClass="com.synesoft.cci.domain.model.CciFeedbackRecordDtl">
		update ${SUBSYSTEM_SCHEMA}CCI_FEEDBACK_RECORD_DTL
		<dynamic prepend="set">
			<isNotNull prepend="," property="busiDeleteType">
				BUSI_DELETE_TYPE =
				#busiDeleteType#
			</isNotNull>
			<isNotNull prepend="," property="errorRecordPosition">
				ERROR_RECORD_POSITION =
				#errorRecordPosition#
			</isNotNull>
			<isNotNull prepend="," property="majorContractNo">
				MAJOR_CONTRACT_NO =
				#majorContractNo#
			</isNotNull>
			<isNotNull prepend="," property="msgBodyNo">
				MSG_BODY_NO =
				#msgBodyNo#
			</isNotNull>
			<isNotNull prepend="," property="msgHeadNo">
				MSG_HEAD_NO =
				#msgHeadNo#
			</isNotNull>
			<isNotNull prepend="," property="reportFileDate">
				REPORT_FILE_DATE =
				#reportFileDate#
			</isNotNull>
			<isNotNull prepend="," property="reportFileNo">
				REPORT_FILE_NO =
				#reportFileNo#
			</isNotNull>

			<isNotNull prepend="," property="branchId">
				BRANCH_ID =
				#branchId:VARCHAR#
			</isNotNull>
			<isNotNull prepend="," property="reportFileType">
				REPORT_FILE_TYPE =
				#reportFileType:VARCHAR#
			</isNotNull>
			<isNotNull prepend="," property="reportFileRedoType">
				REPORT_FILE_REDO_TYPE =
				#reportFileRedoType:VARCHAR#
			</isNotNull>
			<isNotNull prepend="," property="msgContent">
				MSG_CONTENT =
				#msgContent:VARCHAR#
			</isNotNull>
			<isNotNull prepend="," property="msgRecordTrackingNo">
				MSG_RECORD_TRACKING_NO =
				#msgRecordTrackingNo:VARCHAR#
			</isNotNull>
			<isNotNull prepend="," property="busiDate">
				BUSI_DATE =
				#busiDate:VARCHAR#
			</isNotNull>
			<isNotNull prepend="," property="msgRecordOperateType">
				MSG_RECORD_OPERATE_TYPE =
				#msgRecordOperateType:VARCHAR#
			</isNotNull>
			<isNotNull prepend="," property="errorMsgLength">
				ERROR_MSG_LENGTH =
				#errorMsgLength:VARCHAR#
			</isNotNull>
			<isNotNull prepend="," property="errorMsg">
				ERROR_MSG =
				#errorMsg:VARCHAR#
			</isNotNull>
			<isNotNull prepend="," property="errorMsgRecord">
				ERROR_MSG_RECORD =
				#errorMsgRecord:VARCHAR#
			</isNotNull>
			<isNotNull prepend="," property="deleteResult">
				DELETE_RESULT =
				#deleteResult:VARCHAR#
			</isNotNull>
			<isNotNull prepend="," property="updateFlag">
				UPDATE_FLAG =
				#updateFlag:VARCHAR#
			</isNotNull>
			<isNotNull prepend="," property="branchNo">
				BRANCH_NO =
				#branchNo:VARCHAR#
			</isNotNull>
			<isNotNull prepend="," property="lastUpdateTime">
				LAST_UPDATE_TIME =
				#lastUpdateTime:VARCHAR#
			</isNotNull>
			<isNotNull prepend="," property="lastUpdater">
				LAST_UPDATER =
				#lastUpdater:VARCHAR#
			</isNotNull>
			<isNotNull prepend="," property="logicDeleteFlag">
				LOGIC_DELETE_FLAG =
				#logicDeleteFlag:VARCHAR#
			</isNotNull>
		</dynamic>
		where 1=1
		<dynamic>
			<isNotEmpty prepend="and" property="sysCtlId">
				sys_ctl_id = #sysCtlId#
			</isNotEmpty>
			<isNotEmpty prepend="and" property="parentI">
				PARENT_I = #parentI#
			</isNotEmpty>
		</dynamic>
	</update>
    
    <!-- add by gcj Release V1.0 NO.90 金额更新成null 画面后台直连更新专用20160819 start-->
	<update id="updateByPrimaryKeyAll" parameterClass="com.synesoft.cci.domain.model.CciFeedbackRecordDtl">
		update ${SUBSYSTEM_SCHEMA}CCI_FEEDBACK_RECORD_DTL
		<dynamic prepend="set">
			BUSI_DELETE_TYPE =
			#busiDeleteType#,
			ERROR_RECORD_POSITION =
			#errorRecordPosition#,
			MAJOR_CONTRACT_NO =
			#majorContractNo#,
			MSG_BODY_NO =
			#msgBodyNo#,
			MSG_HEAD_NO =
			#msgHeadNo#,
			REPORT_FILE_DATE =
			#reportFileDate#,
			REPORT_FILE_NO =
			#reportFileNo#,
			BRANCH_ID =
			#branchId:VARCHAR#,
			REPORT_FILE_TYPE =
			#reportFileType:VARCHAR#,
			REPORT_FILE_REDO_TYPE =
			#reportFileRedoType:VARCHAR#,
			MSG_CONTENT =
			#msgContent:VARCHAR#,
			MSG_RECORD_TRACKING_NO =
			#msgRecordTrackingNo:VARCHAR#,
			BUSI_DATE =
			#busiDate:VARCHAR#,
			MSG_RECORD_OPERATE_TYPE =
			#msgRecordOperateType:VARCHAR#,
			ERROR_MSG_LENGTH =
			#errorMsgLength:VARCHAR#,
			ERROR_MSG =
			#errorMsg:VARCHAR#,
			ERROR_MSG_RECORD =
			#errorMsgRecord:VARCHAR#,
			DELETE_RESULT =
			#deleteResult:VARCHAR#,
			UPDATE_FLAG =
			#updateFlag:VARCHAR#,
			BRANCH_NO =
			#branchNo:VARCHAR#,
			LAST_UPDATE_TIME =
			#lastUpdateTime:VARCHAR#,
			LAST_UPDATER =
			#lastUpdater:VARCHAR#,
			LOGIC_DELETE_FLAG =
			#logicDeleteFlag:VARCHAR#
		</dynamic>
		where 1=1
		<dynamic>
			<isNotEmpty prepend="and" property="sysCtlId">
				sys_ctl_id = #sysCtlId#
			</isNotEmpty>
			<isNotEmpty prepend="and" property="parentI">
				PARENT_I = #parentI#
			</isNotEmpty>
		</dynamic>
	</update>
    <!-- add by gcj Release V1.0 NO.90 金额更新成null 画面后台直连更新专用20160819 end-->

</sqlMap>