<?xml version="1.0" encoding="UTF-8" ?>
<!DOCTYPE sqlMap PUBLIC "-//ibatis.apache.org//DTD SQL Map 2.0//EN" "http://ibatis.apache.org/dtd/sql-map-2.dtd" >
<sqlMap namespace="CCI_FINANCE_AGREEMENT_INFO">
	<resultMap id="CciFinanceAgreementInfoFormResult"
		class="com.synesoft.cci.app.form.cbm.CciFinanceAgreementInfoForm">
		<!-- WARNING - This element is automatically generated by Abator for iBATIS, 
			do not modify. This element was generated on Fri Oct 30 15:02:46 CST 2015. -->
		<result column="SYS_CTL_ID" property="sysCtlId" jdbcType="VARCHAR" />
		<result column="RELATION_FEEDBACK_ID" property="relationFeedbackId" jdbcType="VARCHAR"/>
		<result column="LOAN_CARD_NO" property="loanCardNo" jdbcType="VARCHAR" />
		<result column="FINANCING_AGREEMENT_NO" property="financingAgreementNo"
			jdbcType="VARCHAR" />
		<result column="BUSI_DATE" property="busiDate" jdbcType="VARCHAR" />
		<result column="BORROWER_NAME" property="borrowerName"
			jdbcType="VARCHAR" />
		<result column="CREDIT_AGREEMENT_NO" property="creditAgreementNo"
			jdbcType="VARCHAR" />
		<result column="START_DATE" property="startDate" jdbcType="VARCHAR" />
		<result column="EXPIRY_DATE" property="expiryDate" jdbcType="VARCHAR" />
		<result column="GUARANTEE_FLAG" property="guaranteeFlag"
			jdbcType="VARCHAR" />
		<result column="AGREEMENT_EFFIECTIVE_STATE" property="agreementEffiectiveState"
			jdbcType="VARCHAR" />
		<result column="CUSTOMER_CODE" property="customerCode"
			jdbcType="VARCHAR" />
		<result column="SYS_CTL_ID" property="sysCtlId" jdbcType="VARCHAR" />
		<result column="FILE_SEND_DATE" property="fileSendDate"
			jdbcType="VARCHAR" />
		<result column="REPORT_BATCH_NO" property="reportBatchNo"
			jdbcType="VARCHAR" />
		<result column="MSG_RECORD_TRACKING_NO" property="msgRecordTrackingNo"
			jdbcType="VARCHAR" />
		<result column="MSG_RECORD_OPERATE_TYPE" property="msgRecordOperateType"
			jdbcType="VARCHAR" />
		<result column="MSG_RECORD_ROW" property="msgRecordRow"
			jdbcType="VARCHAR" />
		<result column="REPORT_FLAG" property="reportFlag" jdbcType="VARCHAR" />
		<result column="FEEDBACK_FLAG" property="feedbackFlag"
			jdbcType="VARCHAR" />
		<result column="DEPT_ID" property="deptId" jdbcType="VARCHAR" />
		<result column="OPERATING_STATE" property="operatingState"
			jdbcType="VARCHAR" />
		<result column="REPORT_FILE_TYPE" property="reportFileType"
			jdbcType="VARCHAR" />
		<result column="MSG_RECORD_TYPE" property="msgRecordType"
			jdbcType="VARCHAR" />
		<result column="BRANCH_ID" property="branchId" jdbcType="VARCHAR" />
		<result column="BRANCH_NO" property="branchNo" jdbcType="VARCHAR" />
		<result column="RELATION_SYS_CTL_ID" property="relationSysCtlId"
			jdbcType="VARCHAR" />
		<result column="ORG_BASIC_FEEDBACK_FLAG" property="orgBasicFeedbackFlag"
			jdbcType="VARCHAR" />
		<result column="OPERATE_TIME" property="operateTime" jdbcType="VARCHAR" />
		<result column="OPERATER" property="operater" jdbcType="VARCHAR" />
		<result column="CHECK_TIME" property="checkTime" jdbcType="VARCHAR" />
		<result column="CHECK_OPERATOR" property="checkOperator"
			jdbcType="VARCHAR" />
		<result column="CHECK_ADD_MSG" property="checkAddMsg" jdbcType="VARCHAR" />
		<result column="LAST_UPDATE_TIME" property="lastUpdateTime"
			jdbcType="VARCHAR" />
		<result column="LAST_UPDATER" property="lastUpdater" jdbcType="VARCHAR" />
		<result column="LOGIC_DELETE_FLAG" property="logicDeleteFlag"
			jdbcType="VARCHAR" />
		<result column="RECORD_STATUS_FLAG" property="recordStatusFlag"
			jdbcType="VARCHAR" />
		<result column="MESSAGE_TYPE" property="messageType" jdbcType="VARCHAR" />
		<result column="DTL_NUM_A" property="dtlNumA" jdbcType="VARCHAR" />
		<result column="DTL_NUM_B" property="dtlNumB" jdbcType="VARCHAR" />
		<result column="DTL_NUM_C" property="dtlNumC" jdbcType="VARCHAR" />
		<result column="DTL_NUM_D" property="dtlNumD" jdbcType="VARCHAR" />
	</resultMap>

	<sql id="queryCondition">
		from ${SUBSYSTEM_SCHEMA}CCI_FINANCE_AGREEMENT_INFO a
		left join
		${SUBSYSTEM_SCHEMA}CCI_REPORT_SYSTEM_CTL b
		on a.sys_ctl_id=b.sys_ctl_id
		where 1=1
		<dynamic>
			<isNotEmpty prepend="and" property="orgInfList">
				<iterate property="orgInfList" open="b.BRANCH_NO IN ("
					close=")" conjunction=",">
					#orgInfList[]#
				</iterate>
			</isNotEmpty>
			<isNotEmpty prepend="and" property="branchId">
				b.BRANCH_ID =
				#branchId#
			</isNotEmpty>
			<!-- add by yb 2016-11-30 Release V1.0 NO.B9 start -->
			<isNotEmpty prepend="and" property="busiDateStart">
				<![CDATA[a.BUSI_DATE >=]]> #busiDateStart# 
			</isNotEmpty>
			<isNotEmpty prepend="and" property="busiDateEnd">
				<![CDATA[a.BUSI_DATE <=]]> #busiDateEnd#
			</isNotEmpty>
			<isNotEmpty prepend="and" property="fileSendDateStart">
				<![CDATA[b.FILE_SEND_DATE >=]]> #fileSendDateStart# 
			</isNotEmpty>
			<isNotEmpty prepend="and" property="fileSendDateEnd">
				<![CDATA[b.FILE_SEND_DATE <=]]> #fileSendDateEnd#
			</isNotEmpty>
			<!-- add by yb 2016-11-30 Release V1.0 NO.B9 end -->
			<isNotEmpty prepend="and" property="customerCode">
				a.CUSTOMER_CODE =
				#customerCode#
			</isNotEmpty>
			<!-- add by sjh 20170724 Release V1.0 NO.508 start -->
			<isNotEmpty prepend="and" property="loanCardNo">
				a.LOAN_CARD_NO =
				#loanCardNo#
			</isNotEmpty>
			<isNotEmpty prepend="and" property="agreementEffiectiveState">
				a.AGREEMENT_EFFIECTIVE_STATE =
				#agreementEffiectiveState#
			</isNotEmpty>
			<!-- add by sjh 20170724 Release V1.0 NO.508 end -->
			<isNotEmpty prepend="and" property="financingAgreementNo">
				a.FINANCING_AGREEMENT_NO = #financingAgreementNo#
			</isNotEmpty>
			<isNotEmpty prepend="and" property="borrowerName">
				a.BORROWER_NAME =
				#borrowerName#
			</isNotEmpty>
			<isNotEmpty prepend="and" property="busiDate">
				a.BUSI_DATE =
				#busiDate#
			</isNotEmpty>
			<isNotEmpty prepend="and" property="opStsList">
				<iterate property="opStsList" open="b.OPERATING_STATE IN ("
					close=")" conjunction=",">
					#opStsList[]#
				</iterate>
			</isNotEmpty>
			<isNotEmpty prepend="and" property="feedbackFlagList">
				<iterate property="feedbackFlagList" open="b.FEEDBACK_FLAG IN ("
					close=")" conjunction=",">
					#feedbackFlagList[]#
				</iterate>
			</isNotEmpty>
			<isNotEmpty prepend="and" property="reportFlag">
				b.REPORT_FLAG =
				#reportFlag#
			</isNotEmpty>
			<isNotEmpty prepend="and" property="feedbackFlag">
				b.FEEDBACK_FLAG =
				#feedbackFlag#
			</isNotEmpty>
			<!-- 部门过滤 -->
			<isNotEmpty prepend="and" property="deptId">
				b.DEPT_ID = #deptId#
			</isNotEmpty>
		</dynamic>
		<!-- 逻辑删除标志 -->
		AND b.LOGIC_DELETE_FLAG NOT IN ('1')
	</sql>

	<select id="selectList"
		parameterClass="com.synesoft.cci.app.form.cbm.CciFinanceAgreementInfoForm"
		resultMap="CciFinanceAgreementInfoFormResult">
		<!-- update by ld at 20160902 Release V1.0 NO.109-->
		select a.*
		<include refid="CCI_COM_REPORT_SYSTEM_FIELD.selectReportField"/>
		<include refid="queryCondition" />
		ORDER BY
			<!-- add by gl 20160612 Release V1.0 NO.6 start--> 
			b.LAST_UPDATE_TIME DESC,
			<!-- add by gl 20160612 Release V1.0 NO.6 end-->
			a.SYS_CTL_ID DESC
	</select>

	<select id="selectCounts"
		parameterClass="com.synesoft.cci.app.form.cbm.CciFinanceAgreementInfoForm"
		resultClass="java.lang.Integer">
		select count(*)
		<include refid="queryCondition" />
	</select>

	<select id="selectByPrimaryKey"
		parameterClass="com.synesoft.cci.app.form.cbm.CciFinanceAgreementInfoForm"
		resultMap="CciFinanceAgreementInfoFormResult">
		<!-- update by ld at 20160902 Release V1.0 NO.109-->
		select a.*
		<include refid="CCI_COM_REPORT_SYSTEM_FIELD.selectReportField"/>
		from ${SUBSYSTEM_SCHEMA}CCI_FINANCE_AGREEMENT_INFO a
		left join ${SUBSYSTEM_SCHEMA}CCI_REPORT_SYSTEM_CTL b
		on a.sys_ctl_id=b.sys_ctl_id
		where 1=1
		<dynamic>
			<isNotEmpty prepend="and" property="sysCtlId">
				a.sys_ctl_id =
				#sysCtlId#
			</isNotEmpty>
		</dynamic>
	</select>

	<insert id="insert"
		parameterClass="com.synesoft.cci.app.form.cbm.CciFinanceAgreementInfoForm">
		insert into
		${SUBSYSTEM_SCHEMA}CCI_FINANCE_AGREEMENT_INFO (SYS_CTL_ID,
		LOAN_CARD_NO, FINANCING_AGREEMENT_NO,
		BUSI_DATE, BORROWER_NAME,
		CREDIT_AGREEMENT_NO, START_DATE, EXPIRY_DATE,
		GUARANTEE_FLAG,
		AGREEMENT_EFFIECTIVE_STATE, CUSTOMER_CODE)
		values (#sysCtlId#,
		#loanCardNo#, #financingAgreementNo#,
		#busiDate#, #borrowerName#,
		#creditAgreementNo#, #startDate#,
		#expiryDate#, #guaranteeFlag#,
		#agreementEffiectiveState#,
		#customerCode#)
	</insert>

	<update id="updateByPrimaryKey"
		parameterClass="com.synesoft.cci.app.form.cbm.CciFinanceAgreementInfoForm">
		UPDATE ${SUBSYSTEM_SCHEMA}CCI_FINANCE_AGREEMENT_INFO
		<dynamic prepend="set">
			<isNotNull prepend="," property="loanCardNo">
				LOAN_CARD_NO = #loanCardNo#
			</isNotNull>
			<isNotNull prepend="," property="financingAgreementNo">
				FINANCING_AGREEMENT_NO =
				#financingAgreementNo#
			</isNotNull>
			<isNotNull prepend="," property="busiDate">
				BUSI_DATE = #busiDate#
			</isNotNull>
			<isNotNull prepend="," property="borrowerName">
				BORROWER_NAME =
				#borrowerName#
			</isNotNull>
			<isNotNull prepend="," property="creditAgreementNo">
				CREDIT_AGREEMENT_NO =
				#creditAgreementNo#
			</isNotNull>
			<isNotNull prepend="," property="startDate">
				START_DATE = #startDate#
			</isNotNull>
			<isNotNull prepend="," property="expiryDate">
				EXPIRY_DATE = #expiryDate#
			</isNotNull>
			<isNotNull prepend="," property="guaranteeFlag">
				GUARANTEE_FLAG =
				#guaranteeFlag#
			</isNotNull>
			<isNotNull prepend="," property="agreementEffiectiveState">
				AGREEMENT_EFFIECTIVE_STATE
				= #agreementEffiectiveState#
			</isNotNull>
			<isNotNull prepend="," property="customerCode">
				CUSTOMER_CODE =
				#customerCode#
			</isNotNull>
			<isNotEmpty prepend="," property="batDate">
			    BAT_DATE = #batDate#
		    </isNotEmpty>
		</dynamic>
		where 1=1
		<dynamic>
			<isNotEmpty prepend="and" property="sysCtlId">
				sys_ctl_id = #sysCtlId#
			</isNotEmpty>
		</dynamic>
	</update>
    
    <!-- add by gcj Release V1.0 NO.90 金额更新成null 画面后台直连更新专用20160819 start-->
	<update id="updateByPrimaryKeyAll"
		parameterClass="com.synesoft.cci.app.form.cbm.CciFinanceAgreementInfoForm">
		UPDATE ${SUBSYSTEM_SCHEMA}CCI_FINANCE_AGREEMENT_INFO
		<dynamic prepend="set">
			LOAN_CARD_NO = #loanCardNo#,
			FINANCING_AGREEMENT_NO =
			#financingAgreementNo#,
			BUSI_DATE = #busiDate#,
			BORROWER_NAME =
			#borrowerName#,
			CREDIT_AGREEMENT_NO =
			#creditAgreementNo#,
			START_DATE = #startDate#,
			EXPIRY_DATE = #expiryDate#,
			GUARANTEE_FLAG =
			#guaranteeFlag#,
			AGREEMENT_EFFIECTIVE_STATE
			= #agreementEffiectiveState#,
			CUSTOMER_CODE =
			#customerCode#
			<!-- add by gcj 20170103 Release V1.0 NO.299 start -->
			<isNotEmpty property="taskId">
				,TASK_ID=
				#taskId#
			</isNotEmpty>
			<isNotEmpty property="stepId">
				,STEP_ID =
				#stepId#
			</isNotEmpty>
			<isNotEmpty property="batDate">
				,BAT_DATE =
				#batDate#
			</isNotEmpty>
			<!-- add by gcj 20170103 Release V1.0 NO.299 end -->
		</dynamic>
		where 1=1
		<dynamic>
			<isNotEmpty prepend="and" property="sysCtlId">
				sys_ctl_id = #sysCtlId#
			</isNotEmpty>
		</dynamic>
	</update>
    <!-- add by gcj Release V1.0 NO.90 金额更新成null 画面后台直连更新专用20160819 end-->

	<delete id="deleteByPrimaryKey"
		parameterClass="com.synesoft.cci.app.form.cbm.CciFinanceAgreementInfoForm">
		DELETE FROM
		${SUBSYSTEM_SCHEMA}CCI_FINANCE_AGREEMENT_INFO
		where 1=1
		<dynamic>
			<isNotEmpty prepend="and" property="sysCtlId">
				sys_ctl_id = #sysCtlId#
			</isNotEmpty>
		</dynamic>
	</delete>

	<update id="updateBySuperKey"
		parameterClass="com.synesoft.cci.app.form.cbm.CciFinanceAgreementInfoForm">
		UPDATE ${SUBSYSTEM_SCHEMA}CCI_REPORT_SYSTEM_CTL
		<dynamic prepend="set">
			<isNotNull prepend="," property="branchNo">
				BRANCH_NO = #branchNo#
			</isNotNull>
			<isNotNull prepend="," property="branchId">
				BRANCH_ID = #branchId#
			</isNotNull>
		</dynamic>
		where 1=1
		<dynamic>
			<isNotEmpty prepend="and" property="sysCtlId">
				sys_ctl_id in (
				select a.sys_ctl_id from ${SUBSYSTEM_SCHEMA}CCI_FINAN_AGR_AMOUNT_INFO a where
				a.parent_I=#sysCtlId#
				union select b.sys_Ctl_Id from
				${SUBSYSTEM_SCHEMA}CCI_FINANCE_BUSI_INFO b where
				b.parent_I=#sysCtlId#
				union select
				c.sys_Ctl_Id from ${SUBSYSTEM_SCHEMA}CCI_FINANCE_BUSI_REPAY_INFO c where
				c.parent_I=#sysCtlId#
				union select d.sys_Ctl_Id from
				${SUBSYSTEM_SCHEMA}CCI_FINANCE_BUSI_EXTEN_INFO d where
				d.parent_I=#sysCtlId#
				)
			</isNotEmpty>
		</dynamic>
	</update>

	<select id="getReportData" parameterClass="java.lang.String"
		resultMap="CciFinanceAgreementInfoFormResult">
		select *
		from ${SUBSYSTEM_SCHEMA}CCI_FINANCE_AGREEMENT_INFO
		t1
		join ${SUBSYSTEM_SCHEMA}CCI_REPORT_SYSTEM_CTL t2
		on t1.SYS_CTL_ID =
		t2.SYS_CTL_ID
		where 1 = 1
		and t2.RELATION_SYS_CTL_ID = #sysCtl#
		and
		t2.REPORT_FLAG = '3'
	</select>


	<select id="getValidateData" resultMap="CciFinanceAgreementInfoFormResult">
		select *
		from
		${SUBSYSTEM_SCHEMA}CCI_FINANCE_AGREEMENT_INFO t1
		join
		${SUBSYSTEM_SCHEMA}CCI_REPORT_SYSTEM_CTL t2
		on t1.SYS_CTL_ID =
		t2.SYS_CTL_ID
		where 1 = 1
		and t2.logic_delete_flag = '0'
		and
		t2.REPORT_FLAG in ('0', '1', '2')
	</select>

</sqlMap>