<?xml version="1.0" encoding="UTF-8" ?>
<!DOCTYPE sqlMap PUBLIC "-//ibatis.apache.org//DTD SQL Map 2.0//EN" "http://ibatis.apache.org/dtd/sql-map-2.dtd" >
<sqlMap namespace="CCI_CASH_FLOW_2007">
	<resultMap id="cciCashFlow2007Result" class="com.synesoft.cci.domain.model.CciCashFlow2007">
		<!-- WARNING - This element is automatically generated by Abator for iBATIS, 
			do not modify. This element was generated on Fri Oct 30 15:02:45 CST 2015. -->
		<result column="SYS_CTL_ID" property="sysCtlId" jdbcType="VARCHAR" />
		<result column="SALE_RECIEVED_CASH" property="saleRecievedCash"
			jdbcType="DECIMAL" />
		<result column="TAX_REPAY" property="taxRepay" jdbcType="DECIMAL" />
		<result column="RELATION_CASH_RECIEVED" property="relationCashRecieved"
			jdbcType="DECIMAL" />
		<result column="CASH_INFLOWS_COUNT" property="cashInflowsCount"
			jdbcType="DECIMAL" />
		<result column="CASH_PURC_ACCE_LABO_PAYM" property="cashPurcAcceLaboPaym"
			jdbcType="DECIMAL" />
		<result column="CASH_PAID_TO_EMPLOYEES" property="cashPaidToEmployees"
			jdbcType="DECIMAL" />
		<result column="TAXES_PAID" property="taxesPaid" jdbcType="DECIMAL" />
		<result column="CASH_PAID_RELATE_TO_OTHERS" property="cashPaidRelateToOthers"
			jdbcType="DECIMAL" />
		<result column="BUSI_OUTFLOW_CASH_COUNT" property="busiOutflowCashCount"
			jdbcType="DECIMAL" />
		<result column="BUSI_CASH_FLOW_NET" property="busiCashFlowNet"
			jdbcType="DECIMAL" />
		<result column="RECYCLE_INVESTMENT_CASH_INFLOW" property="recycleInvestmentCashInflow"
			jdbcType="DECIMAL" />
		<result column="CASH_RECE_FROM_INVE_INCO" property="cashReceFromInveInco"
			jdbcType="DECIMAL" />
		<result column="DISPOSAL_FIXED_ASSET_NET" property="disposalFixedAssetNet"
			jdbcType="DECIMAL" />
		<result column="DISPOSAL_SUBSIDIARY_ASSET_NET" property="disposalSubsidiaryAssetNet"
			jdbcType="DECIMAL" />
		<result column="CASH_RECE_OTHE_INVE_ACTI" property="cashReceOtheInveActi"
			jdbcType="DECIMAL" />
		<result column="CASH_INFL_FROM_INVE_ACTI_COUN" property="cashInflFromInveActiCoun"
			jdbcType="DECIMAL" />
		<result column="BUILD_PAYED_CASH" property="buildPayedCash"
			jdbcType="DECIMAL" />
		<result column="CASH_PAID_BY_INVESTMENT" property="cashPaidByInvestment"
			jdbcType="DECIMAL" />
		<result column="NET_CASH_FROM_SUBS_OTHE_BUSI" property="netCashFromSubsOtheBusi"
			jdbcType="DECIMAL" />
		<result column="OTHER_RELATIVE_INVESTMENT_CASH" property="otherRelativeInvestmentCash"
			jdbcType="DECIMAL" />
		<result column="INVESTMENT_OUTFLOW_CASH_COUNT" property="investmentOutflowCashCount"
			jdbcType="DECIMAL" />
		<result column="INVE_GENE_CASH_FLOW_NET" property="inveGeneCashFlowNet"
			jdbcType="DECIMAL" />
		<result column="CASH_RECE_ABSO_INVE" property="cashReceAbsoInve"
			jdbcType="DECIMAL" />
		<result column="CASH_RECEIVED_BY_BORROWER" property="cashReceivedByBorrower"
			jdbcType="DECIMAL" />
		<result column="CASH_RECE_FROM_OTHE_FINA_ACTI" property="cashReceFromOtheFinaActi"
			jdbcType="DECIMAL" />
		<result column="CASH_INFL_FROM_FINA_ACTI" property="cashInflFromFinaActi"
			jdbcType="DECIMAL" />
		<result column="PAID_IN_CASH" property="paidInCash" jdbcType="DECIMAL" />
		<result column="CASH_PAID_FOR_DIVITION" property="cashPaidForDivition"
			jdbcType="DECIMAL" />
		<result column="CASH_PAYM_RELA_TO_OTHE_ACTI" property="cashPaymRelaToOtheActi"
			jdbcType="DECIMAL" />
		<result column="CASH_OUTF_FOR_FINA_ACTI_COUN" property="cashOutfForFinaActiCoun"
			jdbcType="DECIMAL" />
		<result column="NET_CASH_FLOW_GENE_FROM_ACTI" property="netCashFlowGeneFromActi"
			jdbcType="DECIMAL" />
		<result column="IMPA_OF_EXCH_RATE_ON_CASH" property="impaOfExchRateOnCash"
			jdbcType="DECIMAL" />
		<result column="NET_INCREASE_IN_CASH_C" property="netIncreaseInCashC"
			jdbcType="DECIMAL" />
		<result column="CASH_EQUI_TERM_BALA_END" property="cashEquiTermBalaEnd"
			jdbcType="DECIMAL" />
		<result column="CASH_EQUI_TERM_BALA_STAR" property="cashEquiTermBalaStar"
			jdbcType="DECIMAL" />
		<result column="PROFIT_NET" property="profitNet" jdbcType="DECIMAL" />
		<result column="IMPAIRMENT_OF_ASSETS" property="impairmentOfAssets"
			jdbcType="DECIMAL" />
		<result column="DEMOLITION_OF_FIXED_ASSETS" property="demolitionOfFixedAssets"
			jdbcType="DECIMAL" />
		<result column="AMOR_OF_INTA_ASSE" property="amorOfIntaAsse"
			jdbcType="DECIMAL" />
		<result column="AMOR_OF_LONG_TERM_PRE_EXPE" property="amorOfLongTermPreExpe"
			jdbcType="DECIMAL" />
		<result column="PREPAID_EXPENSES_DECREASE" property="prepaidExpensesDecrease"
			jdbcType="DECIMAL" />
		<result column="ACCRUED_EXPENSES_INCREASE" property="accruedExpensesIncrease"
			jdbcType="DECIMAL" />
		<result column="FIXE_INTA_ASSE_DISPO_LOSS" property="fixeIntaAsseDispoLoss"
			jdbcType="DECIMAL" />
		<result column="LOSS_OF_FIXED_ASSETS_REJECT" property="lossOfFixedAssetsReject"
			jdbcType="DECIMAL" />
		<result column="LOSS_OF_FAIR_VALUE" property="lossOfFairValue"
			jdbcType="DECIMAL" />
		<result column="FINANCIAL_EXPENSE" property="financialExpense"
			jdbcType="DECIMAL" />
		<result column="INVESTMENT_LOSS" property="investmentLoss"
			jdbcType="DECIMAL" />
		<result column="DEFERRED_TAX_ASSETS_REDUCTION" property="deferredTaxAssetsReduction"
			jdbcType="DECIMAL" />
		<result column="DEFE_TAX_LIAB_INCR" property="defeTaxLiabIncr"
			jdbcType="DECIMAL" />
		<result column="REDUCTION_IN_INVENTORY" property="reductionInInventory"
			jdbcType="DECIMAL" />
		<result column="REDU_OF_OPER_RECE" property="reduOfOperRece"
			jdbcType="DECIMAL" />
		<result column="INCR_OF_OPER_RECE" property="incrOfOperRece"
			jdbcType="DECIMAL" />
		<result column="OTHER1" property="other1" jdbcType="DECIMAL" />
		<result column="NET_CASH_FLOW_FROM_BUSI_ACTI" property="netCashFlowFromBusiActi"
			jdbcType="DECIMAL" />
		<result column="DEBT_TO_CAPITAL" property="debtToCapital"
			jdbcType="DECIMAL" />
		<result column="CONVERTIBLE_BOND_IN_ONE_YEAR" property="convertibleBondInOneYear"
			jdbcType="DECIMAL" />
		<result column="FINANCING_LEASE_FIXED_ASSETS" property="financingLeaseFixedAssets"
			jdbcType="DECIMAL" />
		<result column="OTHER2" property="other2" jdbcType="DECIMAL" />
		<result column="CASH_TERM_END_BALANCE" property="cashTermEndBalance"
			jdbcType="DECIMAL" />
		<result column="CASH_TERM_START_BALANCE" property="cashTermStartBalance"
			jdbcType="DECIMAL" />
		<result column="CASH_EQUI_TERM_END_BALA" property="cashEquiTermEndBala"
			jdbcType="DECIMAL" />
		<result column="CASH_EQUI_TERM_STAR_BALA" property="cashEquiTermStarBala"
			jdbcType="DECIMAL" />
		<result column="NET_INCR_IN_CASH_AND_CASH_EQUI" property="netIncrInCashAndCashEqui"
			jdbcType="DECIMAL" />
		<result column="CUSTOMER_CODE" property="customerCode"
			jdbcType="VARCHAR" />
		<result column="REPORT_YEAR" property="reportYear" jdbcType="VARCHAR" />
		<result column="REPORT_TYPE" property="reportType" jdbcType="VARCHAR" />
		<result column="REPORT_TYPE_SUBDIVISION" property="reportTypeSubdivision"
			jdbcType="VARCHAR" />
		<result column="BORROWER_NAME" property="borrowerName"
			jdbcType="VARCHAR" />
		<result column="LOAN_CARD_NO" property="loanCardNo" jdbcType="VARCHAR" />
		<result column="AUDIT_FIRM_NAME" property="auditFirmName"
			jdbcType="VARCHAR" />
		<result column="AUDITOR_NAME" property="auditorName" jdbcType="VARCHAR" />
		<result column="CHECK_TIME_C" property="checkTimeC" jdbcType="VARCHAR" />
		<result column="BUSI_DATE" property="busiDate" jdbcType="VARCHAR" />
	</resultMap>
	<!-- add by yb 2017-05-04 Release V1.0 NO.444 start -->
	<sql id="queryCondition">
    	from ${SUBSYSTEM_SCHEMA}CCI_CASH_FLOW_2007 a join
		${SUBSYSTEM_SCHEMA}CCI_REPORT_SYSTEM_CTL b
		on a.SYS_CTL_ID =
		b.SYS_CTL_ID
		where 1=1
		<dynamic>
			<isNotEmpty prepend="and" property="orgInfList">
				<iterate property="orgInfList" open="b.BRANCH_NO IN ("
					close=")" conjunction=",">
					#orgInfList[]#
				</iterate>
			</isNotEmpty>
			<isNotEmpty prepend="and" property="branchId">
				b.BRANCH_ID =
				#branchId:VARCHAR#
			</isNotEmpty>
			<!-- add by yb 2016-11-30 Release V1.0 NO.B9 start -->
			<isNotEmpty prepend="and" property="busiDateStart">
				<![CDATA[a.BUSI_DATE >=]]> #busiDateStart# 
			</isNotEmpty>
			<isNotEmpty prepend="and" property="busiDateEnd">
				<![CDATA[a.BUSI_DATE <=]]> #busiDateEnd#
			</isNotEmpty>
			<isNotEmpty prepend="and" property="fileSendDateStart">
				<![CDATA[b.FILE_SEND_DATE >=]]> #fileSendDateStart# 
			</isNotEmpty>
			<isNotEmpty prepend="and" property="fileSendDateEnd">
				<![CDATA[b.FILE_SEND_DATE <=]]> #fileSendDateEnd#
			</isNotEmpty>
			<!-- add by yb 2016-11-30 Release V1.0 NO.B9 end -->
			<isNotEmpty prepend="and" property="customerCode">
				a.CUSTOMER_CODE =
				#customerCode:VARCHAR#
			</isNotEmpty>
			<isNotEmpty prepend="and" property="reportYear">
				a.REPORT_YEAR =
				#reportYear:VARCHAR#
			</isNotEmpty>
			<isNotEmpty prepend="and" property="reportType">
				a.REPORT_TYPE =
				#reportType:VARCHAR#
			</isNotEmpty>
			<isNotEmpty prepend="and" property="reportTypeSubdivision">
				a.REPORT_TYPE_SUBDIVISION = #reportTypeSubdivision:VARCHAR#
			</isNotEmpty>
			<isNotEmpty prepend="and" property="feedbackFlag">
				b.FEEDBACK_FLAG =
				#feedbackFlag:VARCHAR#
			</isNotEmpty>
			<isNotEmpty prepend="and" property="operatingState">
				b.OPERATING_STATE =
				#operatingState:VARCHAR#
			</isNotEmpty>
			<isNotEmpty prepend="and" property="reportFlag">
				b.REPORT_FLAG =
				#reportFlag:VARCHAR#
			</isNotEmpty>
			<isNotEmpty prepend="and" property="opStsList">
				<iterate property="opStsList" open="b.OPERATING_STATE IN ("
					close=")" conjunction=",">
					#opStsList[]#
				</iterate>
			</isNotEmpty>
			<isNotEmpty prepend="and" property="feedbackFlagList">
				<iterate property="feedbackFlagList" open="b.FEEDBACK_FLAG IN ("
					close=")" conjunction=",">
					#feedbackFlagList[]#
				</iterate>
			</isNotEmpty>
		</dynamic>
		AND b.LOGIC_DELETE_FLAG NOT IN ('1')
	</sql>
	<!-- add by yb 2017-05-04 Release V1.0 NO.444 end -->

	<resultMap id="cciCashFlow2007FormResult"
		class="com.synesoft.cci.app.form.bbm.CciCashFlow2007Form">
		<!-- WARNING - This element is automatically generated by Abator for iBATIS, 
			do not modify. This element was generated on Fri Oct 30 15:02:45 CST 2015. -->
		<result column="SYS_CTL_ID" property="sysCtlId" jdbcType="VARCHAR" />
		<result column="RELATION_FEEDBACK_ID" property="relationFeedbackId" jdbcType="VARCHAR"/>
		<result column="SALE_RECIEVED_CASH" property="saleRecievedCash"
			jdbcType="DECIMAL" />
		<result column="TAX_REPAY" property="taxRepay" jdbcType="DECIMAL" />
		<result column="RELATION_CASH_RECIEVED" property="relationCashRecieved"
			jdbcType="DECIMAL" />
		<result column="CASH_INFLOWS_COUNT" property="cashInflowsCount"
			jdbcType="DECIMAL" />
		<result column="CASH_PURC_ACCE_LABO_PAYM" property="cashPurcAcceLaboPaym"
			jdbcType="DECIMAL" />
		<result column="CASH_PAID_TO_EMPLOYEES" property="cashPaidToEmployees"
			jdbcType="DECIMAL" />
		<result column="TAXES_PAID" property="taxesPaid" jdbcType="DECIMAL" />
		<result column="CASH_PAID_RELATE_TO_OTHERS" property="cashPaidRelateToOthers"
			jdbcType="DECIMAL" />
		<result column="BUSI_OUTFLOW_CASH_COUNT" property="busiOutflowCashCount"
			jdbcType="DECIMAL" />
		<result column="BUSI_CASH_FLOW_NET" property="busiCashFlowNet"
			jdbcType="DECIMAL" />
		<result column="RECYCLE_INVESTMENT_CASH_INFLOW" property="recycleInvestmentCashInflow"
			jdbcType="DECIMAL" />
		<result column="CASH_RECE_FROM_INVE_INCO" property="cashReceFromInveInco"
			jdbcType="DECIMAL" />
		<result column="DISPOSAL_FIXED_ASSET_NET" property="disposalFixedAssetNet"
			jdbcType="DECIMAL" />
		<result column="DISPOSAL_SUBSIDIARY_ASSET_NET" property="disposalSubsidiaryAssetNet"
			jdbcType="DECIMAL" />
		<result column="CASH_RECE_OTHE_INVE_ACTI" property="cashReceOtheInveActi"
			jdbcType="DECIMAL" />
		<result column="CASH_INFL_FROM_INVE_ACTI_COUN" property="cashInflFromInveActiCoun"
			jdbcType="DECIMAL" />
		<result column="BUILD_PAYED_CASH" property="buildPayedCash"
			jdbcType="DECIMAL" />
		<result column="CASH_PAID_BY_INVESTMENT" property="cashPaidByInvestment"
			jdbcType="DECIMAL" />
		<result column="NET_CASH_FROM_SUBS_OTHE_BUSI" property="netCashFromSubsOtheBusi"
			jdbcType="DECIMAL" />
		<result column="OTHER_RELATIVE_INVESTMENT_CASH" property="otherRelativeInvestmentCash"
			jdbcType="DECIMAL" />
		<result column="INVESTMENT_OUTFLOW_CASH_COUNT" property="investmentOutflowCashCount"
			jdbcType="DECIMAL" />
		<result column="INVE_GENE_CASH_FLOW_NET" property="inveGeneCashFlowNet"
			jdbcType="DECIMAL" />
		<result column="CASH_RECE_ABSO_INVE" property="cashReceAbsoInve"
			jdbcType="DECIMAL" />
		<result column="CASH_RECEIVED_BY_BORROWER" property="cashReceivedByBorrower"
			jdbcType="DECIMAL" />
		<result column="CASH_RECE_FROM_OTHE_FINA_ACTI" property="cashReceFromOtheFinaActi"
			jdbcType="DECIMAL" />
		<result column="CASH_INFL_FROM_FINA_ACTI" property="cashInflFromFinaActi"
			jdbcType="DECIMAL" />
		<result column="PAID_IN_CASH" property="paidInCash" jdbcType="DECIMAL" />
		<result column="CASH_PAID_FOR_DIVITION" property="cashPaidForDivition"
			jdbcType="DECIMAL" />
		<result column="CASH_PAYM_RELA_TO_OTHE_ACTI" property="cashPaymRelaToOtheActi"
			jdbcType="DECIMAL" />
		<result column="CASH_OUTF_FOR_FINA_ACTI_COUN" property="cashOutfForFinaActiCoun"
			jdbcType="DECIMAL" />
		<result column="NET_CASH_FLOW_GENE_FROM_ACTI" property="netCashFlowGeneFromActi"
			jdbcType="DECIMAL" />
		<result column="IMPA_OF_EXCH_RATE_ON_CASH" property="impaOfExchRateOnCash"
			jdbcType="DECIMAL" />
		<result column="NET_INCREASE_IN_CASH_C" property="netIncreaseInCashC"
			jdbcType="DECIMAL" />
		<result column="CASH_EQUI_TERM_BALA_END" property="cashEquiTermBalaEnd"
			jdbcType="DECIMAL" />
		<result column="CASH_EQUI_TERM_BALA_STAR" property="cashEquiTermBalaStar"
			jdbcType="DECIMAL" />
		<result column="PROFIT_NET" property="profitNet" jdbcType="DECIMAL" />
		<result column="IMPAIRMENT_OF_ASSETS" property="impairmentOfAssets"
			jdbcType="DECIMAL" />
		<result column="DEMOLITION_OF_FIXED_ASSETS" property="demolitionOfFixedAssets"
			jdbcType="DECIMAL" />
		<result column="AMOR_OF_INTA_ASSE" property="amorOfIntaAsse"
			jdbcType="DECIMAL" />
		<result column="AMOR_OF_LONG_TERM_PRE_EXPE" property="amorOfLongTermPreExpe"
			jdbcType="DECIMAL" />
		<result column="PREPAID_EXPENSES_DECREASE" property="prepaidExpensesDecrease"
			jdbcType="DECIMAL" />
		<result column="ACCRUED_EXPENSES_INCREASE" property="accruedExpensesIncrease"
			jdbcType="DECIMAL" />
		<result column="FIXE_INTA_ASSE_DISPO_LOSS" property="fixeIntaAsseDispoLoss"
			jdbcType="DECIMAL" />
		<result column="LOSS_OF_FIXED_ASSETS_REJECT" property="lossOfFixedAssetsReject"
			jdbcType="DECIMAL" />
		<result column="LOSS_OF_FAIR_VALUE" property="lossOfFairValue"
			jdbcType="DECIMAL" />
		<result column="FINANCIAL_EXPENSE" property="financialExpense"
			jdbcType="DECIMAL" />
		<result column="INVESTMENT_LOSS" property="investmentLoss"
			jdbcType="DECIMAL" />
		<result column="DEFERRED_TAX_ASSETS_REDUCTION" property="deferredTaxAssetsReduction"
			jdbcType="DECIMAL" />
		<result column="DEFE_TAX_LIAB_INCR" property="defeTaxLiabIncr"
			jdbcType="DECIMAL" />
		<result column="REDUCTION_IN_INVENTORY" property="reductionInInventory"
			jdbcType="DECIMAL" />
		<result column="REDU_OF_OPER_RECE" property="reduOfOperRece"
			jdbcType="DECIMAL" />
		<result column="INCR_OF_OPER_RECE" property="incrOfOperRece"
			jdbcType="DECIMAL" />
		<result column="OTHER1" property="other1" jdbcType="DECIMAL" />
		<result column="NET_CASH_FLOW_FROM_BUSI_ACTI" property="netCashFlowFromBusiActi"
			jdbcType="DECIMAL" />
		<result column="DEBT_TO_CAPITAL" property="debtToCapital"
			jdbcType="DECIMAL" />
		<result column="CONVERTIBLE_BOND_IN_ONE_YEAR" property="convertibleBondInOneYear"
			jdbcType="DECIMAL" />
		<result column="FINANCING_LEASE_FIXED_ASSETS" property="financingLeaseFixedAssets"
			jdbcType="DECIMAL" />
		<result column="OTHER2" property="other2" jdbcType="DECIMAL" />
		<result column="CASH_TERM_END_BALANCE" property="cashTermEndBalance"
			jdbcType="DECIMAL" />
		<result column="CASH_TERM_START_BALANCE" property="cashTermStartBalance"
			jdbcType="DECIMAL" />
		<result column="CASH_EQUI_TERM_END_BALA" property="cashEquiTermEndBala"
			jdbcType="DECIMAL" />
		<result column="CASH_EQUI_TERM_STAR_BALA" property="cashEquiTermStarBala"
			jdbcType="DECIMAL" />
		<result column="NET_INCR_IN_CASH_AND_CASH_EQUI" property="netIncrInCashAndCashEqui"
			jdbcType="DECIMAL" />
		<result column="CUSTOMER_CODE" property="customerCode"
			jdbcType="VARCHAR" />
		<result column="REPORT_YEAR" property="reportYear" jdbcType="VARCHAR" />
		<result column="REPORT_TYPE" property="reportType" jdbcType="VARCHAR" />
		<result column="REPORT_TYPE_SUBDIVISION" property="reportTypeSubdivision"
			jdbcType="VARCHAR" />
		<result column="BORROWER_NAME" property="borrowerName"
			jdbcType="VARCHAR" />
		<result column="LOAN_CARD_NO" property="loanCardNo" jdbcType="VARCHAR" />
		<result column="AUDIT_FIRM_NAME" property="auditFirmName"
			jdbcType="VARCHAR" />
		<result column="AUDITOR_NAME" property="auditorName" jdbcType="VARCHAR" />
		<result column="CHECK_TIME_C" property="checkTimeC" jdbcType="VARCHAR" />
		<result column="BUSI_DATE" property="busiDate" jdbcType="VARCHAR" />
		<result column="FILE_SEND_DATE" property="fileSendDate"
			jdbcType="VARCHAR" />
		<result column="REPORT_BATCH_NO" property="reportBatchNo"
			jdbcType="VARCHAR" />
		<result column="MSG_RECORD_TRACKING_NO" property="msgRecordTrackingNo"
			jdbcType="VARCHAR" />
		<result column="MSG_RECORD_OPERATE_TYPE" property="msgRecordOperateType"
			jdbcType="VARCHAR" />
		<result column="MSG_RECORD_ROW" property="msgRecordRow"
			jdbcType="VARCHAR" />
		<result column="REPORT_FLAG" property="reportFlag" jdbcType="VARCHAR" />
		<result column="FEEDBACK_FLAG" property="feedbackFlag"
			jdbcType="VARCHAR" />
		<result column="DEPT_ID" property="deptId" jdbcType="VARCHAR" />
		<result column="OPERATING_STATE" property="operatingState"
			jdbcType="VARCHAR" />
		<result column="REPORT_FILE_TYPE" property="reportFileType"
			jdbcType="VARCHAR" />
		<result column="MSG_RECORD_TYPE" property="msgRecordType"
			jdbcType="VARCHAR" />
		<result column="BRANCH_ID" property="branchId" jdbcType="VARCHAR" />
		<result column="BRANCH_NO" property="branchNo" jdbcType="VARCHAR" />
		<result column="RELATION_SYS_CTL_ID" property="relationSysCtlId"
			jdbcType="VARCHAR" />
		<result column="ORG_BASIC_FEEDBACK_FLAG" property="orgBasicFeedbackFlag"
			jdbcType="VARCHAR" />
		<result column="OPERATE_TIME" property="operateTime" jdbcType="VARCHAR" />
		<result column="OPERATER" property="operater" jdbcType="VARCHAR" />
		<result column="CHECK_TIME" property="checkTime" jdbcType="VARCHAR" />
		<result column="CHECK_OPERATOR" property="checkOperator"
			jdbcType="VARCHAR" />
		<result column="CHECK_ADD_MSG" property="checkAddMsg" jdbcType="VARCHAR" />
		<result column="LAST_UPDATE_TIME" property="lastUpdateTime"
			jdbcType="VARCHAR" />
		<result column="LAST_UPDATER" property="lastUpdater" jdbcType="VARCHAR" />
		<result column="LOGIC_DELETE_FLAG" property="logicDeleteFlag"
			jdbcType="VARCHAR" />
		<result column="RECORD_STATUS_FLAG" property="recordStatusFlag"
			jdbcType="VARCHAR" />
		<result column="MESSAGE_TYPE" property="messageType" jdbcType="VARCHAR" />
	</resultMap>

	<select id="selectByPrimaryKey" resultMap="cciCashFlow2007FormResult"
		parameterClass="com.synesoft.cci.app.form.bbm.CciCashFlow2007Form">
		<!-- update by ld at 20160902 Release V1.0 NO.109-->
		select a.*
		<include refid="CCI_COM_REPORT_SYSTEM_FIELD.selectReportField"/>
		from ${SUBSYSTEM_SCHEMA}CCI_CASH_FLOW_2007 a 
		inner join ${SUBSYSTEM_SCHEMA}CCI_REPORT_SYSTEM_CTL b
		on a.SYS_CTL_ID =
		b.SYS_CTL_ID
		where 1=1
		<dynamic>
			<isNotEmpty prepend="and" property="sysCtlId">
				a.SYS_CTL_ID =
				#sysCtlId:VARCHAR#
			</isNotEmpty>
		</dynamic>
	</select>

	<select id="selectCounts" parameterClass="com.synesoft.cci.app.form.bbm.CciCashFlow2007Form"
		resultClass="java.lang.Integer">
		select count(*) 
		<!-- add by yb 2017-05-04 Release V1.0 NO.444 start -->
		<include refid="queryCondition"/>
		<!-- add by yb 2017-05-04 Release V1.0 NO.444 end -->
	</select>

	<select id="selectList" resultMap="cciCashFlow2007FormResult"
		parameterClass="com.synesoft.cci.app.form.bbm.CciCashFlow2007Form">
		<!-- update by ld at 20160902 Release V1.0 NO.109-->
		select a.*
		<include refid="CCI_COM_REPORT_SYSTEM_FIELD.selectReportField"/>
		<!-- add by yb 2017-05-04 Release V1.0 NO.444 start -->
		<include refid="queryCondition"/>
		<!-- add by yb 2017-05-04 Release V1.0 NO.444 end -->
		ORDER BY
			<!-- add by gl 20160612 Release V1.0 NO.6 start--> 
			b.LAST_UPDATE_TIME DESC,
			<!-- add by gl 20160612 Release V1.0 NO.6 end-->
			a.SYS_CTL_ID DESC
	</select>

	<insert id="insert" parameterClass="com.synesoft.cci.app.form.bbm.CciCashFlow2007Form">
		<!-- WARNING - This element is automatically generated by Abator for iBATIS, 
			do not modify. This element was generated on Fri Oct 30 15:02:45 CST 2015. -->
		insert into ${SUBSYSTEM_SCHEMA}CCI_CASH_FLOW_2007 (SYS_CTL_ID, SALE_RECIEVED_CASH,
		TAX_REPAY,
		RELATION_CASH_RECIEVED, CASH_INFLOWS_COUNT,
		CASH_PURC_ACCE_LABO_PAYM, CASH_PAID_TO_EMPLOYEES,
		TAXES_PAID,
		CASH_PAID_RELATE_TO_OTHERS, BUSI_OUTFLOW_CASH_COUNT,
		BUSI_CASH_FLOW_NET,
		RECYCLE_INVESTMENT_CASH_INFLOW,
		CASH_RECE_FROM_INVE_INCO, DISPOSAL_FIXED_ASSET_NET,
		DISPOSAL_SUBSIDIARY_ASSET_NET, CASH_RECE_OTHE_INVE_ACTI,
		CASH_INFL_FROM_INVE_ACTI_COUN,
		BUILD_PAYED_CASH,
		CASH_PAID_BY_INVESTMENT, NET_CASH_FROM_SUBS_OTHE_BUSI,
		OTHER_RELATIVE_INVESTMENT_CASH, INVESTMENT_OUTFLOW_CASH_COUNT,
		INVE_GENE_CASH_FLOW_NET,
		CASH_RECE_ABSO_INVE,
		CASH_RECEIVED_BY_BORROWER, CASH_RECE_FROM_OTHE_FINA_ACTI,
		CASH_INFL_FROM_FINA_ACTI, PAID_IN_CASH, CASH_PAID_FOR_DIVITION,
		CASH_PAYM_RELA_TO_OTHE_ACTI,
		CASH_OUTF_FOR_FINA_ACTI_COUN,
		NET_CASH_FLOW_GENE_FROM_ACTI, IMPA_OF_EXCH_RATE_ON_CASH,
		NET_INCREASE_IN_CASH_C, CASH_EQUI_TERM_BALA_END,
		CASH_EQUI_TERM_BALA_STAR, PROFIT_NET,
		IMPAIRMENT_OF_ASSETS,
		DEMOLITION_OF_FIXED_ASSETS, AMOR_OF_INTA_ASSE,
		AMOR_OF_LONG_TERM_PRE_EXPE, PREPAID_EXPENSES_DECREASE,
		ACCRUED_EXPENSES_INCREASE,
		FIXE_INTA_ASSE_DISPO_LOSS,
		LOSS_OF_FIXED_ASSETS_REJECT, LOSS_OF_FAIR_VALUE, FINANCIAL_EXPENSE,
		INVESTMENT_LOSS, DEFERRED_TAX_ASSETS_REDUCTION, DEFE_TAX_LIAB_INCR,
		REDUCTION_IN_INVENTORY,
		REDU_OF_OPER_RECE, INCR_OF_OPER_RECE, OTHER1,
		NET_CASH_FLOW_FROM_BUSI_ACTI,
		DEBT_TO_CAPITAL,
		CONVERTIBLE_BOND_IN_ONE_YEAR, FINANCING_LEASE_FIXED_ASSETS, OTHER2,
		CASH_TERM_END_BALANCE,
		CASH_TERM_START_BALANCE,
		CASH_EQUI_TERM_END_BALA,
		CASH_EQUI_TERM_STAR_BALA,
		NET_INCR_IN_CASH_AND_CASH_EQUI, CUSTOMER_CODE, REPORT_YEAR,
		REPORT_TYPE,
		REPORT_TYPE_SUBDIVISION, BORROWER_NAME, LOAN_CARD_NO,
		AUDIT_FIRM_NAME, AUDITOR_NAME,
		CHECK_TIME_C, BUSI_DATE)
		values
		(#sysCtlId:VARCHAR#, #saleRecievedCash:DECIMAL#, #taxRepay:DECIMAL#,
		#relationCashRecieved:DECIMAL#, #cashInflowsCount:DECIMAL#,
		#cashPurcAcceLaboPaym:DECIMAL#,
		#cashPaidToEmployees:DECIMAL#,
		#taxesPaid:DECIMAL#, #cashPaidRelateToOthers:DECIMAL#,
		#busiOutflowCashCount:DECIMAL#, #busiCashFlowNet:DECIMAL#,
		#recycleInvestmentCashInflow:DECIMAL#, #cashReceFromInveInco:DECIMAL#,
		#disposalFixedAssetNet:DECIMAL#, #disposalSubsidiaryAssetNet:DECIMAL#,
		#cashReceOtheInveActi:DECIMAL#, #cashInflFromInveActiCoun:DECIMAL#,
		#buildPayedCash:DECIMAL#,
		#cashPaidByInvestment:DECIMAL#,
		#netCashFromSubsOtheBusi:DECIMAL#,
		#otherRelativeInvestmentCash:DECIMAL#,
		#investmentOutflowCashCount:DECIMAL#,
		#inveGeneCashFlowNet:DECIMAL#,
		#cashReceAbsoInve:DECIMAL#, #cashReceivedByBorrower:DECIMAL#,
		#cashReceFromOtheFinaActi:DECIMAL#, #cashInflFromFinaActi:DECIMAL#,
		#paidInCash:DECIMAL#,
		#cashPaidForDivition:DECIMAL#,
		#cashPaymRelaToOtheActi:DECIMAL#,
		#cashOutfForFinaActiCoun:DECIMAL#,
		#netCashFlowGeneFromActi:DECIMAL#,
		#impaOfExchRateOnCash:DECIMAL#,
		#netIncreaseInCashC:DECIMAL#, #cashEquiTermBalaEnd:DECIMAL#,
		#cashEquiTermBalaStar:DECIMAL#, #profitNet:DECIMAL#,
		#impairmentOfAssets:DECIMAL#,
		#demolitionOfFixedAssets:DECIMAL#,
		#amorOfIntaAsse:DECIMAL#, #amorOfLongTermPreExpe:DECIMAL#,
		#prepaidExpensesDecrease:DECIMAL#, #accruedExpensesIncrease:DECIMAL#,
		#fixeIntaAsseDispoLoss:DECIMAL#, #lossOfFixedAssetsReject:DECIMAL#,
		#lossOfFairValue:DECIMAL#,
		#financialExpense:DECIMAL#,
		#investmentLoss:DECIMAL#, #deferredTaxAssetsReduction:DECIMAL#,
		#defeTaxLiabIncr:DECIMAL#, #reductionInInventory:DECIMAL#,
		#reduOfOperRece:DECIMAL#,
		#incrOfOperRece:DECIMAL#, #other1:DECIMAL#,
		#netCashFlowFromBusiActi:DECIMAL#,
		#debtToCapital:DECIMAL#,
		#convertibleBondInOneYear:DECIMAL#,
		#financingLeaseFixedAssets:DECIMAL#, #other2:DECIMAL#,
		#cashTermEndBalance:DECIMAL#,
		#cashTermStartBalance:DECIMAL#,
		#cashEquiTermEndBala:DECIMAL#, #cashEquiTermStarBala:DECIMAL#,
		#netIncrInCashAndCashEqui:DECIMAL#, #customerCode:VARCHAR#,
		#reportYear:VARCHAR#,
		#reportType:VARCHAR#,
		#reportTypeSubdivision:VARCHAR#, #borrowerName:VARCHAR#,
		#loanCardNo:VARCHAR#, #auditFirmName:VARCHAR#, #auditorName:VARCHAR#,
		#checkTimeC:VARCHAR#,
		#busiDate:VARCHAR#)
	</insert>
	<update id="updateByPrimaryKey" parameterClass="com.synesoft.cci.app.form.bbm.CciCashFlow2007Form">
		<!-- WARNING - This element is automatically generated by Abator for iBATIS, 
			do not modify. This element was generated on Fri Oct 30 15:02:45 CST 2015. -->
		update ${SUBSYSTEM_SCHEMA}CCI_CASH_FLOW_2007
		set SALE_RECIEVED_CASH =
		#saleRecievedCash:DECIMAL#,
		TAX_REPAY = #taxRepay:DECIMAL#,
		RELATION_CASH_RECIEVED = #relationCashRecieved:DECIMAL#,
		CASH_INFLOWS_COUNT = #cashInflowsCount:DECIMAL#,
		CASH_PURC_ACCE_LABO_PAYM = #cashPurcAcceLaboPaym:DECIMAL#,
		CASH_PAID_TO_EMPLOYEES = #cashPaidToEmployees:DECIMAL#,
		TAXES_PAID =
		#taxesPaid:DECIMAL#,
		CASH_PAID_RELATE_TO_OTHERS =
		#cashPaidRelateToOthers:DECIMAL#,
		BUSI_OUTFLOW_CASH_COUNT =
		#busiOutflowCashCount:DECIMAL#,
		BUSI_CASH_FLOW_NET =
		#busiCashFlowNet:DECIMAL#,
		RECYCLE_INVESTMENT_CASH_INFLOW =
		#recycleInvestmentCashInflow:DECIMAL#,
		CASH_RECE_FROM_INVE_INCO =
		#cashReceFromInveInco:DECIMAL#,
		DISPOSAL_FIXED_ASSET_NET =
		#disposalFixedAssetNet:DECIMAL#,
		DISPOSAL_SUBSIDIARY_ASSET_NET =
		#disposalSubsidiaryAssetNet:DECIMAL#,
		CASH_RECE_OTHE_INVE_ACTI =
		#cashReceOtheInveActi:DECIMAL#,
		CASH_INFL_FROM_INVE_ACTI_COUN =
		#cashInflFromInveActiCoun:DECIMAL#,
		BUILD_PAYED_CASH =
		#buildPayedCash:DECIMAL#,
		CASH_PAID_BY_INVESTMENT =
		#cashPaidByInvestment:DECIMAL#,
		NET_CASH_FROM_SUBS_OTHE_BUSI =
		#netCashFromSubsOtheBusi:DECIMAL#,
		OTHER_RELATIVE_INVESTMENT_CASH =
		#otherRelativeInvestmentCash:DECIMAL#,
		INVESTMENT_OUTFLOW_CASH_COUNT =
		#investmentOutflowCashCount:DECIMAL#,
		INVE_GENE_CASH_FLOW_NET =
		#inveGeneCashFlowNet:DECIMAL#,
		CASH_RECE_ABSO_INVE =
		#cashReceAbsoInve:DECIMAL#,
		CASH_RECEIVED_BY_BORROWER =
		#cashReceivedByBorrower:DECIMAL#,
		CASH_RECE_FROM_OTHE_FINA_ACTI =
		#cashReceFromOtheFinaActi:DECIMAL#,
		CASH_INFL_FROM_FINA_ACTI =
		#cashInflFromFinaActi:DECIMAL#,
		PAID_IN_CASH = #paidInCash:DECIMAL#,
		CASH_PAID_FOR_DIVITION = #cashPaidForDivition:DECIMAL#,
		CASH_PAYM_RELA_TO_OTHE_ACTI = #cashPaymRelaToOtheActi:DECIMAL#,
		CASH_OUTF_FOR_FINA_ACTI_COUN = #cashOutfForFinaActiCoun:DECIMAL#,
		NET_CASH_FLOW_GENE_FROM_ACTI = #netCashFlowGeneFromActi:DECIMAL#,
		IMPA_OF_EXCH_RATE_ON_CASH = #impaOfExchRateOnCash:DECIMAL#,
		NET_INCREASE_IN_CASH_C = #netIncreaseInCashC:DECIMAL#,
		CASH_EQUI_TERM_BALA_END = #cashEquiTermBalaEnd:DECIMAL#,
		CASH_EQUI_TERM_BALA_STAR = #cashEquiTermBalaStar:DECIMAL#,
		PROFIT_NET =
		#profitNet:DECIMAL#,
		IMPAIRMENT_OF_ASSETS =
		#impairmentOfAssets:DECIMAL#,
		DEMOLITION_OF_FIXED_ASSETS =
		#demolitionOfFixedAssets:DECIMAL#,
		AMOR_OF_INTA_ASSE =
		#amorOfIntaAsse:DECIMAL#,
		AMOR_OF_LONG_TERM_PRE_EXPE =
		#amorOfLongTermPreExpe:DECIMAL#,
		PREPAID_EXPENSES_DECREASE =
		#prepaidExpensesDecrease:DECIMAL#,
		ACCRUED_EXPENSES_INCREASE =
		#accruedExpensesIncrease:DECIMAL#,
		FIXE_INTA_ASSE_DISPO_LOSS =
		#fixeIntaAsseDispoLoss:DECIMAL#,
		LOSS_OF_FIXED_ASSETS_REJECT =
		#lossOfFixedAssetsReject:DECIMAL#,
		LOSS_OF_FAIR_VALUE =
		#lossOfFairValue:DECIMAL#,
		FINANCIAL_EXPENSE =
		#financialExpense:DECIMAL#,
		INVESTMENT_LOSS = #investmentLoss:DECIMAL#,
		DEFERRED_TAX_ASSETS_REDUCTION = #deferredTaxAssetsReduction:DECIMAL#,
		DEFE_TAX_LIAB_INCR = #defeTaxLiabIncr:DECIMAL#,
		REDUCTION_IN_INVENTORY
		= #reductionInInventory:DECIMAL#,
		REDU_OF_OPER_RECE =
		#reduOfOperRece:DECIMAL#,
		INCR_OF_OPER_RECE = #incrOfOperRece:DECIMAL#,
		OTHER1 = #other1:DECIMAL#,
		NET_CASH_FLOW_FROM_BUSI_ACTI =
		#netCashFlowFromBusiActi:DECIMAL#,
		DEBT_TO_CAPITAL =
		#debtToCapital:DECIMAL#,
		CONVERTIBLE_BOND_IN_ONE_YEAR =
		#convertibleBondInOneYear:DECIMAL#,
		FINANCING_LEASE_FIXED_ASSETS =
		#financingLeaseFixedAssets:DECIMAL#,
		OTHER2 = #other2:DECIMAL#,
		CASH_TERM_END_BALANCE = #cashTermEndBalance:DECIMAL#,
		CASH_TERM_START_BALANCE = #cashTermStartBalance:DECIMAL#,
		CASH_EQUI_TERM_END_BALA = #cashEquiTermEndBala:DECIMAL#,
		CASH_EQUI_TERM_STAR_BALA = #cashEquiTermStarBala:DECIMAL#,
		NET_INCR_IN_CASH_AND_CASH_EQUI = #netIncrInCashAndCashEqui:DECIMAL#,
		CUSTOMER_CODE = #customerCode:VARCHAR#,
		REPORT_YEAR =
		#reportYear:VARCHAR#,
		REPORT_TYPE = #reportType:VARCHAR#,
		REPORT_TYPE_SUBDIVISION = #reportTypeSubdivision:VARCHAR#,
		BORROWER_NAME = #borrowerName:VARCHAR#,
		LOAN_CARD_NO =
		#loanCardNo:VARCHAR#,
		AUDIT_FIRM_NAME = #auditFirmName:VARCHAR#,
		AUDITOR_NAME = #auditorName:VARCHAR#,
		CHECK_TIME_C =
		#checkTimeC:VARCHAR#,
		BUSI_DATE = #busiDate:VARCHAR#
		<isNotEmpty prepend="," property="batDate">
			BAT_DATE = #batDate#
		</isNotEmpty>
		where SYS_CTL_ID =
		#sysCtlId:VARCHAR#
	</update>
    <!-- add by gcj Release V1.0 NO.90 金额更新成null 画面后台直连更新专用20160819 start-->
	<update id="updateByPrimaryKeyAll" parameterClass="com.synesoft.cci.app.form.bbm.CciCashFlow2007Form">
		<!-- WARNING - This element is automatically generated by Abator for iBATIS,
			do not modify. This element was generated on Fri Oct 30 15:02:45 CST 2015. -->
		update ${SUBSYSTEM_SCHEMA}CCI_CASH_FLOW_2007
		set SALE_RECIEVED_CASH =
		#saleRecievedCash:DECIMAL#,
		TAX_REPAY = #taxRepay:DECIMAL#,
		RELATION_CASH_RECIEVED = #relationCashRecieved:DECIMAL#,
		CASH_INFLOWS_COUNT = #cashInflowsCount:DECIMAL#,
		CASH_PURC_ACCE_LABO_PAYM = #cashPurcAcceLaboPaym:DECIMAL#,
		CASH_PAID_TO_EMPLOYEES = #cashPaidToEmployees:DECIMAL#,
		TAXES_PAID =
		#taxesPaid:DECIMAL#,
		CASH_PAID_RELATE_TO_OTHERS =
		#cashPaidRelateToOthers:DECIMAL#,
		BUSI_OUTFLOW_CASH_COUNT =
		#busiOutflowCashCount:DECIMAL#,
		BUSI_CASH_FLOW_NET =
		#busiCashFlowNet:DECIMAL#,
		RECYCLE_INVESTMENT_CASH_INFLOW =
		#recycleInvestmentCashInflow:DECIMAL#,
		CASH_RECE_FROM_INVE_INCO =
		#cashReceFromInveInco:DECIMAL#,
		DISPOSAL_FIXED_ASSET_NET =
		#disposalFixedAssetNet:DECIMAL#,
		DISPOSAL_SUBSIDIARY_ASSET_NET =
		#disposalSubsidiaryAssetNet:DECIMAL#,
		CASH_RECE_OTHE_INVE_ACTI =
		#cashReceOtheInveActi:DECIMAL#,
		CASH_INFL_FROM_INVE_ACTI_COUN =
		#cashInflFromInveActiCoun:DECIMAL#,
		BUILD_PAYED_CASH =
		#buildPayedCash:DECIMAL#,
		CASH_PAID_BY_INVESTMENT =
		#cashPaidByInvestment:DECIMAL#,
		NET_CASH_FROM_SUBS_OTHE_BUSI =
		#netCashFromSubsOtheBusi:DECIMAL#,
		OTHER_RELATIVE_INVESTMENT_CASH =
		#otherRelativeInvestmentCash:DECIMAL#,
		INVESTMENT_OUTFLOW_CASH_COUNT =
		#investmentOutflowCashCount:DECIMAL#,
		INVE_GENE_CASH_FLOW_NET =
		#inveGeneCashFlowNet:DECIMAL#,
		CASH_RECE_ABSO_INVE =
		#cashReceAbsoInve:DECIMAL#,
		CASH_RECEIVED_BY_BORROWER =
		#cashReceivedByBorrower:DECIMAL#,
		CASH_RECE_FROM_OTHE_FINA_ACTI =
		#cashReceFromOtheFinaActi:DECIMAL#,
		CASH_INFL_FROM_FINA_ACTI =
		#cashInflFromFinaActi:DECIMAL#,
		PAID_IN_CASH = #paidInCash:DECIMAL#,
		CASH_PAID_FOR_DIVITION = #cashPaidForDivition:DECIMAL#,
		CASH_PAYM_RELA_TO_OTHE_ACTI = #cashPaymRelaToOtheActi:DECIMAL#,
		CASH_OUTF_FOR_FINA_ACTI_COUN = #cashOutfForFinaActiCoun:DECIMAL#,
		NET_CASH_FLOW_GENE_FROM_ACTI = #netCashFlowGeneFromActi:DECIMAL#,
		IMPA_OF_EXCH_RATE_ON_CASH = #impaOfExchRateOnCash:DECIMAL#,
		NET_INCREASE_IN_CASH_C = #netIncreaseInCashC:DECIMAL#,
		CASH_EQUI_TERM_BALA_END = #cashEquiTermBalaEnd:DECIMAL#,
		CASH_EQUI_TERM_BALA_STAR = #cashEquiTermBalaStar:DECIMAL#,
		PROFIT_NET =
		#profitNet:DECIMAL#,
		IMPAIRMENT_OF_ASSETS =
		#impairmentOfAssets:DECIMAL#,
		DEMOLITION_OF_FIXED_ASSETS =
		#demolitionOfFixedAssets:DECIMAL#,
		AMOR_OF_INTA_ASSE =
		#amorOfIntaAsse:DECIMAL#,
		AMOR_OF_LONG_TERM_PRE_EXPE =
		#amorOfLongTermPreExpe:DECIMAL#,
		PREPAID_EXPENSES_DECREASE =
		#prepaidExpensesDecrease:DECIMAL#,
		ACCRUED_EXPENSES_INCREASE =
		#accruedExpensesIncrease:DECIMAL#,
		FIXE_INTA_ASSE_DISPO_LOSS =
		#fixeIntaAsseDispoLoss:DECIMAL#,
		LOSS_OF_FIXED_ASSETS_REJECT =
		#lossOfFixedAssetsReject:DECIMAL#,
		LOSS_OF_FAIR_VALUE =
		#lossOfFairValue:DECIMAL#,
		FINANCIAL_EXPENSE =
		#financialExpense:DECIMAL#,
		INVESTMENT_LOSS = #investmentLoss:DECIMAL#,
		DEFERRED_TAX_ASSETS_REDUCTION = #deferredTaxAssetsReduction:DECIMAL#,
		DEFE_TAX_LIAB_INCR = #defeTaxLiabIncr:DECIMAL#,
		REDUCTION_IN_INVENTORY
		= #reductionInInventory:DECIMAL#,
		REDU_OF_OPER_RECE =
		#reduOfOperRece:DECIMAL#,
		INCR_OF_OPER_RECE = #incrOfOperRece:DECIMAL#,
		OTHER1 = #other1:DECIMAL#,
		NET_CASH_FLOW_FROM_BUSI_ACTI =
		#netCashFlowFromBusiActi:DECIMAL#,
		DEBT_TO_CAPITAL =
		#debtToCapital:DECIMAL#,
		CONVERTIBLE_BOND_IN_ONE_YEAR =
		#convertibleBondInOneYear:DECIMAL#,
		FINANCING_LEASE_FIXED_ASSETS =
		#financingLeaseFixedAssets:DECIMAL#,
		OTHER2 = #other2:DECIMAL#,
		CASH_TERM_END_BALANCE = #cashTermEndBalance:DECIMAL#,
		CASH_TERM_START_BALANCE = #cashTermStartBalance:DECIMAL#,
		CASH_EQUI_TERM_END_BALA = #cashEquiTermEndBala:DECIMAL#,
		CASH_EQUI_TERM_STAR_BALA = #cashEquiTermStarBala:DECIMAL#,
		NET_INCR_IN_CASH_AND_CASH_EQUI = #netIncrInCashAndCashEqui:DECIMAL#,
		CUSTOMER_CODE = #customerCode:VARCHAR#,
		REPORT_YEAR =
		#reportYear:VARCHAR#,
		REPORT_TYPE = #reportType:VARCHAR#,
		REPORT_TYPE_SUBDIVISION = #reportTypeSubdivision:VARCHAR#,
		BORROWER_NAME = #borrowerName:VARCHAR#,
		LOAN_CARD_NO =
		#loanCardNo:VARCHAR#,
		AUDIT_FIRM_NAME = #auditFirmName:VARCHAR#,
		AUDITOR_NAME = #auditorName:VARCHAR#,
		CHECK_TIME_C =
		#checkTimeC:VARCHAR#,
		BUSI_DATE = #busiDate:VARCHAR#
		<!-- add by gcj 20170103 Release V1.0 NO.299 start -->
			<isNotEmpty property="taskId">
				,TASK_ID=
				#taskId#
			</isNotEmpty>
			<isNotEmpty property="stepId">
				,STEP_ID =
				#stepId#
			</isNotEmpty>
			<isNotEmpty property="batDate">
				,BAT_DATE =
				#batDate#
			</isNotEmpty>
			<!-- add by gcj 20170103 Release V1.0 NO.299 end -->
		where SYS_CTL_ID =
		#sysCtlId:VARCHAR#
	</update>
    <!-- add by gcj Release V1.0 NO.90 金额更新成null 画面后台直连更新专用20160819 end-->

	<delete id="deleteByPrimaryKeyLogic" parameterClass="com.synesoft.cci.app.form.bbm.CciCashFlow2007Form">
		<!-- WARNING - This element is automatically generated by Abator for iBATIS, 
			do not modify. This element was generated on Fri Oct 30 15:02:44 CST 2015. -->
		update ${SUBSYSTEM_SCHEMA}CCI_REPORT_SYSTEM_CTL set
		LOGIC_DELETE_FLAG =
		#logicDeleteFlag:VARCHAR#
		where SYS_CTL_ID = #sysCtlId:VARCHAR#
	</delete>

	<delete id="deleteByPrimaryKey" parameterClass="com.synesoft.cci.app.form.bbm.CciCashFlow2007Form">
		<!-- WARNING - This element is automatically generated by Abator for iBATIS, 
			do not modify. This element was generated on Fri Oct 30 15:02:44 CST 2015. -->
		delete from ${SUBSYSTEM_SCHEMA}CCI_CASH_FLOW_2007
		where SYS_CTL_ID =
		#sysCtlId:VARCHAR#
	</delete>

	<select id="getReportData" parameterClass="java.lang.String"
		resultMap="cciCashFlow2007FormResult">
		select *
		from ${SUBSYSTEM_SCHEMA}CCI_CASH_FLOW_2007 t1
		join
		${SUBSYSTEM_SCHEMA}CCI_REPORT_SYSTEM_CTL t2
		on t1.SYS_CTL_ID =
		t2.SYS_CTL_ID
		where 1 = 1
		and t2.RELATION_SYS_CTL_ID = #sysCtl#
		and
		t2.REPORT_FLAG = '3'
	</select>
</sqlMap>
