<?xml version="1.0" encoding="UTF-8" ?>
<!DOCTYPE sqlMap PUBLIC "-//ibatis.apache.org//DTD SQL Map 2.0//EN" "http://ibatis.apache.org/dtd/sql-map-2.dtd" >
<sqlMap namespace="CCI_BUSI_UNIT_REVENUE">
	<resultMap id="cciBusiUnitRevenueResult"
		class="com.synesoft.cci.domain.model.CciBusiUnitRevenue">
		<!-- WARNING - This element is automatically generated by Abator for iBATIS, 
			do not modify. This element was generated on Fri Oct 30 15:02:45 CST 2015. -->
		<result column="SYS_CTL_ID" property="sysCtlId" jdbcType="VARCHAR" />
		<result column="FINANCIAL_SUBSIDY_INCOME" property="financialSubsidyIncome"
			jdbcType="DECIMAL" />
		<result column="SUPERIOR_SUBSIDY_INCOME" property="superiorSubsidyIncome"
			jdbcType="DECIMAL" />
		<result column="SUBUNIT_PAYMENT" property="subunitPayment"
			jdbcType="DECIMAL" />
		<result column="CAREER_INCOME" property="careerIncome"
			jdbcType="DECIMAL" />
		<result column="EXTRA_BUDGETARY_CAPITAL_INCOME" property="extraBudgetaryCapitalIncome"
			jdbcType="DECIMAL" />
		<result column="OTHER_INCOME" property="otherIncome" jdbcType="DECIMAL" />
		<result column="CAREER_INCOME_COUNT" property="careerIncomeCount"
			jdbcType="DECIMAL" />
		<result column="BUSI_INCOME" property="busiIncome" jdbcType="DECIMAL" />
		<result column="BUSI_INCOME_COUNT" property="busiIncomeCount"
			jdbcType="DECIMAL" />
		<result column="DAIL_SPECIAL_FUND" property="dailSpecialFund"
			jdbcType="DECIMAL" />
		<result column="DAIL_SPECIAL_FUND_COUNT" property="dailSpecialFundCount"
			jdbcType="DECIMAL" />
		<result column="TOTAL_INCOME" property="totalIncome" jdbcType="DECIMAL" />
		<result column="ALLOCATE_FUNDS" property="allocateFunds"
			jdbcType="DECIMAL" />
		<result column="PAID_UPPER_EXPENSE" property="paidUpperExpense"
			jdbcType="DECIMAL" />
		<result column="SUBSIDIARY_SUBUNIT" property="subsidiarySubunit"
			jdbcType="DECIMAL" />
		<result column="CAREER_EXPENSE" property="careerExpense"
			jdbcType="DECIMAL" />
		<result column="FINANCIAL_SUBSIDY_EXPENSE" property="financialSubsidyExpense"
			jdbcType="DECIMAL" />
		<result column="EXTR_BUDG_CAPI_EXPE" property="extrBudgCapiExpe"
			jdbcType="DECIMAL" />
		<result column="SALES_TAX" property="salesTax" jdbcType="DECIMAL" />
		<result column="SELF_FINANCING_INFRASTRUCTURE" property="selfFinancingInfrastructure"
			jdbcType="DECIMAL" />
		<result column="CAREER_EXPENSE_COUNT" property="careerExpenseCount"
			jdbcType="DECIMAL" />
		<result column="BUSI_EXPENSE" property="busiExpense" jdbcType="DECIMAL" />
		<result column="SALES_TAX2" property="salesTax2" jdbcType="DECIMAL" />
		<result column="BUSI_EXPENSE_COUNT" property="busiExpenseCount"
			jdbcType="DECIMAL" />
		<result column="ALLOCATE_SPECIAL_FUND" property="allocateSpecialFund"
			jdbcType="DECIMAL" />
		<result column="SPECIAL_EXPENSE" property="specialExpense"
			jdbcType="DECIMAL" />
		<result column="SPECIAL_COUNT" property="specialCount"
			jdbcType="DECIMAL" />
		<result column="TOTAL_EXPENSE" property="totalExpense"
			jdbcType="DECIMAL" />
		<result column="CAREER_BALANCE" property="careerBalance"
			jdbcType="DECIMAL" />
		<result column="NORMAL_INCOME_BALANCE" property="normalIncomeBalance"
			jdbcType="DECIMAL" />
		<result column="RECOVER_BEFORE_BUSI_EXPENSE" property="recoverBeforeBusiExpense"
			jdbcType="DECIMAL" />
		<result column="BUSI_BALANCE" property="busiBalance" jdbcType="DECIMAL" />
		<result column="PREVIOUS_ANNUAL_BUSI_LOSS" property="previousAnnualBusiLoss"
			jdbcType="DECIMAL" />
		<result column="BALANCE_DISTRIBUTION" property="balanceDistribution"
			jdbcType="DECIMAL" />
		<result column="INCOME_TAX_PAYABLE" property="incomeTaxPayable"
			jdbcType="DECIMAL" />
		<result column="EXTRACT_SPECIAL_FUND" property="extractSpecialFund"
			jdbcType="DECIMAL" />
		<result column="TURN_INTO_CAREER_FUND" property="turnIntoCareerFund"
			jdbcType="DECIMAL" />
		<result column="OTHER_BALANCE_DISTRIBUTION" property="otherBalanceDistribution"
			jdbcType="DECIMAL" />
		<result column="CUSTOMER_CODE" property="customerCode"
			jdbcType="VARCHAR" />
		<result column="REPORT_YEAR" property="reportYear" jdbcType="VARCHAR" />
		<result column="REPORT_TYPE" property="reportType" jdbcType="VARCHAR" />
		<result column="REPORT_TYPE_SUBDIVISION" property="reportTypeSubdivision"
			jdbcType="VARCHAR" />
		<result column="BORROWER_NAME" property="borrowerName"
			jdbcType="VARCHAR" />
		<result column="LOAN_CARD_NO" property="loanCardNo" jdbcType="VARCHAR" />
		<result column="AUDIT_FIRM_NAME" property="auditFirmName"
			jdbcType="VARCHAR" />
		<result column="AUDITOR_NAME" property="auditorName" jdbcType="VARCHAR" />
		<result column="CHECK_TIME_C" property="checkTimeC" jdbcType="VARCHAR" />
		<result column="BUSI_DATE" property="busiDate" jdbcType="VARCHAR" />
	</resultMap>
	<resultMap id="cciBusiUnitRevenueFormResult"
		class="com.synesoft.cci.app.form.bbm.CciBusiUnitRevenueForm">
		<!-- WARNING - This element is automatically generated by Abator for iBATIS, 
			do not modify. This element was generated on Fri Oct 30 15:02:45 CST 2015. -->
		<result column="RELATION_FEEDBACK_ID" property="relationFeedbackId" jdbcType="VARCHAR"/>
		<result column="SYS_CTL_ID" property="sysCtlId" jdbcType="VARCHAR" />
		<result column="FINANCIAL_SUBSIDY_INCOME" property="financialSubsidyIncome"
			jdbcType="DECIMAL" />
		<result column="SUPERIOR_SUBSIDY_INCOME" property="superiorSubsidyIncome"
			jdbcType="DECIMAL" />
		<result column="SUBUNIT_PAYMENT" property="subunitPayment"
			jdbcType="DECIMAL" />
		<result column="CAREER_INCOME" property="careerIncome"
			jdbcType="DECIMAL" />
		<result column="EXTRA_BUDGETARY_CAPITAL_INCOME" property="extraBudgetaryCapitalIncome"
			jdbcType="DECIMAL" />
		<result column="OTHER_INCOME" property="otherIncome" jdbcType="DECIMAL" />
		<result column="CAREER_INCOME_COUNT" property="careerIncomeCount"
			jdbcType="DECIMAL" />
		<result column="BUSI_INCOME" property="busiIncome" jdbcType="DECIMAL" />
		<result column="BUSI_INCOME_COUNT" property="busiIncomeCount"
			jdbcType="DECIMAL" />
		<result column="DAIL_SPECIAL_FUND" property="dailSpecialFund"
			jdbcType="DECIMAL" />
		<result column="DAIL_SPECIAL_FUND_COUNT" property="dailSpecialFundCount"
			jdbcType="DECIMAL" />
		<result column="TOTAL_INCOME" property="totalIncome" jdbcType="DECIMAL" />
		<result column="ALLOCATE_FUNDS" property="allocateFunds"
			jdbcType="DECIMAL" />
		<result column="PAID_UPPER_EXPENSE" property="paidUpperExpense"
			jdbcType="DECIMAL" />
		<result column="SUBSIDIARY_SUBUNIT" property="subsidiarySubunit"
			jdbcType="DECIMAL" />
		<result column="CAREER_EXPENSE" property="careerExpense"
			jdbcType="DECIMAL" />
		<result column="FINANCIAL_SUBSIDY_EXPENSE" property="financialSubsidyExpense"
			jdbcType="DECIMAL" />
		<result column="EXTR_BUDG_CAPI_EXPE" property="extrBudgCapiExpe"
			jdbcType="DECIMAL" />
		<result column="SALES_TAX" property="salesTax" jdbcType="DECIMAL" />
		<result column="SELF_FINANCING_INFRASTRUCTURE" property="selfFinancingInfrastructure"
			jdbcType="DECIMAL" />
		<result column="CAREER_EXPENSE_COUNT" property="careerExpenseCount"
			jdbcType="DECIMAL" />
		<result column="BUSI_EXPENSE" property="busiExpense" jdbcType="DECIMAL" />
		<result column="SALES_TAX2" property="salesTax2" jdbcType="DECIMAL" />
		<result column="BUSI_EXPENSE_COUNT" property="busiExpenseCount"
			jdbcType="DECIMAL" />
		<result column="ALLOCATE_SPECIAL_FUND" property="allocateSpecialFund"
			jdbcType="DECIMAL" />
		<result column="SPECIAL_EXPENSE" property="specialExpense"
			jdbcType="DECIMAL" />
		<result column="SPECIAL_COUNT" property="specialCount"
			jdbcType="DECIMAL" />
		<result column="TOTAL_EXPENSE" property="totalExpense"
			jdbcType="DECIMAL" />
		<result column="CAREER_BALANCE" property="careerBalance"
			jdbcType="DECIMAL" />
		<result column="NORMAL_INCOME_BALANCE" property="normalIncomeBalance"
			jdbcType="DECIMAL" />
		<result column="RECOVER_BEFORE_BUSI_EXPENSE" property="recoverBeforeBusiExpense"
			jdbcType="DECIMAL" />
		<result column="BUSI_BALANCE" property="busiBalance" jdbcType="DECIMAL" />
		<result column="PREVIOUS_ANNUAL_BUSI_LOSS" property="previousAnnualBusiLoss"
			jdbcType="DECIMAL" />
		<result column="BALANCE_DISTRIBUTION" property="balanceDistribution"
			jdbcType="DECIMAL" />
		<result column="INCOME_TAX_PAYABLE" property="incomeTaxPayable"
			jdbcType="DECIMAL" />
		<result column="EXTRACT_SPECIAL_FUND" property="extractSpecialFund"
			jdbcType="DECIMAL" />
		<result column="TURN_INTO_CAREER_FUND" property="turnIntoCareerFund"
			jdbcType="DECIMAL" />
		<result column="OTHER_BALANCE_DISTRIBUTION" property="otherBalanceDistribution"
			jdbcType="DECIMAL" />
		<result column="CUSTOMER_CODE" property="customerCode"
			jdbcType="VARCHAR" />
		<result column="REPORT_YEAR" property="reportYear" jdbcType="VARCHAR" />
		<result column="REPORT_TYPE" property="reportType" jdbcType="VARCHAR" />
		<result column="REPORT_TYPE_SUBDIVISION" property="reportTypeSubdivision"
			jdbcType="VARCHAR" />
		<result column="BORROWER_NAME" property="borrowerName"
			jdbcType="VARCHAR" />
		<result column="LOAN_CARD_NO" property="loanCardNo" jdbcType="VARCHAR" />
		<result column="AUDIT_FIRM_NAME" property="auditFirmName"
			jdbcType="VARCHAR" />
		<result column="AUDITOR_NAME" property="auditorName" jdbcType="VARCHAR" />
		<result column="CHECK_TIME_C" property="checkTimeC" jdbcType="VARCHAR" />
		<result column="BUSI_DATE" property="busiDate" jdbcType="VARCHAR" />
		<result column="FILE_SEND_DATE" property="fileSendDate"
			jdbcType="VARCHAR" />
		<result column="REPORT_BATCH_NO" property="reportBatchNo"
			jdbcType="VARCHAR" />
		<result column="MSG_RECORD_TRACKING_NO" property="msgRecordTrackingNo"
			jdbcType="VARCHAR" />
		<result column="MSG_RECORD_OPERATE_TYPE" property="msgRecordOperateType"
			jdbcType="VARCHAR" />
		<result column="MSG_RECORD_ROW" property="msgRecordRow"
			jdbcType="VARCHAR" />
		<result column="REPORT_FLAG" property="reportFlag" jdbcType="VARCHAR" />
		<result column="FEEDBACK_FLAG" property="feedbackFlag"
			jdbcType="VARCHAR" />
		<result column="DEPT_ID" property="deptId" jdbcType="VARCHAR" />
		<result column="OPERATING_STATE" property="operatingState"
			jdbcType="VARCHAR" />
		<result column="REPORT_FILE_TYPE" property="reportFileType"
			jdbcType="VARCHAR" />
		<result column="MSG_RECORD_TYPE" property="msgRecordType"
			jdbcType="VARCHAR" />
		<result column="BRANCH_ID" property="branchId" jdbcType="VARCHAR" />
		<result column="BRANCH_NO" property="branchNo" jdbcType="VARCHAR" />
		<result column="RELATION_SYS_CTL_ID" property="relationSysCtlId"
			jdbcType="VARCHAR" />
		<result column="ORG_BASIC_FEEDBACK_FLAG" property="orgBasicFeedbackFlag"
			jdbcType="VARCHAR" />
		<result column="OPERATE_TIME" property="operateTime" jdbcType="VARCHAR" />
		<result column="OPERATER" property="operater" jdbcType="VARCHAR" />
		<result column="CHECK_TIME" property="checkTime" jdbcType="VARCHAR" />
		<result column="CHECK_OPERATOR" property="checkOperator"
			jdbcType="VARCHAR" />
		<result column="CHECK_ADD_MSG" property="checkAddMsg" jdbcType="VARCHAR" />
		<result column="LAST_UPDATE_TIME" property="lastUpdateTime"
			jdbcType="VARCHAR" />
		<result column="LAST_UPDATER" property="lastUpdater" jdbcType="VARCHAR" />
		<result column="LOGIC_DELETE_FLAG" property="logicDeleteFlag"
			jdbcType="VARCHAR" />
		<result column="RECORD_STATUS_FLAG" property="recordStatusFlag"
			jdbcType="VARCHAR" />
		<result column="MESSAGE_TYPE" property="messageType" jdbcType="VARCHAR" />
	</resultMap>
	<!-- add by yb 2017-05-04 Release V1.0 NO.444 start -->
	<sql id="queryCondition">
	    from ${SUBSYSTEM_SCHEMA}CCI_BUSI_UNIT_REVENUE a join
		${SUBSYSTEM_SCHEMA}CCI_REPORT_SYSTEM_CTL b
		on a.SYS_CTL_ID =
		b.SYS_CTL_ID
		where 1=1
		<dynamic>
			<isNotEmpty prepend="and" property="orgInfList">
				<iterate property="orgInfList" open="b.BRANCH_NO IN ("
					close=")" conjunction=",">
					#orgInfList[]#
				</iterate>
			</isNotEmpty>
			<isNotEmpty prepend="and" property="branchId">
				b.BRANCH_ID =
				#branchId:VARCHAR#
			</isNotEmpty>
			<isNotEmpty prepend="and" property="customerCode">
				a.CUSTOMER_CODE =
				#customerCode:VARCHAR#
			</isNotEmpty>
			<isNotEmpty prepend="and" property="reportYear">
				a.REPORT_YEAR =
				#reportYear:VARCHAR#
			</isNotEmpty>
			<isNotEmpty prepend="and" property="reportType">
				a.REPORT_TYPE =
				#reportType:VARCHAR#
			</isNotEmpty>
			<isNotEmpty prepend="and" property="reportTypeSubdivision">
				a.REPORT_TYPE_SUBDIVISION = #reportTypeSubdivision:VARCHAR#
			</isNotEmpty>
			<isNotEmpty prepend="and" property="feedbackFlag">
				b.FEEDBACK_FLAG =
				#feedbackFlag:VARCHAR#
			</isNotEmpty>
			<isNotEmpty prepend="and" property="operatingState">
				b.OPERATING_STATE =
				#operatingState:VARCHAR#
			</isNotEmpty>
			<isNotEmpty prepend="and" property="reportFlag">
				b.REPORT_FLAG =
				#reportFlag:VARCHAR#
			</isNotEmpty>
			<isNotEmpty prepend="and" property="opStsList">
				<iterate property="opStsList" open="b.OPERATING_STATE IN ("
					close=")" conjunction=",">
					#opStsList[]#
				</iterate>
			</isNotEmpty>
			<isNotEmpty prepend="and" property="feedbackFlagList">
				<iterate property="feedbackFlagList" open="b.FEEDBACK_FLAG IN ("
					close=")" conjunction=",">
					#feedbackFlagList[]#
				</iterate>
			</isNotEmpty>
		</dynamic>
		AND b.LOGIC_DELETE_FLAG NOT IN ('1')
	</sql>
	<!-- add by yb 2017-05-04 Release V1.0 NO.444 end -->

	<select id="selectByPrimaryKey" resultMap="cciBusiUnitRevenueFormResult"
		parameterClass="com.synesoft.cci.app.form.bbm.CciBusiUnitRevenueForm">
		<!-- update by ld at 20160902 Release V1.0 NO.109-->
		select a.*
		<include refid="CCI_COM_REPORT_SYSTEM_FIELD.selectReportField"/>
		from ${SUBSYSTEM_SCHEMA}CCI_BUSI_UNIT_REVENUE a 
		inner join  ${SUBSYSTEM_SCHEMA}CCI_REPORT_SYSTEM_CTL b
		on a.SYS_CTL_ID =
		b.SYS_CTL_ID
		where 1=1
		<dynamic>
			<isNotEmpty prepend="and" property="sysCtlId">
				a.SYS_CTL_ID =
				#sysCtlId:VARCHAR#
			</isNotEmpty>
		</dynamic>
	</select>

	<select id="selectCounts" parameterClass="com.synesoft.cci.app.form.bbm.CciBusiUnitRevenueForm"
		resultClass="java.lang.Integer">
		select count(*) 
		<!-- add by yb 2017-05-04 Release V1.0 NO.444 start -->
		<include refid="queryCondition"/>
		<!-- add by yb 2017-05-04 Release V1.0 NO.444 end -->
	</select>

	<select id="selectList" resultMap="cciBusiUnitRevenueFormResult"
		parameterClass="com.synesoft.cci.app.form.bbm.CciBusiUnitRevenueForm">
		<!-- update by ld at 20160902 Release V1.0 NO.109-->
		select a.*
		<include refid="CCI_COM_REPORT_SYSTEM_FIELD.selectReportField"/>
		<!-- add by yb 2017-05-04 Release V1.0 NO.444 start -->
		<include refid="queryCondition"/>
		<!-- add by yb 2017-05-04 Release V1.0 NO.444 end -->
		ORDER BY 
			<!-- add by gl 20160612 Release V1.0 NO.6 start--> 
			b.LAST_UPDATE_TIME DESC,
			<!-- add by gl 20160612 Release V1.0 NO.6 end-->
			a.SYS_CTL_ID DESC
	</select>
	<insert id="insert" parameterClass="com.synesoft.cci.app.form.bbm.CciBusiUnitRevenueForm">
		<!-- WARNING - This element is automatically generated by Abator for iBATIS, 
			do not modify. This element was generated on Fri Oct 30 15:02:45 CST 2015. -->
		insert into ${SUBSYSTEM_SCHEMA}CCI_BUSI_UNIT_REVENUE (SYS_CTL_ID,
		FINANCIAL_SUBSIDY_INCOME,
		SUPERIOR_SUBSIDY_INCOME, SUBUNIT_PAYMENT,
		CAREER_INCOME, EXTRA_BUDGETARY_CAPITAL_INCOME,
		OTHER_INCOME,
		CAREER_INCOME_COUNT, BUSI_INCOME, BUSI_INCOME_COUNT,
		DAIL_SPECIAL_FUND,
		DAIL_SPECIAL_FUND_COUNT, TOTAL_INCOME,
		ALLOCATE_FUNDS, PAID_UPPER_EXPENSE, SUBSIDIARY_SUBUNIT,
		CAREER_EXPENSE, FINANCIAL_SUBSIDY_EXPENSE, EXTR_BUDG_CAPI_EXPE,
		SALES_TAX,
		SELF_FINANCING_INFRASTRUCTURE, CAREER_EXPENSE_COUNT,
		BUSI_EXPENSE, SALES_TAX2, BUSI_EXPENSE_COUNT,
		ALLOCATE_SPECIAL_FUND,
		SPECIAL_EXPENSE, SPECIAL_COUNT, TOTAL_EXPENSE,
		CAREER_BALANCE,
		NORMAL_INCOME_BALANCE, RECOVER_BEFORE_BUSI_EXPENSE, BUSI_BALANCE,
		PREVIOUS_ANNUAL_BUSI_LOSS,
		BALANCE_DISTRIBUTION, INCOME_TAX_PAYABLE,
		EXTRACT_SPECIAL_FUND,
		TURN_INTO_CAREER_FUND,
		OTHER_BALANCE_DISTRIBUTION, CUSTOMER_CODE, REPORT_YEAR, REPORT_TYPE,
		REPORT_TYPE_SUBDIVISION,
		BORROWER_NAME, LOAN_CARD_NO, AUDIT_FIRM_NAME,
		AUDITOR_NAME,
		CHECK_TIME_C, BUSI_DATE)
		values (#sysCtlId:VARCHAR#,
		#financialSubsidyIncome:DECIMAL#,
		#superiorSubsidyIncome:DECIMAL#,
		#subunitPayment:DECIMAL#, #careerIncome:DECIMAL#,
		#extraBudgetaryCapitalIncome:DECIMAL#,
		#otherIncome:DECIMAL#,
		#careerIncomeCount:DECIMAL#,
		#busiIncome:DECIMAL#,
		#busiIncomeCount:DECIMAL#, #dailSpecialFund:DECIMAL#,
		#dailSpecialFundCount:DECIMAL#,
		#totalIncome:DECIMAL#,
		#allocateFunds:DECIMAL#,
		#paidUpperExpense:DECIMAL#,
		#subsidiarySubunit:DECIMAL#, #careerExpense:DECIMAL#,
		#financialSubsidyExpense:DECIMAL#,
		#extrBudgCapiExpe:DECIMAL#,
		#salesTax:DECIMAL#,
		#selfFinancingInfrastructure:DECIMAL#,
		#careerExpenseCount:DECIMAL#, #busiExpense:DECIMAL#,
		#salesTax2:DECIMAL#,
		#busiExpenseCount:DECIMAL#,
		#allocateSpecialFund:DECIMAL#, #specialExpense:DECIMAL#,
		#specialCount:DECIMAL#,
		#totalExpense:DECIMAL#,
		#careerBalance:DECIMAL#,
		#normalIncomeBalance:DECIMAL#,
		#recoverBeforeBusiExpense:DECIMAL#, #busiBalance:DECIMAL#,
		#previousAnnualBusiLoss:DECIMAL#,
		#balanceDistribution:DECIMAL#,
		#incomeTaxPayable:DECIMAL#,
		#extractSpecialFund:DECIMAL#,
		#turnIntoCareerFund:DECIMAL#, #otherBalanceDistribution:DECIMAL#,
		#customerCode:VARCHAR#,
		#reportYear:VARCHAR#, #reportType:VARCHAR#,
		#reportTypeSubdivision:VARCHAR#,
		#borrowerName:VARCHAR#,
		#loanCardNo:VARCHAR#, #auditFirmName:VARCHAR#, #auditorName:VARCHAR#,
		#checkTimeC:VARCHAR#, #busiDate:VARCHAR#)
	</insert>
	<update id="updateByPrimaryKey" parameterClass="com.synesoft.cci.app.form.bbm.CciBusiUnitRevenueForm">
		<!-- WARNING - This element is automatically generated by Abator for iBATIS, 
			do not modify. This element was generated on Fri Oct 30 15:02:45 CST 2015. -->
		update ${SUBSYSTEM_SCHEMA}CCI_BUSI_UNIT_REVENUE
		set
		FINANCIAL_SUBSIDY_INCOME = #financialSubsidyIncome:DECIMAL#,
		SUPERIOR_SUBSIDY_INCOME = #superiorSubsidyIncome:DECIMAL#,
		SUBUNIT_PAYMENT = #subunitPayment:DECIMAL#,
		CAREER_INCOME =
		#careerIncome:DECIMAL#,
		EXTRA_BUDGETARY_CAPITAL_INCOME =
		#extraBudgetaryCapitalIncome:DECIMAL#,
		OTHER_INCOME =
		#otherIncome:DECIMAL#,
		CAREER_INCOME_COUNT =
		#careerIncomeCount:DECIMAL#,
		BUSI_INCOME = #busiIncome:DECIMAL#,
		BUSI_INCOME_COUNT = #busiIncomeCount:DECIMAL#,
		DAIL_SPECIAL_FUND =
		#dailSpecialFund:DECIMAL#,
		DAIL_SPECIAL_FUND_COUNT =
		#dailSpecialFundCount:DECIMAL#,
		TOTAL_INCOME = #totalIncome:DECIMAL#,
		ALLOCATE_FUNDS = #allocateFunds:DECIMAL#,
		PAID_UPPER_EXPENSE =
		#paidUpperExpense:DECIMAL#,
		SUBSIDIARY_SUBUNIT =
		#subsidiarySubunit:DECIMAL#,
		CAREER_EXPENSE = #careerExpense:DECIMAL#,
		FINANCIAL_SUBSIDY_EXPENSE = #financialSubsidyExpense:DECIMAL#,
		EXTR_BUDG_CAPI_EXPE = #extrBudgCapiExpe:DECIMAL#,
		SALES_TAX =
		#salesTax:DECIMAL#,
		SELF_FINANCING_INFRASTRUCTURE =
		#selfFinancingInfrastructure:DECIMAL#,
		CAREER_EXPENSE_COUNT =
		#careerExpenseCount:DECIMAL#,
		BUSI_EXPENSE = #busiExpense:DECIMAL#,
		SALES_TAX2 = #salesTax2:DECIMAL#,
		BUSI_EXPENSE_COUNT =
		#busiExpenseCount:DECIMAL#,
		ALLOCATE_SPECIAL_FUND =
		#allocateSpecialFund:DECIMAL#,
		SPECIAL_EXPENSE =
		#specialExpense:DECIMAL#,
		SPECIAL_COUNT = #specialCount:DECIMAL#,
		TOTAL_EXPENSE = #totalExpense:DECIMAL#,
		CAREER_BALANCE =
		#careerBalance:DECIMAL#,
		NORMAL_INCOME_BALANCE =
		#normalIncomeBalance:DECIMAL#,
		RECOVER_BEFORE_BUSI_EXPENSE =
		#recoverBeforeBusiExpense:DECIMAL#,
		BUSI_BALANCE =
		#busiBalance:DECIMAL#,
		PREVIOUS_ANNUAL_BUSI_LOSS =
		#previousAnnualBusiLoss:DECIMAL#,
		BALANCE_DISTRIBUTION =
		#balanceDistribution:DECIMAL#,
		INCOME_TAX_PAYABLE =
		#incomeTaxPayable:DECIMAL#,
		EXTRACT_SPECIAL_FUND =
		#extractSpecialFund:DECIMAL#,
		TURN_INTO_CAREER_FUND =
		#turnIntoCareerFund:DECIMAL#,
		OTHER_BALANCE_DISTRIBUTION =
		#otherBalanceDistribution:DECIMAL#,
		CUSTOMER_CODE =
		#customerCode:VARCHAR#,
		REPORT_YEAR = #reportYear:VARCHAR#,
		REPORT_TYPE
		= #reportType:VARCHAR#,
		REPORT_TYPE_SUBDIVISION =
		#reportTypeSubdivision:VARCHAR#,
		BORROWER_NAME =
		#borrowerName:VARCHAR#,
		LOAN_CARD_NO = #loanCardNo:VARCHAR#,
		AUDIT_FIRM_NAME = #auditFirmName:VARCHAR#,
		AUDITOR_NAME =
		#auditorName:VARCHAR#,
		CHECK_TIME_C = #checkTimeC:VARCHAR#,
		BUSI_DATE =
		#busiDate:VARCHAR#
		<isNotEmpty prepend="," property="batDate">
			BAT_DATE = #batDate#
		</isNotEmpty>
		where SYS_CTL_ID = #sysCtlId:VARCHAR#
	</update>
    <!-- add by gcj Release V1.0 NO.90 金额更新成null 画面后台直连更新专用20160819 start-->
	<update id="updateByPrimaryKeyAll" parameterClass="com.synesoft.cci.app.form.bbm.CciBusiUnitRevenueForm">
		<!-- WARNING - This element is automatically generated by Abator for iBATIS,
			do not modify. This element was generated on Fri Oct 30 15:02:45 CST 2015. -->
		update ${SUBSYSTEM_SCHEMA}CCI_BUSI_UNIT_REVENUE
		set
		FINANCIAL_SUBSIDY_INCOME = #financialSubsidyIncome:DECIMAL#,
		SUPERIOR_SUBSIDY_INCOME = #superiorSubsidyIncome:DECIMAL#,
		SUBUNIT_PAYMENT = #subunitPayment:DECIMAL#,
		CAREER_INCOME =
		#careerIncome:DECIMAL#,
		EXTRA_BUDGETARY_CAPITAL_INCOME =
		#extraBudgetaryCapitalIncome:DECIMAL#,
		OTHER_INCOME =
		#otherIncome:DECIMAL#,
		CAREER_INCOME_COUNT =
		#careerIncomeCount:DECIMAL#,
		BUSI_INCOME = #busiIncome:DECIMAL#,
		BUSI_INCOME_COUNT = #busiIncomeCount:DECIMAL#,
		DAIL_SPECIAL_FUND =
		#dailSpecialFund:DECIMAL#,
		DAIL_SPECIAL_FUND_COUNT =
		#dailSpecialFundCount:DECIMAL#,
		TOTAL_INCOME = #totalIncome:DECIMAL#,
		ALLOCATE_FUNDS = #allocateFunds:DECIMAL#,
		PAID_UPPER_EXPENSE =
		#paidUpperExpense:DECIMAL#,
		SUBSIDIARY_SUBUNIT =
		#subsidiarySubunit:DECIMAL#,
		CAREER_EXPENSE = #careerExpense:DECIMAL#,
		FINANCIAL_SUBSIDY_EXPENSE = #financialSubsidyExpense:DECIMAL#,
		EXTR_BUDG_CAPI_EXPE = #extrBudgCapiExpe:DECIMAL#,
		SALES_TAX =
		#salesTax:DECIMAL#,
		SELF_FINANCING_INFRASTRUCTURE =
		#selfFinancingInfrastructure:DECIMAL#,
		CAREER_EXPENSE_COUNT =
		#careerExpenseCount:DECIMAL#,
		BUSI_EXPENSE = #busiExpense:DECIMAL#,
		SALES_TAX2 = #salesTax2:DECIMAL#,
		BUSI_EXPENSE_COUNT =
		#busiExpenseCount:DECIMAL#,
		ALLOCATE_SPECIAL_FUND =
		#allocateSpecialFund:DECIMAL#,
		SPECIAL_EXPENSE =
		#specialExpense:DECIMAL#,
		SPECIAL_COUNT = #specialCount:DECIMAL#,
		TOTAL_EXPENSE = #totalExpense:DECIMAL#,
		CAREER_BALANCE =
		#careerBalance:DECIMAL#,
		NORMAL_INCOME_BALANCE =
		#normalIncomeBalance:DECIMAL#,
		RECOVER_BEFORE_BUSI_EXPENSE =
		#recoverBeforeBusiExpense:DECIMAL#,
		BUSI_BALANCE =
		#busiBalance:DECIMAL#,
		PREVIOUS_ANNUAL_BUSI_LOSS =
		#previousAnnualBusiLoss:DECIMAL#,
		BALANCE_DISTRIBUTION =
		#balanceDistribution:DECIMAL#,
		INCOME_TAX_PAYABLE =
		#incomeTaxPayable:DECIMAL#,
		EXTRACT_SPECIAL_FUND =
		#extractSpecialFund:DECIMAL#,
		TURN_INTO_CAREER_FUND =
		#turnIntoCareerFund:DECIMAL#,
		OTHER_BALANCE_DISTRIBUTION =
		#otherBalanceDistribution:DECIMAL#,
		CUSTOMER_CODE =
		#customerCode:VARCHAR#,
		REPORT_YEAR = #reportYear:VARCHAR#,
		REPORT_TYPE
		= #reportType:VARCHAR#,
		REPORT_TYPE_SUBDIVISION =
		#reportTypeSubdivision:VARCHAR#,
		BORROWER_NAME =
		#borrowerName:VARCHAR#,
		LOAN_CARD_NO = #loanCardNo:VARCHAR#,
		AUDIT_FIRM_NAME = #auditFirmName:VARCHAR#,
		AUDITOR_NAME =
		#auditorName:VARCHAR#,
		CHECK_TIME_C = #checkTimeC:VARCHAR#,
		BUSI_DATE =
		#busiDate:VARCHAR#
		<!-- add by gcj 20170103 Release V1.0 NO.299 start -->
			<isNotEmpty property="taskId">
				,TASK_ID=
				#taskId#
			</isNotEmpty>
			<isNotEmpty property="stepId">
				,STEP_ID =
				#stepId#
			</isNotEmpty>
			<isNotEmpty property="batDate">
				,BAT_DATE =
				#batDate#
			</isNotEmpty>
			<!-- add by gcj 20170103 Release V1.0 NO.299 end -->
		where SYS_CTL_ID = #sysCtlId:VARCHAR#
	</update>
    <!-- add by gcj Release V1.0 NO.90 金额更新成null 画面后台直连更新专用20160819 end-->
	<delete id="deleteByPrimaryKeyLogic" parameterClass="com.synesoft.cci.app.form.bbm.CciBusiUnitRevenueForm">
		<!-- WARNING - This element is automatically generated by Abator for iBATIS, 
			do not modify. This element was generated on Fri Oct 30 15:02:44 CST 2015. -->
		update ${SUBSYSTEM_SCHEMA}CCI_REPORT_SYSTEM_CTL set
		LOGIC_DELETE_FLAG =
		#logicDeleteFlag:VARCHAR#
		where SYS_CTL_ID = #sysCtlId:VARCHAR#
	</delete>

	<delete id="deleteByPrimaryKey" parameterClass="com.synesoft.cci.app.form.bbm.CciBusiUnitRevenueForm">
		<!-- WARNING - This element is automatically generated by Abator for iBATIS, 
			do not modify. This element was generated on Fri Oct 30 15:02:44 CST 2015. -->
		delete from ${SUBSYSTEM_SCHEMA}CCI_BUSI_UNIT_REVENUE
		where SYS_CTL_ID = #sysCtlId:VARCHAR#
	</delete>

	<update id="optState" parameterClass="com.synesoft.cci.app.form.bbm.CciBusiUnitRevenueForm">
		<!-- WARNING - This element is automatically generated by Abator for iBATIS, 
			do not modify. This element was generated on Fri Oct 30 15:02:44 CST 2015. -->
		update ${SUBSYSTEM_SCHEMA}CCI_REPORT_SYSTEM_CTL set
		LOGIC_DELETE_FLAG =
		#logicDeleteFlag:VARCHAR#
		where SYS_CTL_ID = #sysCtlId:VARCHAR#
	</update>

	<select id="getReportData" parameterClass="java.lang.String"
		resultMap="cciBusiUnitRevenueFormResult">
		select *
		from ${SUBSYSTEM_SCHEMA}CCI_BUSI_UNIT_REVENUE t1
		join ${SUBSYSTEM_SCHEMA}CCI_REPORT_SYSTEM_CTL t2
		on t1.SYS_CTL_ID =
		t2.SYS_CTL_ID
		where 1 = 1
		and t2.RELATION_SYS_CTL_ID = #sysCtl#
		and
		t2.REPORT_FLAG = '3'
	</select>

</sqlMap>
