<?xml version="1.0" encoding="UTF-8" ?>
<!DOCTYPE sqlMap PUBLIC "-//ibatis.apache.org//DTD SQL Map 2.0//EN" "http://ibatis.apache.org/dtd/sql-map-2.dtd" >
<sqlMap namespace="CCI_CODE_DICT">

	<!--<select id="selectLikeByCode" parameterClass="com.synesoft.ump.domain.model.SysRegionInfo"-->
			<!--resultMap="SYS_REGION_INFO.abatorgenerated_SYS_REGION_INFOResult">-->
	<!--<select id="selectLikeByCode" parameterClass="java.util.Map"-->
			<!--resultClass="java.util.HashMap">-->
		<!--select REGION_NUM,-->
			<!--REGION_INFO-->
		<!--from ${UMP_SCHEMA}SYS_REGION_INFO-->
		<!--where 1=1-->
		<!--<dynamic>-->
			<!--<isNotEmpty prepend="and" property="a" >-->
				<!--REGION_LAN = #a#-->
			<!--</isNotEmpty>-->
			<!--<isNotEmpty prepend="and" property="b" >-->
				<!--REGION_NUM LIKE '$b$'-->
			<!--</isNotEmpty>-->
		<!--</dynamic>-->
		<!--ORDER BY REGION_NUM ASC-->
	<!--</select>-->
	<select id="selectLikeByCode" parameterClass="java.util.HashMap"
			resultClass="java.util.HashMap">
		select a.REGION_NUM,
			a.REGION_INFO
        <!-- add by gcj 20170620 Release V1.0 NO.480 start -->
		from ${SUBSYSTEM_SCHEMA}CCI_REGION_INFO a
        <!-- add by gcj 20170620 Release V1.0 NO.480 end -->
		where 1=1
		<dynamic>
			<isNotEmpty prepend="and" property="a" >
				REGION_LAN = #a#
			</isNotEmpty>
			<isNotEmpty prepend="and" property="b" >
				REGION_NUM LIKE '$b$'
			</isNotEmpty>
		</dynamic>
		ORDER BY REGION_NUM ASC
	</select>
</sqlMap>