<?xml version="1.0" encoding="UTF-8" ?>
<!DOCTYPE sqlMap PUBLIC "-//ibatis.apache.org//DTD SQL Map 2.0//EN" "http://ibatis.apache.org/dtd/sql-map-2.dtd" >
<sqlMap namespace="CCI_PROFIT_DISTRIBUT_2002_H">

	<resultMap id="cciProfitDistribut2002FormResult"
		class="com.synesoft.cci.app.form.bbm.CciProfitDistribut2002Form">
		<!-- WARNING - This element is automatically generated by Abator for iBATIS, 
			do not modify. This element was generated on Fri Oct 30 15:02:48 CST 2015. -->
		<result column="SYS_CTL_ID" property="sysCtlId" jdbcType="VARCHAR" />
		<result column="RELATION_FEEDBACK_ID" property="relationFeedbackId" jdbcType="VARCHAR"/>
		<result column="MAIN_BUSI_INCOME" property="mainBusiIncome"
			jdbcType="DECIMAL" />
		<result column="MAIN_BUSI_INCOME_EXPORT" property="mainBusiIncomeExport"
			jdbcType="DECIMAL" />
		<result column="MAIN_BUSI_INCOME_IMPORT" property="mainBusiIncomeImport"
			jdbcType="DECIMAL" />
		<result column="DISCOUNT_REMOVAL" property="discountRemoval"
			jdbcType="DECIMAL" />
		<result column="MAIN_BUSI_INCOME_NET" property="mainBusiIncomeNet"
			jdbcType="DECIMAL" />
		<result column="MAIN_BUSI_COST" property="mainBusiCost"
			jdbcType="DECIMAL" />
		<result column="MAIN_BUSI_COST_EXPORT" property="mainBusiCostExport"
			jdbcType="DECIMAL" />
		<result column="MAIN_BUSI_TAX_ADD" property="mainBusiTaxAdd"
			jdbcType="DECIMAL" />
		<result column="OPERATING_EXPENSE" property="operatingExpense"
			jdbcType="DECIMAL" />
		<result column="OTHER1" property="other1" jdbcType="DECIMAL" />
		<result column="DEFERRED_REVENUE" property="deferredRevenue"
			jdbcType="DECIMAL" />
		<result column="PURCHASING_AGENCY_REVENUE" property="purchasingAgencyRevenue"
			jdbcType="DECIMAL" />
		<result column="OTHER2" property="other2" jdbcType="DECIMAL" />
		<result column="MAIN_BUSI_PROFIT" property="mainBusiProfit"
			jdbcType="DECIMAL" />
		<result column="OTHER_BUSI_PROFIT" property="otherBusiProfit"
			jdbcType="DECIMAL" />
		<result column="BUSI_EXPENSE" property="busiExpense" jdbcType="DECIMAL" />
		<result column="MANAGE_EXPENSE" property="manageExpense"
			jdbcType="DECIMAL" />
		<result column="FINANCIAL_EXPENSE" property="financialExpense"
			jdbcType="DECIMAL" />
		<result column="OTHER3" property="other3" jdbcType="DECIMAL" />
		<result column="BUSI_PROFIT" property="busiProfit" jdbcType="DECIMAL" />
		<result column="INVEST_INCOME" property="investIncome"
			jdbcType="DECIMAL" />
		<result column="FUTURES_INCOME" property="futuresIncome"
			jdbcType="DECIMAL" />
		<result column="SUBSIDIES_INCOME" property="subsidiesIncome"
			jdbcType="DECIMAL" />
		<result column="PRE_SUBSIDIES_INCOME" property="preSubsidiesIncome"
			jdbcType="DECIMAL" />
		<result column="BESIDE_BUSI_INCOME" property="besideBusiIncome"
			jdbcType="DECIMAL" />
		<result column="BESIDE_FIXED_ASSETS_NET" property="besideFixedAssetsNet"
			jdbcType="DECIMAL" />
		<result column="BESIDE_NONMONETARY_NET" property="besideNonmonetaryNet"
			jdbcType="DECIMAL" />
		<result column="BESIDE_INTANGIBLE_ASSETS_NET" property="besideIntangibleAssetsNet"
			jdbcType="DECIMAL" />
		<result column="BESIDE_FINE_NET" property="besideFineNet"
			jdbcType="DECIMAL" />
		<result column="OTHER4" property="other4" jdbcType="DECIMAL" />
		<result column="WAGE_SAVING_PROFIT" property="wageSavingProfit"
			jdbcType="DECIMAL" />
		<result column="BESIDE_BUSI_EXPENSE" property="besideBusiExpense"
			jdbcType="DECIMAL" />
		<result column="BESIDE_FIXED_ASSETS_LOSS" property="besideFixedAssetsLoss"
			jdbcType="DECIMAL" />
		<result column="BESIDE_DEBT_RESTRUCTURING_LOSS" property="besideDebtRestructuringLoss"
			jdbcType="DECIMAL" />
		<result column="BESIDE_FINE_EXPENSE" property="besideFineExpense"
			jdbcType="DECIMAL" />
		<result column="BESIDE_DONATE_EXPENSE" property="besideDonateExpense"
			jdbcType="DECIMAL" />
		<result column="OTHER_LOSS" property="otherLoss" jdbcType="DECIMAL" />
		<result column="OTHER_EXPENSE_BALANCE" property="otherExpenseBalance"
			jdbcType="DECIMAL" />
		<result column="TOTAL_PROFIT" property="totalProfit" jdbcType="DECIMAL" />
		<result column="INCOME_TAX" property="incomeTax" jdbcType="DECIMAL" />
		<result column="SHAREHOLDERS_PROFIT_OR_LOSS" property="shareholdersProfitOrLoss"
			jdbcType="DECIMAL" />
		<result column="UNRECOGNIZED_INVESTMENT_LOSS" property="unrecognizedInvestmentLoss"
			jdbcType="DECIMAL" />
		<result column="NET_PROFIT" property="netProfit" jdbcType="DECIMAL" />
		<result column="UNDISTRIBUTED_PROFIT_BEGIN" property="undistributedProfitBegin"
			jdbcType="DECIMAL" />
		<result column="SURP_RESE_LOSS_SUPP" property="surpReseLossSupp"
			jdbcType="DECIMAL" />
		<result column="OTHER_ADJUSTMENT_FACTOR" property="otherAdjustmentFactor"
			jdbcType="DECIMAL" />
		<result column="PROFIT_ABLE_TO_DISTRIBUTE" property="profitAbleToDistribute"
			jdbcType="DECIMAL" />
		<result column="SINGLE_RETAINED_PROFIT" property="singleRetainedProfit"
			jdbcType="DECIMAL" />
		<result column="SUPPLEMENTAL_LIQUIDITY" property="supplementalLiquidity"
			jdbcType="DECIMAL" />
		<result column="EXTR_STAT_SURP_RESE" property="extrStatSurpRese"
			jdbcType="DECIMAL" />
		<result column="EXTRACT_STATUTORY_WELFARE" property="extractStatutoryWelfare"
			jdbcType="DECIMAL" />
		<result column="EXTRACT_REWARD_WELFARE_FUND" property="extractRewardWelfareFund"
			jdbcType="DECIMAL" />
		<result column="EXTRACT_RESERVE_FUND" property="extractReserveFund"
			jdbcType="DECIMAL" />
		<result column="EXTR_ENTE_DEVE_FUND" property="extrEnteDeveFund"
			jdbcType="DECIMAL" />
		<result column="PROFIT_RETURN_INVESTMENT" property="profitReturnInvestment"
			jdbcType="DECIMAL" />
		<result column="OTHER5" property="other5" jdbcType="DECIMAL" />
		<result column="PROFIT_FOR_INVESTORS_ABLE" property="profitForInvestorsAble"
			jdbcType="DECIMAL" />
		<result column="PREF_STOC_DIVI_TO_PAY" property="prefStocDiviToPay"
			jdbcType="DECIMAL" />
		<result column="EXTRACT_ANY_SURPLUS_RESERVE" property="extractAnySurplusReserve"
			jdbcType="DECIMAL" />
		<result column="COMMON_STOCK_DIVIDENDS_TO_PAY" property="commonStockDividendsToPay"
			jdbcType="DECIMAL" />
		<result column="COMMON_STOCK_DIVIDENDS_SWITCH" property="commonStockDividendsSwitch"
			jdbcType="DECIMAL" />
		<result column="OTHER6" property="other6" jdbcType="DECIMAL" />
		<result column="PROFIT_NOT_DISTRIBUTED" property="profitNotDistributed"
			jdbcType="DECIMAL" />
		<result column="PROFIT_NOT_DISTRIBUTED_OFFSET" property="profitNotDistributedOffset"
			jdbcType="DECIMAL" />
		<result column="CUSTOMER_CODE" property="customerCode"
			jdbcType="VARCHAR" />
		<result column="REPORT_YEAR" property="reportYear" jdbcType="VARCHAR" />
		<result column="REPORT_TYPE" property="reportType" jdbcType="VARCHAR" />
		<result column="REPORT_TYPE_SUBDIVISION" property="reportTypeSubdivision"
			jdbcType="VARCHAR" />
		<result column="BORROWER_NAME" property="borrowerName"
			jdbcType="VARCHAR" />
		<result column="LOAN_CARD_NO" property="loanCardNo" jdbcType="VARCHAR" />
		<result column="AUDIT_FIRM_NAME" property="auditFirmName"
			jdbcType="VARCHAR" />
		<result column="AUDITOR_NAME" property="auditorName" jdbcType="VARCHAR" />
		<result column="CHECK_TIME_C" property="checkTimeC" jdbcType="VARCHAR" />
		<result column="BUSI_DATE" property="busiDate" jdbcType="VARCHAR" />
		<result column="FILE_SEND_DATE" property="fileSendDate"
			jdbcType="VARCHAR" />
		<result column="REPORT_BATCH_NO" property="reportBatchNo"
			jdbcType="VARCHAR" />
		<result column="MSG_RECORD_TRACKING_NO" property="msgRecordTrackingNo"
			jdbcType="VARCHAR" />
		<result column="MSG_RECORD_OPERATE_TYPE" property="msgRecordOperateType"
			jdbcType="VARCHAR" />
		<result column="MSG_RECORD_ROW" property="msgRecordRow"
			jdbcType="VARCHAR" />
		<result column="REPORT_FLAG" property="reportFlag" jdbcType="VARCHAR" />
		<result column="FEEDBACK_FLAG" property="feedbackFlag"
			jdbcType="VARCHAR" />
		<result column="DEPT_ID" property="deptId" jdbcType="VARCHAR" />
		<result column="OPERATING_STATE" property="operatingState"
			jdbcType="VARCHAR" />
		<result column="REPORT_FILE_TYPE" property="reportFileType"
			jdbcType="VARCHAR" />
		<result column="MSG_RECORD_TYPE" property="msgRecordType"
			jdbcType="VARCHAR" />
		<result column="BRANCH_ID" property="branchId" jdbcType="VARCHAR" />
		<result column="BRANCH_NO" property="branchNo" jdbcType="VARCHAR" />
		<result column="RELATION_SYS_CTL_ID" property="relationSysCtlId"
			jdbcType="VARCHAR" />
		<result column="ORG_BASIC_FEEDBACK_FLAG" property="orgBasicFeedbackFlag"
			jdbcType="VARCHAR" />
		<result column="OPERATE_TIME" property="operateTime" jdbcType="VARCHAR" />
		<result column="OPERATER" property="operater" jdbcType="VARCHAR" />
		<result column="CHECK_TIME" property="checkTime" jdbcType="VARCHAR" />
		<result column="CHECK_OPERATOR" property="checkOperator"
			jdbcType="VARCHAR" />
		<result column="CHECK_ADD_MSG" property="checkAddMsg" jdbcType="VARCHAR" />
		<result column="LAST_UPDATE_TIME" property="lastUpdateTime"
			jdbcType="VARCHAR" />
		<result column="LAST_UPDATER" property="lastUpdater" jdbcType="VARCHAR" />
		<result column="LOGIC_DELETE_FLAG" property="logicDeleteFlag"
			jdbcType="VARCHAR" />
		<result column="RECORD_STATUS_FLAG" property="recordStatusFlag"
			jdbcType="VARCHAR" />
		<result column="MESSAGE_TYPE" property="messageType" jdbcType="VARCHAR" />
		
		<result column="SEQ_NUM" property="seqNum" jdbcType="VARCHAR" />
		
	</resultMap>
	<sql id="queryCondition">
		from ${SUBSYSTEM_SCHEMA}CCI_PROFIT_DISTRIBUT_2002_H a
		join ${SUBSYSTEM_SCHEMA}CCI_REPORT_SYSTEM_CTL_H b
		on a.SYS_CTL_ID =
		b.SYS_CTL_ID
		and a.SEQ_NUM=b.SEQ_NUM
		where 1=1
		<dynamic>
		<isNotEmpty prepend="and" property="seqNum">
				a.SEQ_NUM = #seqNum#
			</isNotEmpty>
			<isNotEmpty prepend="and" property="orgInfList">
				<iterate property="orgInfList" open="b.BRANCH_NO IN ("
					close=")" conjunction=",">
					#orgInfList[]#
				</iterate>
			</isNotEmpty>
			<isNotEmpty prepend="and" property="branchId">
				b.BRANCH_ID =
				#branchId:VARCHAR#
			</isNotEmpty>
			<!-- add by gy 2016-11-18 Release V1.0 NO.221 cover 198 start -->
			<isNotEmpty prepend="and" property="logicDeleteFlag">
				b.LOGIC_DELETE_FLAG = #logicDeleteFlag#
			</isNotEmpty>
			<!-- add by gy 2016-11-18 Release V1.0 NO.221 cover 198 end -->
			<!-- add by gy 2016-09-08 Release V1.0 NO.120 start -->
			<isNotEmpty prepend="and" property="busiDateStart">
				<![CDATA[a.BUSI_DATE >=]]> #busiDateStart# 
			</isNotEmpty>
			<isNotEmpty prepend="and" property="busiDateEnd">
				<![CDATA[a.BUSI_DATE <=]]> #busiDateEnd#
			</isNotEmpty>
			<isNotEmpty prepend="and" property="fileSendDateStart">
				<![CDATA[b.FILE_SEND_DATE >=]]> #fileSendDateStart# 
			</isNotEmpty>
			<isNotEmpty prepend="and" property="fileSendDateEnd">
				<![CDATA[b.FILE_SEND_DATE <=]]> #fileSendDateEnd#
			</isNotEmpty>
			<!-- add by gy 2016-09-08 Release V1.0 NO.120 end -->
			<isNotEmpty prepend="and" property="customerCode">
				a.CUSTOMER_CODE =
				#customerCode:VARCHAR#
			</isNotEmpty>
			<isNotEmpty prepend="and" property="reportYear">
				a.REPORT_YEAR =
				#reportYear:VARCHAR#
			</isNotEmpty>
			<isNotEmpty prepend="and" property="reportType">
				a.REPORT_TYPE =
				#reportType:VARCHAR#
			</isNotEmpty>
			<isNotEmpty prepend="and" property="reportTypeSubdivision">
				a.REPORT_TYPE_SUBDIVISION = #reportTypeSubdivision:VARCHAR#
			</isNotEmpty>
			<isNotEmpty prepend="and" property="feedbackFlag">
				b.FEEDBACK_FLAG =
				#feedbackFlag:VARCHAR#
			</isNotEmpty>
			<isNotEmpty prepend="and" property="operatingState">
				b.OPERATING_STATE =
				#operatingState:VARCHAR#
			</isNotEmpty>
			<isNotEmpty prepend="and" property="reportFlag">
				b.REPORT_FLAG =
				#reportFlag:VARCHAR#
			</isNotEmpty>
			<isNotEmpty prepend="and" property="opStsList">
				<iterate property="opStsList" open="b.OPERATING_STATE IN ("
					close=")" conjunction=",">
					#opStsList[]#
				</iterate>
			</isNotEmpty>
			<isNotEmpty prepend="and" property="feedbackFlagList">
				<iterate property="feedbackFlagList" open="b.FEEDBACK_FLAG IN ("
					close=")" conjunction=",">
					#feedbackFlagList[]#
				</iterate>
			</isNotEmpty>
			<isNotEmpty prepend="and" property="fileSendDate">
				b.FILE_SEND_DATE = #fileSendDate#
			</isNotEmpty>
			<isNotEmpty prepend="and" property="reportBatchNo">
				b.REPORT_BATCH_NO = #reportBatchNo#
			</isNotEmpty>
		</dynamic>
	</sql>
	<sql id="queryBizCondition">
		from ${SUBSYSTEM_SCHEMA}CCI_PROFIT_DISTRIBUT_2002 a
		join ${SUBSYSTEM_SCHEMA}CCI_REPORT_SYSTEM_CTL b
		on a.SYS_CTL_ID =
		b.SYS_CTL_ID
		where 1=1
		AND b.FEEDBACK_FLAG = '0'
		<dynamic>
			<!-- add by gy 2016-07-06 Release V1.0 NO.54 start -->
			<isNotEmpty prepend="and" property="logicDeleteFlag">
				b.LOGIC_DELETE_FLAG = #logicDeleteFlag#
			</isNotEmpty>
			<!-- add by gy 2016-11-09 Release V1.0 NO.198 cover 54end -->
			<isNotEmpty prepend="and" property="orgInfList">
				<iterate property="orgInfList" open="b.BRANCH_NO IN ("
					close=")" conjunction=",">
					#orgInfList[]#
				</iterate>
			</isNotEmpty>
			<isNotEmpty prepend="and" property="branchId">
				b.BRANCH_ID =
				#branchId:VARCHAR#
			</isNotEmpty>
			<!-- add by gy 2016-09-08 Release V1.0 NO.120 start -->
			<isNotEmpty prepend="and" property="busiDateStart">
				<![CDATA[a.BUSI_DATE >=]]> #busiDateStart# 
			</isNotEmpty>
			<isNotEmpty prepend="and" property="busiDateEnd">
				<![CDATA[a.BUSI_DATE <=]]> #busiDateEnd#
			</isNotEmpty>
			<isNotEmpty prepend="and" property="fileSendDateStart">
				<![CDATA[b.FILE_SEND_DATE >=]]> #fileSendDateStart# 
			</isNotEmpty>
			<isNotEmpty prepend="and" property="fileSendDateEnd">
				<![CDATA[b.FILE_SEND_DATE <=]]> #fileSendDateEnd#
			</isNotEmpty>
			<!-- add by gy 2016-09-08 Release V1.0 NO.120 end -->
			<isNotEmpty prepend="and" property="customerCode">
				a.CUSTOMER_CODE =
				#customerCode:VARCHAR#
			</isNotEmpty>
			<isNotEmpty prepend="and" property="reportYear">
				a.REPORT_YEAR =
				#reportYear:VARCHAR#
			</isNotEmpty>
			<isNotEmpty prepend="and" property="reportType">
				a.REPORT_TYPE =
				#reportType:VARCHAR#
			</isNotEmpty>
			<isNotEmpty prepend="and" property="reportTypeSubdivision">
				a.REPORT_TYPE_SUBDIVISION = #reportTypeSubdivision:VARCHAR#
			</isNotEmpty>
			<isNotEmpty prepend="and" property="feedbackFlag">
				b.FEEDBACK_FLAG =
				#feedbackFlag:VARCHAR#
			</isNotEmpty>
			<isNotEmpty prepend="and" property="operatingState">
				b.OPERATING_STATE =
				#operatingState:VARCHAR#
			</isNotEmpty>
			<isNotEmpty prepend="and" property="reportFlag">
				b.REPORT_FLAG =
				#reportFlag:VARCHAR#
			</isNotEmpty>
			<isNotEmpty prepend="and" property="opStsList">
				<iterate property="opStsList" open="b.OPERATING_STATE IN ("
					close=")" conjunction=",">
					#opStsList[]#
				</iterate>
			</isNotEmpty>
			<isNotEmpty prepend="and" property="feedbackFlagList">
				<iterate property="feedbackFlagList" open="b.FEEDBACK_FLAG IN ("
					close=")" conjunction=",">
					#feedbackFlagList[]#
				</iterate>
			</isNotEmpty>
			<isNotEmpty prepend="and" property="fileSendDate">
				b.FILE_SEND_DATE = #fileSendDate#
			</isNotEmpty>
			<isNotEmpty prepend="and" property="reportBatchNo">
				b.REPORT_BATCH_NO = #reportBatchNo#
			</isNotEmpty>
		</dynamic>
</sql>
	<select id="selectQryList" resultMap="cciProfitDistribut2002FormResult"
		parameterClass="com.synesoft.cci.app.form.bbm.CciProfitDistribut2002Form">
		SELECT *
		FROM (
		select a.*,
		b.FILE_SEND_DATE,
		b.REPORT_BATCH_NO,
		b.MSG_RECORD_TRACKING_NO,
		b.MSG_RECORD_OPERATE_TYPE,
		b.MSG_RECORD_ROW,
		b.REPORT_FLAG,
		b.FEEDBACK_FLAG,
		b.DEPT_ID,
		b.OPERATING_STATE,
		b.REPORT_FILE_TYPE,
		b.MSG_RECORD_TYPE,
		b.BRANCH_ID,
		b.BRANCH_NO,
		b.RELATION_SYS_CTL_ID,
		b.ORG_BASIC_FEEDBACK_FLAG,
		b.OPERATE_TIME,
		b.OPERATER,
		b.CHECK_TIME,
		b.CHECK_OPERATOR,
		b.CHECK_ADD_MSG,
		b.LAST_UPDATE_TIME,
		b.LAST_UPDATER,
		b.LOGIC_DELETE_FLAG,
		b.DTL_NUM_A,
		b.DTL_NUM_B,
		b.DTL_NUM_C,
		b.DTL_NUM_D,
		b.RECORD_STATUS_FLAG,
		b.MESSAGE_TYPE,
		b.RELATION_FEEDBACK_ID,
		b.START_INDEX,
		b.END_INDEX
		<include refid="queryCondition" />
		UNION ALL
		SELECT '' AS SEQ_NUM,
		a.*,
		b.FILE_SEND_DATE,
		b.REPORT_BATCH_NO,
		b.MSG_RECORD_TRACKING_NO,
		b.MSG_RECORD_OPERATE_TYPE,
		b.MSG_RECORD_ROW,
		b.REPORT_FLAG,
		b.FEEDBACK_FLAG,
		b.DEPT_ID,
		b.OPERATING_STATE,
		b.REPORT_FILE_TYPE,
		b.MSG_RECORD_TYPE,
		b.BRANCH_ID,
		b.BRANCH_NO,
		b.RELATION_SYS_CTL_ID,
		b.ORG_BASIC_FEEDBACK_FLAG,
		b.OPERATE_TIME,
		b.OPERATER,
		b.CHECK_TIME,
		b.CHECK_OPERATOR,
		b.CHECK_ADD_MSG,
		b.LAST_UPDATE_TIME,
		b.LAST_UPDATER,
		b.LOGIC_DELETE_FLAG,
		b.DTL_NUM_A,
		b.DTL_NUM_B,
		b.DTL_NUM_C,
		b.DTL_NUM_D,
		b.RECORD_STATUS_FLAG,
		b.MESSAGE_TYPE,
		b.RELATION_FEEDBACK_ID,
		b.START_INDEX,
		b.END_INDEX
		<include refid="queryBizCondition" />
		) b
		ORDER BY b.SEQ_NUM DESC,
		b.FILE_SEND_DATE DESC,
		b.REPORT_BATCH_NO DESC
	</select>

	<select id="selectQryCounts" parameterClass="com.synesoft.cci.app.form.bbm.CciProfitDistribut2002Form"
		resultClass="java.lang.Integer">
		select count(*)
		FROM (
			<!-- add by gl 20160612 Release V1.0 NO.5 start -->
			select a.sys_ctl_id 
			<include refid="queryCondition" />
			UNION ALL
			SELECT 
				a.sys_ctl_id
		<!-- add by gl 20160612 Release V1.0 NO.5 end -->
			<include refid="queryBizCondition"/>
		) c
	</select>
	
	<select id="selectCounts"
		parameterClass="com.synesoft.cci.app.form.bbm.CciProfitDistribut2002Form"
		resultClass="java.lang.Integer">
		select count(*) 
		<include refid="queryCondition"/>
	</select>

	<select id="selectList" resultMap="cciProfitDistribut2002FormResult"
		parameterClass="com.synesoft.cci.app.form.bbm.CciProfitDistribut2002Form">
		<!-- update by ld at 20160902 Release V1.0 NO.109-->
		select a.*
		<include refid="CCI_COM_REPORT_SYSTEM_FIELD.selectReportHistoryField"/>
		<include refid="queryCondition"/>
		ORDER BY a.seq_Num DESC
	</select>
</sqlMap>