<?xml version="1.0" encoding="UTF-8" ?>
<!DOCTYPE sqlMap PUBLIC "-//ibatis.apache.org//DTD SQL Map 2.0//EN" "http://ibatis.apache.org/dtd/sql-map-2.dtd" >
<sqlMap namespace="CCI_FILE_RECEIVE_CTL">
	<resultMap id="cciFileReceiveCtlResult" class="com.synesoft.cci.domain.model.CciFileReceiveCtl">
		<result column="SYS_CTL_ID" property="sysCtlId" jdbcType="VARCHAR" />
		<result column="FILE_ACCEPT_TIME" property="fileAcceptTime" jdbcType="VARCHAR" />
		<result column="FILE_PATH_ZIP" property="filePathZip" jdbcType="VARCHAR" />
		<result column="FILE_PATH_BE" property="filePathBe" jdbcType="VARCHAR" />
		<result column="FILE_PATH_AF" property="filePathAf" jdbcType="VARCHAR" />
		<result column="FILE_NAME" property="fileName" jdbcType="VARCHAR" />
		<result column="PROCESSING_STATE" property="processingState" jdbcType="VARCHAR" />
		<result column="LAST_UPDATE_TIME" property="lastUpdateTime" jdbcType="VARCHAR" />
		<result column="LAST_UPDATER" property="lastUpdater" jdbcType="VARCHAR" />
		<result column="LOGIC_DELETE_FLAG" property="logicDeleteFlag" jdbcType="VARCHAR" />
	</resultMap>

	<select id="selectList" parameterClass="com.synesoft.cci.domain.model.CciFileReceiveCtl" resultMap="cciFileReceiveCtlResult">
		select * from ${SUBSYSTEM_SCHEMA}CCI_FILE_RECEIVE_CTL
		where 1=1
		<dynamic>
			<isNotEmpty prepend="and" property="processingState">
				PROCESSING_STATE =
				#processingState#
			</isNotEmpty>
		</dynamic>
	</select>
	
	<!-- add by sjh 20170926 Release V1.0 NO.541 start -->
	<select id="selectByFilePathZip" parameterClass="com.synesoft.cci.domain.model.CciFileReceiveCtl" resultMap="cciFileReceiveCtlResult">
		select * from ${SUBSYSTEM_SCHEMA}CCI_FILE_RECEIVE_CTL
		where 1=1
		<dynamic>
			<isNotEmpty prepend="and" property="filePathZip">
				FILE_PATH_ZIP =
				#filePathZip#
			</isNotEmpty>
		</dynamic>
	</select>
	<!-- add by sjh 20170926 Release V1.0 NO.541 end -->
	<select id="selectReceiveFileStr" parameterClass="com.synesoft.cci.domain.model.CciFileReceiveCtl" resultClass="java.lang.String">
		select distinct t.FILE_NAME 
		from ${SUBSYSTEM_SCHEMA}CCI_FILE_RECEIVE_CTL t
		where 1=1
		<dynamic>
			<isNotEmpty prepend="and" property="processingState">
				t.PROCESSING_STATE = #processingState#
			</isNotEmpty>
		</dynamic>
	</select>

	<insert id="insert" parameterClass="com.synesoft.cci.domain.model.CciFileReceiveCtl">
		INSERT INTO
		${SUBSYSTEM_SCHEMA}CCI_FILE_RECEIVE_CTL (
		SYS_CTL_ID, FILE_ACCEPT_TIME, FILE_PATH_ZIP, FILE_PATH_BE,
		FILE_PATH_AF, FILE_NAME, PROCESSING_STATE, LAST_UPDATE_TIME, 
		LAST_UPDATER, LOGIC_DELETE_FLAG)
		values (
		#sysCtlId#,
		#fileAcceptTime:VARCHAR#,
		#filePathZip:VARCHAR#,
		#filePathBe:VARCHAR#,
		#filePathAf:VARCHAR#, #fileName:VARCHAR#, #processingState:VARCHAR#,
		#lastUpdateTime:VARCHAR#,
		#lastUpdater:VARCHAR#, #logicDeleteFlag:VARCHAR#)
	</insert>

	<update id="updateByPrimaryKey" parameterClass="com.synesoft.cci.domain.model.CciFileReceiveCtl">
		UPDATE ${SUBSYSTEM_SCHEMA}CCI_FILE_RECEIVE_CTL
		<dynamic prepend="set">
			<isNotNull prepend="," property="fileAcceptTime">
				FILE_ACCEPT_TIME =
				#fileAcceptTime:VARCHAR#
			</isNotNull>
			<isNotNull prepend="," property="filePathZip">
				FILE_PATH_ZIP =
				#filePathZip:VARCHAR#
			</isNotNull>
			<isNotNull prepend="," property="filePathBe">
				FILE_PATH_BE =
				#filePathBe:VARCHAR#
			</isNotNull>
			<isNotNull prepend="," property="filePathAf">
				FILE_PATH_AF =
				#filePathAf:VARCHAR#
			</isNotNull>
			<isNotNull prepend="," property="processingState">
				PROCESSING_STATE =
				#processingState:VARCHAR#
			</isNotNull>
			<isNotNull prepend="," property="lastUpdateTime">
				LAST_UPDATE_TIME =
				#lastUpdateTime:VARCHAR#
			</isNotNull>
			<isNotNull prepend="," property="lastUpdater">
				LAST_UPDATER =
				#lastUpdater:VARCHAR#
			</isNotNull>
			<isNotNull prepend="," property="logicDeleteFlag">
				LOGIC_DELETE_FLAG =
				#logicDeleteFlag:VARCHAR#
			</isNotNull>
		</dynamic>
		where 1=1
		<dynamic>
			<isNotEmpty prepend="and" property="sysCtlId">
				sys_ctl_id = #sysCtlId#
			</isNotEmpty>
			<isNotEmpty prepend="and" property="fileName">
				FILE_NAME = #fileName#
			</isNotEmpty>
		</dynamic>
	</update>
    
    <!-- add by gcj Release V1.0 NO.90 金额更新成null 画面后台直连更新专用20160819 start-->
	<update id="updateByPrimaryKeyAll" parameterClass="com.synesoft.cci.domain.model.CciFileReceiveCtl">
		UPDATE ${SUBSYSTEM_SCHEMA}CCI_FILE_RECEIVE_CTL
		<dynamic prepend="set">
			FILE_ACCEPT_TIME =
			#fileAcceptTime:VARCHAR#,
			FILE_PATH_ZIP =
			#filePathZip:VARCHAR#,
			FILE_PATH_BE =
			#filePathBe:VARCHAR#,
			FILE_PATH_AF =
			#filePathAf:VARCHAR#,
			PROCESSING_STATE =
			#processingState:VARCHAR#,
			LAST_UPDATE_TIME =
			#lastUpdateTime:VARCHAR#,
			LAST_UPDATER =
			#lastUpdater:VARCHAR#,
			LOGIC_DELETE_FLAG =
			#logicDeleteFlag:VARCHAR#
		</dynamic>
		where 1=1
		<dynamic>
			<isNotEmpty prepend="and" property="sysCtlId">
				sys_ctl_id = #sysCtlId#
			</isNotEmpty>
			<isNotEmpty prepend="and" property="fileName">
				FILE_NAME = #fileName#
			</isNotEmpty>
		</dynamic>
	</update>
    <!-- add by gcj Release V1.0 NO.90 金额更新成null 画面后台直连更新专用20160819 end-->
    <!-- add by gy 20171127 Release V1.0 NO.561 start -->
    <delete id="deleteByPrimaryKey" parameterClass="java.util.HashMap">
    	delete from ${SUBSYSTEM_SCHEMA}CCI_FILE_RECEIVE_CTL
    	where 1=1
		<dynamic>
			<isNotEmpty prepend="and" property="sysCtlId">
				sys_ctl_id = #sysCtlId#
			</isNotEmpty>
			<isNotEmpty prepend="and" property="fileName">
				FILE_NAME = #fileName#
			</isNotEmpty>
		</dynamic>
    </delete>
	<!-- add by gy 20171127 Release V1.0 NO.561 end -->

</sqlMap>