<?xml version="1.0" encoding="UTF-8" ?>
<!DOCTYPE sqlMap PUBLIC "-//ibatis.apache.org//DTD SQL Map 2.0//EN" "http://ibatis.apache.org/dtd/sql-map-2.dtd" >
<sqlMap namespace="CCI_ORGINFO_BASIC_PROPERTY">
	<resultMap id="CciOrginfoBasicPropertyFormResult"
		class="com.synesoft.cci.app.form.obm.CciOrginfoBasicPropertyForm">
		<!-- WARNING - This element is automatically generated by Abator for iBATIS,
			do not modify. This element was generated on Fri Dec 11 17:14:26 CST 2015. -->
		<result column="SYS_CTL_ID" property="sysCtlId" jdbcType="VARCHAR" />
		<result column="CUSTOMER_CODE" property="customerCode" jdbcType="VARCHAR" />
		<result column="ORG_CN_NAME" property="orgCnName" jdbcType="VARCHAR" />
		<result column="ORG_EN_NAME" property="orgEnName" jdbcType="VARCHAR" />
		<result column="REGISTATION_ADDRESS" property="registationAddress" jdbcType="VARCHAR" />
		<result column="NATIONNALITY" property="nationnality" jdbcType="VARCHAR" />
		<result column="REGISTATION_AREA_DIVISION" property="registationAreaDivision" jdbcType="DECIMAL" />
		<result column="ESTABLISH_DATE" property="establishDate" jdbcType="VARCHAR" />
		<result column="PAPER_EXPIRY_DATE" property="paperExpiryDate" jdbcType="VARCHAR" />
		<result column="OPERATING_RANGE" property="operatingRange" jdbcType="VARCHAR" />
		<result column="REGISTERED_CAPITAL_CURRENCY" property="registeredCapitalCurrency" jdbcType="VARCHAR" />
		<result column="REGISTERED_AMOUNT" property="registeredAmount" jdbcType="DECIMAL" />
		<result column="ORG_TYPE" property="orgType" jdbcType="VARCHAR" />
		<result column="ORG_TYPE_CLASSIFY" property="orgTypeClassify" jdbcType="VARCHAR" />
		<result column="ECONOMIC_CLASSIFY" property="economicClassify" jdbcType="VARCHAR" />
		<result column="ECONOMIC_TYPE" property="economicType" jdbcType="VARCHAR" />
		<result column="INFORMATION_UPDATE_DATE_B" property="informationUpdateDateB" jdbcType="VARCHAR" />
		<result column="RSV_B" property="rsvB" jdbcType="VARCHAR" />
		<result column="PARENT_I" property="parentI" jdbcType="VARCHAR" />
		<result column="FILE_SEND_DATE" property="fileSendDate"
			jdbcType="VARCHAR" />
		<result column="REPORT_BATCH_NO" property="reportBatchNo"
			jdbcType="VARCHAR" />
		<result column="MSG_RECORD_TRACKING_NO" property="msgRecordTrackingNo"
			jdbcType="VARCHAR" />
		<result column="MSG_RECORD_OPERATE_TYPE" property="msgRecordOperateType"
			jdbcType="VARCHAR" />
		<result column="MSG_RECORD_ROW" property="msgRecordRow"
			jdbcType="VARCHAR" />
		<result column="REPORT_FLAG" property="reportFlag" jdbcType="VARCHAR" />
		<result column="FEEDBACK_FLAG" property="feedbackFlag"
			jdbcType="VARCHAR" />
		<result column="DEPT_ID" property="deptId" jdbcType="VARCHAR" />
		<result column="OPERATING_STATE" property="operatingState"
			jdbcType="VARCHAR" />
		<result column="REPORT_FILE_TYPE" property="reportFileType"
			jdbcType="VARCHAR" />
		<result column="MSG_RECORD_TYPE" property="msgRecordType"
			jdbcType="VARCHAR" />
		<result column="BRANCH_ID" property="branchId" jdbcType="VARCHAR" />
		<result column="BRANCH_NO" property="branchNo" jdbcType="VARCHAR" />
		<result column="RELATION_SYS_CTL_ID" property="relationSysCtlId"
			jdbcType="VARCHAR" />
		<result column="RELATION_FEEDBACK_ID" property="relationFeedbackId" jdbcType="VARCHAR"/>
		<result column="ORG_BASIC_FEEDBACK_FLAG" property="orgBasicFeedbackFlag"
			jdbcType="VARCHAR" />
		<result column="OPERATE_TIME" property="operateTime" jdbcType="VARCHAR" />
		<result column="OPERATER" property="operater" jdbcType="VARCHAR" />
		<result column="CHECK_TIME" property="checkTime" jdbcType="VARCHAR" />
		<result column="CHECK_OPERATOR" property="checkOperator"
			jdbcType="VARCHAR" />
		<result column="CHECK_ADD_MSG" property="checkAddMsg" jdbcType="VARCHAR" />
		<result column="LAST_UPDATE_TIME" property="lastUpdateTime"
			jdbcType="VARCHAR" />
		<result column="LAST_UPDATER" property="lastUpdater" jdbcType="VARCHAR" />
		<result column="LOGIC_DELETE_FLAG" property="logicDeleteFlag"
			jdbcType="VARCHAR" />
		<result column="RECORD_STATUS_FLAG" property="recordStatusFlag"
			jdbcType="VARCHAR" />
		<result column="MESSAGE_TYPE" property="messageType" jdbcType="VARCHAR" />
		<result column="DTL_NUM_A" property="dtlNumA" jdbcType="VARCHAR" />
		<result column="DTL_NUM_B" property="dtlNumB" jdbcType="VARCHAR" />
		<result column="DTL_NUM_C" property="dtlNumC" jdbcType="VARCHAR" />
		<result column="DTL_NUM_D" property="dtlNumD" jdbcType="VARCHAR" />
		<result column="STATE_FLAG" property="stateFlag" jdbcType="VARCHAR" />
	</resultMap>
	
	<!-- add by yb 2017-05-04 Release V1.0 NO.444 start -->
	<sql id="queryCondition">
    	from ${SUBSYSTEM_SCHEMA}CCI_ORGINFO_BASIC_PROPERTY b
		LEFT JOIN ${SUBSYSTEM_SCHEMA}CCI_REPORT_SYSTEM_CTL f on b.SYS_CTL_ID =
		f.SYS_CTL_ID
		where 1=1
		<dynamic>
			<isNotEmpty prepend="and" property="orgInfList">
				<iterate property="orgInfList" open="f.BRANCH_NO IN ("
					close=")" conjunction=",">
					#orgInfList[]#
				</iterate>
			</isNotEmpty>
			<isNotEmpty prepend="and" property="branchId">
				f.BRANCH_ID =
				#branchId:VARCHAR#
			</isNotEmpty>
			<!-- add by yb 2016-12-01 Release V1.0 NO.B9 start -->
			<isNotEmpty prepend="and" property="informationUpdateDateBStart">
				<![CDATA[b.INFORMATION_UPDATE_DATE_B >=]]> #informationUpdateDateBStart# 
			</isNotEmpty>
			<isNotEmpty prepend="and" property="informationUpdateDateBEnd">
				<![CDATA[b.INFORMATION_UPDATE_DATE_B <=]]> #informationUpdateDateBEnd#
			</isNotEmpty>
			<isNotEmpty prepend="and" property="fileSendDateStart">
				<![CDATA[f.FILE_SEND_DATE >=]]> #fileSendDateStart# 
			</isNotEmpty>
			<isNotEmpty prepend="and" property="fileSendDateEnd">
				<![CDATA[f.FILE_SEND_DATE <=]]> #fileSendDateEnd#
			</isNotEmpty>
			<!-- add by yb 2016-12-01 Release V1.0 NO.B9 end -->
			<isNotEmpty prepend="and" property="customerCode">
				b.CUSTOMER_CODE =
				#customerCode:VARCHAR#
			</isNotEmpty>
			<isNotEmpty prepend="and" property="orgCnName">
				b.ORG_CN_NAME =
				#orgCnName:VARCHAR#
			</isNotEmpty>
			<isNotEmpty prepend="and" property="orgEnName">
				b.ORG_EN_NAME =
				#orgEnName:VARCHAR#
			</isNotEmpty>
			<isNotEmpty prepend="and" property="feedbackFlag">
				f.FEEDBACK_FLAG =
				#feedbackFlag:VARCHAR#
			</isNotEmpty>
			<isNotEmpty prepend="and" property="operatingState">
				f.OPERATING_STATE =
				#operatingState:VARCHAR#
			</isNotEmpty>
			<isNotEmpty prepend="and" property="reportFlag">
				f.REPORT_FLAG =
				#reportFlag:VARCHAR#
			</isNotEmpty>
			<isNotEmpty prepend="and" property="opStsList">
				<iterate property="opStsList" open="f.OPERATING_STATE IN ("
					close=")" conjunction=",">
					#opStsList[]#
				</iterate>
			</isNotEmpty>
			<isNotEmpty prepend="and" property="feedbackFlagList">
				<iterate property="feedbackFlagList" open="f.FEEDBACK_FLAG IN ("
					close=")" conjunction=",">
					#feedbackFlagList[]#
				</iterate>
			</isNotEmpty>
		</dynamic>
		AND f.LOGIC_DELETE_FLAG NOT IN ('1')
	</sql>
	<!-- add by yb 2017-05-04 Release V1.0 NO.444 end -->
    
    <select id="selectByPrimaryKey" resultMap="CciOrginfoBasicPropertyFormResult"
        parameterClass="com.synesoft.cci.app.form.obm.CciOrginfoBasicPropertyForm">
        <!-- update by ld at 20160902 Release V1.0 NO.109-->
		select b.*
		<include refid="CCI_COM_REPORT_SYSTEM_FIELD.selectReportField"/>
        from ${SUBSYSTEM_SCHEMA}CCI_ORGINFO_BASIC_PROPERTY b
        LEFT JOIN ${SUBSYSTEM_SCHEMA}CCI_REPORT_SYSTEM_CTL f 
        on b.SYS_CTL_ID = f.SYS_CTL_ID
        where 1=1
        <dynamic>
            <isNotEmpty prepend="and" property="sysCtlId">
                b.SYS_CTL_ID =
                #sysCtlId:VARCHAR#
            </isNotEmpty>
        </dynamic>
    </select>
    
    <select id="selectByCustmerCode" resultMap="CciOrginfoBasicPropertyFormResult"
        parameterClass="com.synesoft.cci.app.form.obm.CciOrginfoBasicPropertyForm">
        select * from ${SUBSYSTEM_SCHEMA}CCI_ORGINFO_BASIC_PROPERTY b
        LEFT JOIN ${SUBSYSTEM_SCHEMA}CCI_REPORT_SYSTEM_CTL f on b.SYS_CTL_ID =
        f.SYS_CTL_ID
        where 1=1
        and f.LOGIC_DELETE_FLAG != '1'
        and f.FEEDBACK_FLAG != '4'
        <dynamic>
            <isNotEmpty prepend="and" property="customerCode">
                b.CUSTOMER_CODE =
                #customerCode:VARCHAR#
            </isNotEmpty>
        </dynamic>
        <!-- upd by gy 20170424 Release V1.0 NO.440 start -->
        ORDER BY f.CTL_BUSI_DATE DESC
		<!-- upd by gy 20170424 Release V1.0 NO.440 end -->
    </select>
	
	<select id="selectCounts" parameterClass="com.synesoft.cci.app.form.obm.CciOrginfoBasicPropertyForm"
		resultClass="java.lang.Integer">
		select count(*) 
		<!-- add by yb 2017-05-04 Release V1.0 NO.444 start -->
		<include refid="queryCondition"/>
		<!-- add by yb 2017-05-04 Release V1.0 NO.444 end -->
	</select>
	
	<select id="selectList" resultMap="CciOrginfoBasicPropertyFormResult"
		parameterClass="com.synesoft.cci.app.form.obm.CciOrginfoBasicPropertyForm">
		<!-- update by ld at 20160902 Release V1.0 NO.109-->
		select b.*
		<include refid="CCI_COM_REPORT_SYSTEM_FIELD.selectReportField"/>
		<!-- add by yb 2017-05-04 Release V1.0 NO.444 start -->
		<include refid="queryCondition"/>
		<!-- add by yb 2017-05-04 Release V1.0 NO.444 end -->
		ORDER BY
		<!-- add by gl 20160612 Release V1.0 NO.6 start-->
		f.LAST_UPDATE_TIME DESC,
		<!-- add by gl 20160612 Release V1.0 NO.6 end-->
		b.SYS_CTL_ID DESC
	</select>
	
	<update id="updateByPrimaryKey" parameterClass="com.synesoft.cci.app.form.obm.CciOrginfoBasicPropertyForm">
		update ${SUBSYSTEM_SCHEMA}CCI_ORGINFO_BASIC_PROPERTY
		<dynamic prepend="set">
            <isNotNull prepend="," property="customerCode">
              CUSTOMER_CODE = #customerCode:VARCHAR#
            </isNotNull>
            <isNotNull prepend="," property="orgCnName">
              ORG_CN_NAME = #orgCnName:VARCHAR#
            </isNotNull>
            <isNotNull prepend="," property="orgEnName">
              ORG_EN_NAME = #orgEnName:VARCHAR#
            </isNotNull>
            <isNotNull prepend="," property="registationAddress">
              REGISTATION_ADDRESS = #registationAddress:VARCHAR#
            </isNotNull>
            <isNotNull prepend="," property="nationnality">
              NATIONNALITY = #nationnality:VARCHAR#
            </isNotNull>
            <isNotNull prepend="," property="registationAreaDivision">
                REGISTATION_AREA_DIVISION = #registationAreaDivision:DECIMAL#
            </isNotNull>
            <isNotNull prepend="," property="establishDate">
                ESTABLISH_DATE = #establishDate:VARCHAR#
            </isNotNull>
            <isNotNull prepend="," property="paperExpiryDate">
                PAPER_EXPIRY_DATE = #paperExpiryDate:VARCHAR#
            </isNotNull>
            <isNotNull prepend="," property="operatingRange">
                OPERATING_RANGE = #operatingRange:VARCHAR#
            </isNotNull>
            <isNotNull prepend="," property="registeredCapitalCurrency">
                REGISTERED_CAPITAL_CURRENCY = #registeredCapitalCurrency:VARCHAR#
            </isNotNull>
            <isNotNull prepend="," property="registeredAmount">
                REGISTERED_AMOUNT = #registeredAmount:DECIMAL#
            </isNotNull>
            <isNotNull prepend="," property="orgType">
                ORG_TYPE = #orgType:VARCHAR#
            </isNotNull>
            <isNotNull prepend="," property="orgTypeClassify">
                ORG_TYPE_CLASSIFY = #orgTypeClassify:VARCHAR#
            </isNotNull>
            <isNotNull prepend="," property="economicClassify">
                ECONOMIC_CLASSIFY = #economicClassify:VARCHAR#
            </isNotNull>
            <isNotNull prepend="," property="economicType">
                ECONOMIC_TYPE = #economicType:VARCHAR#
            </isNotNull>
            <isNotNull prepend="," property="informationUpdateDateB">
                INFORMATION_UPDATE_DATE_B = #informationUpdateDateB:VARCHAR#
            </isNotNull>
            <isNotNull prepend="," property="rsvB">
              RSV_B = #rsvB:VARCHAR#
            </isNotNull>
            <isNotNull prepend="," property="stateFlag">
              STATE_FLAG = #stateFlag:VARCHAR#
            </isNotNull>
            <isNotNull prepend="," property="parentI">
              PARENT_I = #parentI:VARCHAR#
            </isNotNull>
            <isNotEmpty prepend="," property="batDate">
                BAT_DATE = #batDate#
            </isNotEmpty>
        </dynamic>
		where
		  SYS_CTL_ID = #sysCtlId:VARCHAR#
		AND EXISTS (
			select 1 from ${SUBSYSTEM_SCHEMA}CCI_REPORT_SYSTEM_CTL a
			where a.SYS_CTL_ID = CCI_ORGINFO_BASIC_PROPERTY.SYS_CTL_ID
			AND a.FEEDBACK_FLAG != '4'
			AND a.LOGIC_DELETE_FLAG != '1'
		)
	</update>
    <!-- add by gcj Release V1.0 NO.90 金额更新成null 画面后台直连更新专用20160819 start-->
	<update id="updateByPrimaryKeyAll" parameterClass="com.synesoft.cci.app.form.obm.CciOrginfoBasicPropertyForm">
		update ${SUBSYSTEM_SCHEMA}CCI_ORGINFO_BASIC_PROPERTY
		<dynamic prepend="set">
			CUSTOMER_CODE = #customerCode:VARCHAR#,
			ORG_CN_NAME = #orgCnName:VARCHAR#,
			ORG_EN_NAME = #orgEnName:VARCHAR#,
			REGISTATION_ADDRESS = #registationAddress:VARCHAR#,
			NATIONNALITY = #nationnality:VARCHAR#,
			REGISTATION_AREA_DIVISION = #registationAreaDivision:DECIMAL#,
			ESTABLISH_DATE = #establishDate:VARCHAR#,
			PAPER_EXPIRY_DATE = #paperExpiryDate:VARCHAR#,
			OPERATING_RANGE = #operatingRange:VARCHAR#,
			REGISTERED_CAPITAL_CURRENCY = #registeredCapitalCurrency:VARCHAR#,
			REGISTERED_AMOUNT = #registeredAmount:DECIMAL#,
			ORG_TYPE = #orgType:VARCHAR#,
			ORG_TYPE_CLASSIFY = #orgTypeClassify:VARCHAR#,
			ECONOMIC_CLASSIFY = #economicClassify:VARCHAR#,
			ECONOMIC_TYPE = #economicType:VARCHAR#,
			INFORMATION_UPDATE_DATE_B = #informationUpdateDateB:VARCHAR#,
			RSV_B = #rsvB:VARCHAR#,
			STATE_FLAG = #stateFlag:VARCHAR#,
			PARENT_I = #parentI:VARCHAR#
			<!-- add by gcj 20170103 Release V1.0 NO.299 start -->
			<isNotEmpty property="taskId">
				,TASK_ID=
				#taskId#
			</isNotEmpty>
			<isNotEmpty property="stepId">
				,STEP_ID =
				#stepId#
			</isNotEmpty>
			<isNotEmpty property="batDate">
				,BAT_DATE =
				#batDate#
			</isNotEmpty>
			<!-- add by gcj 20170103 Release V1.0 NO.299 end -->
		</dynamic>
		where
		SYS_CTL_ID = #sysCtlId:VARCHAR#
		AND EXISTS (
		select 1 from ${SUBSYSTEM_SCHEMA}CCI_REPORT_SYSTEM_CTL a
		where a.SYS_CTL_ID = CCI_ORGINFO_BASIC_PROPERTY.SYS_CTL_ID
		AND a.FEEDBACK_FLAG != '4'
		AND a.LOGIC_DELETE_FLAG != '1'
		)
	</update>
    <!-- add by gcj Release V1.0 NO.90 金额更新成null 画面后台直连更新专用20160819 end-->
    <insert id="insert" parameterClass="com.synesoft.cci.app.form.obm.CciOrginfoBasicPropertyForm">
    <!-- WARNING - This element is automatically generated by Abator for iBATIS,
    do not modify. This element was generated on Fri Dec 11 17:14:26 CST 2015. -->
    insert into ${SUBSYSTEM_SCHEMA}CCI_ORGINFO_BASIC_PROPERTY (SYS_CTL_ID,
    CUSTOMER_CODE, ORG_CN_NAME, ORG_EN_NAME,
    REGISTATION_ADDRESS,
    NATIONNALITY, REGISTATION_AREA_DIVISION, ESTABLISH_DATE,
    PAPER_EXPIRY_DATE, OPERATING_RANGE, REGISTERED_CAPITAL_CURRENCY,
    REGISTERED_AMOUNT, ORG_TYPE,
    ORG_TYPE_CLASSIFY, ECONOMIC_CLASSIFY,
    ECONOMIC_TYPE, INFORMATION_UPDATE_DATE_B, RSV_B,
    STATE_FLAG, PARENT_I)
    values
    (#sysCtlId:VARCHAR#, #customerCode:VARCHAR#, #orgCnName:VARCHAR#,
    #orgEnName:VARCHAR#,
    #registationAddress:VARCHAR#,
    #nationnality:VARCHAR#, #registationAreaDivision:DECIMAL#,
    #establishDate:VARCHAR#, #paperExpiryDate:VARCHAR#,
    #operatingRange:VARCHAR#,
    #registeredCapitalCurrency:VARCHAR#,
    #registeredAmount:DECIMAL#, #orgType:VARCHAR#,
    #orgTypeClassify:VARCHAR#, #economicClassify:VARCHAR#,
    #economicType:VARCHAR#,
    #informationUpdateDateB:VARCHAR#,
    #rsvB:VARCHAR#, #stateFlag:VARCHAR#, #parentI:VARCHAR#)
    </insert>
</sqlMap>