<?xml version="1.0" encoding="UTF-8" ?>
<!DOCTYPE sqlMap PUBLIC "-//ibatis.apache.org//DTD SQL Map 2.0//EN" "http://ibatis.apache.org/dtd/sql-map-2.dtd" >
<sqlMap namespace="CCI_ORGINFO_FAMILY_MEMBERS">
	<resultMap id="cciOrginfoFamilyMembersResult"
		class="com.synesoft.cci.domain.model.CciOrginfoFamilyMembers">
		<!-- WARNING - This element is automatically generated by Abator for iBATIS, 
			do not modify. This element was generated on Fri Oct 30 15:02:47 CST 2015. -->
		<result column="SYS_CTL_ID" property="sysCtlId" jdbcType="VARCHAR" />
		<result column="MAJOR_RELATION_NAME" property="majorRelationName"
			jdbcType="VARCHAR" />
		<result column="MAJOR_RELATION_PAPER_TYPE" property="majorRelationPaperType"
			jdbcType="VARCHAR" />
		<result column="MAJOR_RELATION_PAPER_CODE" property="majorRelationPaperCode"
			jdbcType="VARCHAR" />
		<result column="FAMILY_RELATIONSHIP" property="familyRelationship"
			jdbcType="VARCHAR" />
		<result column="FAMILY_MEMBER_NAME" property="familyMemberName"
			jdbcType="VARCHAR" />
		<result column="FAMILY_MEMBER_PAPER_TYPE" property="familyMemberPaperType"
			jdbcType="VARCHAR" />
		<result column="FAMILY_MEMBER_PAPER_CODE" property="familyMemberPaperCode"
			jdbcType="VARCHAR" />
		<result column="RSV_1" property="rsv1" jdbcType="VARCHAR" />
		<result column="CUSTOMER_CODE" property="customerCode"
			jdbcType="VARCHAR" />
		<result column="BORROWER_NAME" property="borrowerName"
			jdbcType="VARCHAR" />
		<result column="LOAN_CARD_NO" property="loanCardNo" jdbcType="VARCHAR" />
		<result column="INFORMATION_UPDATE_DATE" property="informationUpdateDate"
			jdbcType="VARCHAR" />
		<result column="STATE_FLAG" property="stateFlag" jdbcType="VARCHAR" />
	</resultMap>
	<resultMap id="cciOrginfoFamilyMembersFormResult"
		class="com.synesoft.cci.app.form.obm.CciOrginfoFamilyMembersForm">
		<!-- WARNING - This element is automatically generated by Abator for iBATIS, 
			do not modify. This element was generated on Fri Oct 30 15:02:47 CST 2015. -->
		<result column="SYS_CTL_ID" property="sysCtlId" jdbcType="VARCHAR" />
		<result column="RELATION_FEEDBACK_ID" property="relationFeedbackId" jdbcType="VARCHAR"/>
		<result column="MAJOR_RELATION_NAME" property="majorRelationName"
			jdbcType="VARCHAR" />
		<result column="MAJOR_RELATION_PAPER_TYPE" property="majorRelationPaperType"
			jdbcType="VARCHAR" />
		<result column="MAJOR_RELATION_PAPER_CODE" property="majorRelationPaperCode"
			jdbcType="VARCHAR" />
		<result column="FAMILY_RELATIONSHIP" property="familyRelationship"
			jdbcType="VARCHAR" />
		<result column="FAMILY_MEMBER_NAME" property="familyMemberName"
			jdbcType="VARCHAR" />
		<result column="FAMILY_MEMBER_PAPER_TYPE" property="familyMemberPaperType"
			jdbcType="VARCHAR" />
		<result column="FAMILY_MEMBER_PAPER_CODE" property="familyMemberPaperCode"
			jdbcType="VARCHAR" />
		<result column="RSV_1" property="rsv1" jdbcType="VARCHAR" />
		<result column="CUSTOMER_CODE" property="customerCode"
			jdbcType="VARCHAR" />
		<result column="BORROWER_NAME" property="borrowerName"
			jdbcType="VARCHAR" />
		<result column="LOAN_CARD_NO" property="loanCardNo" jdbcType="VARCHAR" />
		<result column="INFORMATION_UPDATE_DATE" property="informationUpdateDate"
			jdbcType="VARCHAR" />
		<result column="FILE_SEND_DATE" property="fileSendDate"
			jdbcType="VARCHAR" />
		<result column="REPORT_BATCH_NO" property="reportBatchNo"
			jdbcType="VARCHAR" />
		<result column="MSG_RECORD_TRACKING_NO" property="msgRecordTrackingNo"
			jdbcType="VARCHAR" />
		<result column="MSG_RECORD_OPERATE_TYPE" property="msgRecordOperateType"
			jdbcType="VARCHAR" />
		<result column="MSG_RECORD_ROW" property="msgRecordRow"
			jdbcType="VARCHAR" />
		<result column="REPORT_FLAG" property="reportFlag" jdbcType="VARCHAR" />
		<result column="FEEDBACK_FLAG" property="feedbackFlag"
			jdbcType="VARCHAR" />
		<result column="DEPT_ID" property="deptId" jdbcType="VARCHAR" />
		<result column="OPERATING_STATE" property="operatingState"
			jdbcType="VARCHAR" />
		<result column="REPORT_FILE_TYPE" property="reportFileType"
			jdbcType="VARCHAR" />
		<result column="MSG_RECORD_TYPE" property="msgRecordType"
			jdbcType="VARCHAR" />
		<result column="BRANCH_ID" property="branchId" jdbcType="VARCHAR" />
		<result column="BRANCH_NO" property="branchNo" jdbcType="VARCHAR" />
		<result column="RELATION_SYS_CTL_ID" property="relationSysCtlId"
			jdbcType="VARCHAR" />
		<result column="ORG_BASIC_FEEDBACK_FLAG" property="orgBasicFeedbackFlag"
			jdbcType="VARCHAR" />
		<result column="OPERATE_TIME" property="operateTime" jdbcType="VARCHAR" />
		<result column="OPERATER" property="operater" jdbcType="VARCHAR" />
		<result column="CHECK_TIME" property="checkTime" jdbcType="VARCHAR" />
		<result column="CHECK_OPERATOR" property="checkOperator"
			jdbcType="VARCHAR" />
		<result column="CHECK_ADD_MSG" property="checkAddMsg" jdbcType="VARCHAR" />
		<result column="LAST_UPDATE_TIME" property="lastUpdateTime"
			jdbcType="VARCHAR" />
		<result column="LAST_UPDATER" property="lastUpdater" jdbcType="VARCHAR" />
		<result column="LOGIC_DELETE_FLAG" property="logicDeleteFlag"
			jdbcType="VARCHAR" />
		<result column="RECORD_STATUS_FLAG" property="recordStatusFlag"
			jdbcType="VARCHAR" />
		<result column="MESSAGE_TYPE" property="messageType" jdbcType="VARCHAR" />
		<result column="STATE_FLAG" property="stateFlag" jdbcType="VARCHAR" />
	</resultMap>
	
	<!-- add by yb 2017-05-04 Release V1.0 NO.444 start -->
	<sql id="queryCondition">
	    from ${SUBSYSTEM_SCHEMA}CCI_ORGINFO_FAMILY_MEMBERS a 
		inner join	${SUBSYSTEM_SCHEMA}CCI_REPORT_SYSTEM_CTL b
		on a.SYS_CTL_ID =
		b.SYS_CTL_ID
		where 1=1
		<dynamic>
			<isNotEmpty prepend="and" property="orgInfList">
				<iterate property="orgInfList" open="b.BRANCH_NO IN ("
					close=")" conjunction=",">
					#orgInfList[]#
				</iterate>
			</isNotEmpty>
			<isNotEmpty prepend="and" property="branchId">
				b.BRANCH_ID =
				#branchId:VARCHAR#
			</isNotEmpty>
			<!-- add by gy 2016-09-13 Release V1.0 NO.120 start -->
			<isNotEmpty prepend="and" property="informationUpdateDateStart">
				<![CDATA[a.INFORMATION_UPDATE_DATE >=]]> #informationUpdateDateStart# 
			</isNotEmpty>
			<isNotEmpty prepend="and" property="informationUpdateDateEnd">
				<![CDATA[a.INFORMATION_UPDATE_DATE <=]]> #informationUpdateDateEnd#
			</isNotEmpty>
			<isNotEmpty prepend="and" property="fileSendDateStart">
				<![CDATA[b.FILE_SEND_DATE >=]]> #fileSendDateStart# 
			</isNotEmpty>
			<isNotEmpty prepend="and" property="fileSendDateEnd">
				<![CDATA[b.FILE_SEND_DATE <=]]> #fileSendDateEnd#
			</isNotEmpty>
			<!-- add by gy 2016-09-13 Release V1.0 NO.120 end -->
			<isNotEmpty prepend="and" property="customerCode">
				a.CUSTOMER_CODE =
				#customerCode:VARCHAR#
			</isNotEmpty>
			<isNotEmpty prepend="and" property="majorRelationPaperType">
				a.MAJOR_RELATION_PAPER_TYPE = #majorRelationPaperType:VARCHAR#
			</isNotEmpty>
			<isNotEmpty prepend="and" property="majorRelationPaperCode">
				a.MAJOR_RELATION_PAPER_CODE = #majorRelationPaperCode:VARCHAR#
			</isNotEmpty>
			<isNotEmpty prepend="and" property="familyRelationship">
				a.FAMILY_RELATIONSHIP =
				#familyRelationship:VARCHAR#
			</isNotEmpty>
			<isNotEmpty prepend="and" property="familyMemberPaperType">
				a.FAMILY_MEMBER_PAPER_TYPE = #familyMemberPaperType:VARCHAR#
			</isNotEmpty>
			<isNotEmpty prepend="and" property="familyMemberPaperCode">
				a.FAMILY_MEMBER_PAPER_CODE = #familyMemberPaperCode:VARCHAR#
			</isNotEmpty>
			<isNotEmpty prepend="and" property="feedbackFlag">
				b.FEEDBACK_FLAG =
				#feedbackFlag:VARCHAR#
			</isNotEmpty>
			<isNotEmpty prepend="and" property="operatingState">
				b.OPERATING_STATE =
				#operatingState:VARCHAR#
			</isNotEmpty>
			<isNotEmpty prepend="and" property="reportFlag">
				b.REPORT_FLAG =
				#reportFlag:VARCHAR#
			</isNotEmpty>
			<isNotEmpty prepend="and" property="opStsList">
				<iterate property="opStsList" open="b.OPERATING_STATE IN ("
					close=")" conjunction=",">
					#opStsList[]#
				</iterate>
			</isNotEmpty>
			<isNotEmpty prepend="and" property="feedbackFlagList">
				<iterate property="feedbackFlagList" open="b.FEEDBACK_FLAG IN ("
					close=")" conjunction=",">
					#feedbackFlagList[]#
				</iterate>
			</isNotEmpty>
		</dynamic>
		AND b.LOGIC_DELETE_FLAG NOT IN ('1')
	</sql>
	<!-- add by yb 2017-05-04 Release V1.0 NO.444 end -->

	<select id="selectByPrimaryKey" resultMap="cciOrginfoFamilyMembersFormResult"
		parameterClass="com.synesoft.cci.app.form.obm.CciOrginfoFamilyMembersForm">
		<!-- update by ld at 20160902 Release V1.0 NO.109-->
		select a.*
		<include refid="CCI_COM_REPORT_SYSTEM_FIELD.selectReportField"/>
		from ${SUBSYSTEM_SCHEMA}CCI_ORGINFO_FAMILY_MEMBERS a 
		inner join ${SUBSYSTEM_SCHEMA}CCI_REPORT_SYSTEM_CTL b
		on a.SYS_CTL_ID =
		b.SYS_CTL_ID
		where 1=1
		<dynamic>
			<isNotEmpty prepend="and" property="sysCtlId">
				a.SYS_CTL_ID =
				#sysCtlId:VARCHAR#
			</isNotEmpty>
		</dynamic>
	</select>

	<select id="selectCounts"
		parameterClass="com.synesoft.cci.app.form.obm.CciOrginfoFamilyMembersForm"
		resultClass="java.lang.Integer">
		select count(*) 
		<!-- add by yb 2017-05-04 Release V1.0 NO.444 start -->
		<include refid="queryCondition"/>
		<!-- add by yb 2017-05-04 Release V1.0 NO.444 end -->
	</select>

	<select id="selectList" resultMap="cciOrginfoFamilyMembersFormResult"
		parameterClass="com.synesoft.cci.app.form.obm.CciOrginfoFamilyMembersForm">
		<!-- update by ld at 20160902 Release V1.0 NO.109-->
		select a.*
		<include refid="CCI_COM_REPORT_SYSTEM_FIELD.selectReportField"/>
		<!-- add by yb 2017-05-04 Release V1.0 NO.444 start -->
		<include refid="queryCondition"/>
		<!-- add by yb 2017-05-04 Release V1.0 NO.444 end -->
		ORDER BY
			<!-- add by gl 20160612 Release V1.0 NO.6 start--> 
			b.LAST_UPDATE_TIME DESC,
			<!-- add by gl 20160612 Release V1.0 NO.6 end-->
			a.SYS_CTL_ID DESC
	</select>

	<insert id="insert"
		parameterClass="com.synesoft.cci.app.form.obm.CciOrginfoFamilyMembersForm">
		<!-- WARNING - This element is automatically generated by Abator for iBATIS, 
			do not modify. This element was generated on Fri Oct 30 15:02:47 CST 2015. -->
		insert into ${SUBSYSTEM_SCHEMA}CCI_ORGINFO_FAMILY_MEMBERS (SYS_CTL_ID,
		MAJOR_RELATION_NAME,
		MAJOR_RELATION_PAPER_TYPE,
		MAJOR_RELATION_PAPER_CODE, FAMILY_RELATIONSHIP, FAMILY_MEMBER_NAME,
		FAMILY_MEMBER_PAPER_TYPE, FAMILY_MEMBER_PAPER_CODE, RSV_1,
		CUSTOMER_CODE, BORROWER_NAME, LOAN_CARD_NO, INFORMATION_UPDATE_DATE,
		STATE_FLAG)
		values (#sysCtlId:VARCHAR#, #majorRelationName:VARCHAR#,
		#majorRelationPaperType:VARCHAR#,
		#majorRelationPaperCode:VARCHAR#,
		#familyRelationship:VARCHAR#, #familyMemberName:VARCHAR#,
		#familyMemberPaperType:VARCHAR#, #familyMemberPaperCode:VARCHAR#,
		#rsv1:VARCHAR#,
		#customerCode:VARCHAR#, #borrowerName:VARCHAR#,
		#loanCardNo:VARCHAR#, #informationUpdateDate:VARCHAR#,
		#stateFlag:VARCHAR#)
	</insert>
	<update id="updateByPrimaryKey"
		parameterClass="com.synesoft.cci.app.form.obm.CciOrginfoFamilyMembersForm">
		<!-- WARNING - This element is automatically generated by Abator for iBATIS, 
			do not modify. This element was generated on Fri Oct 30 15:02:47 CST 2015. -->
		update ${SUBSYSTEM_SCHEMA}CCI_ORGINFO_FAMILY_MEMBERS
		set
		MAJOR_RELATION_NAME = #majorRelationName:VARCHAR#,
		MAJOR_RELATION_PAPER_TYPE = #majorRelationPaperType:VARCHAR#,
		MAJOR_RELATION_PAPER_CODE = #majorRelationPaperCode:VARCHAR#,
		FAMILY_RELATIONSHIP = #familyRelationship:VARCHAR#,
		FAMILY_MEMBER_NAME
		= #familyMemberName:VARCHAR#,
		FAMILY_MEMBER_PAPER_TYPE =
		#familyMemberPaperType:VARCHAR#,
		FAMILY_MEMBER_PAPER_CODE =
		#familyMemberPaperCode:VARCHAR#,
		RSV_1 = #rsv1:VARCHAR#,
		CUSTOMER_CODE =
		#customerCode:VARCHAR#,
		BORROWER_NAME = #borrowerName:VARCHAR#,
		LOAN_CARD_NO = #loanCardNo:VARCHAR#,
		INFORMATION_UPDATE_DATE =
		#informationUpdateDate:VARCHAR#,
		STATE_FLAG = #stateFlag:VARCHAR#
		<isNotEmpty prepend="," property="batDate">
			BAT_DATE = #batDate#
		</isNotEmpty>
		where SYS_CTL_ID = #sysCtlId:VARCHAR#
	</update>
    <!-- add by gcj Release V1.0 NO.90 金额更新成null 画面后台直连更新专用20160819 start-->
	<update id="updateByPrimaryKeyAll"
		parameterClass="com.synesoft.cci.app.form.obm.CciOrginfoFamilyMembersForm">
		<!-- WARNING - This element is automatically generated by Abator for iBATIS,
			do not modify. This element was generated on Fri Oct 30 15:02:47 CST 2015. -->
		update ${SUBSYSTEM_SCHEMA}CCI_ORGINFO_FAMILY_MEMBERS
		set
		MAJOR_RELATION_NAME = #majorRelationName:VARCHAR#,
		MAJOR_RELATION_PAPER_TYPE = #majorRelationPaperType:VARCHAR#,
		MAJOR_RELATION_PAPER_CODE = #majorRelationPaperCode:VARCHAR#,
		FAMILY_RELATIONSHIP = #familyRelationship:VARCHAR#,
		FAMILY_MEMBER_NAME
		= #familyMemberName:VARCHAR#,
		FAMILY_MEMBER_PAPER_TYPE =
		#familyMemberPaperType:VARCHAR#,
		FAMILY_MEMBER_PAPER_CODE =
		#familyMemberPaperCode:VARCHAR#,
		RSV_1 = #rsv1:VARCHAR#,
		CUSTOMER_CODE =
		#customerCode:VARCHAR#,
		BORROWER_NAME = #borrowerName:VARCHAR#,
		LOAN_CARD_NO = #loanCardNo:VARCHAR#,
		INFORMATION_UPDATE_DATE =
		#informationUpdateDate:VARCHAR#,
		STATE_FLAG = #stateFlag:VARCHAR#
		<!-- add by gcj 20170103 Release V1.0 NO.299 start -->
			<isNotEmpty property="taskId">
				,TASK_ID=
				#taskId#
			</isNotEmpty>
			<isNotEmpty property="stepId">
				,STEP_ID =
				#stepId#
			</isNotEmpty>
			<isNotEmpty property="batDate">
				,BAT_DATE =
				#batDate#
			</isNotEmpty>
			<!-- add by gcj 20170103 Release V1.0 NO.299 end -->
		where SYS_CTL_ID = #sysCtlId:VARCHAR#
	</update>
    <!-- add by gcj Release V1.0 NO.90 金额更新成null 画面后台直连更新专用20160819 end-->

	<delete id="deleteByPrimaryKeyLogic"
		parameterClass="com.synesoft.cci.app.form.obm.CciOrginfoFamilyMembersForm">
		<!-- WARNING - This element is automatically generated by Abator for iBATIS, 
			do not modify. This element was generated on Fri Oct 30 15:02:44 CST 2015. -->
		update ${SUBSYSTEM_SCHEMA}CCI_REPORT_SYSTEM_CTL set
		LOGIC_DELETE_FLAG =
		#logicDeleteFlag:VARCHAR#
		where SYS_CTL_ID = #sysCtlId:VARCHAR#
	</delete>

	<delete id="deleteByPrimaryKey"
		parameterClass="com.synesoft.cci.app.form.obm.CciOrginfoFamilyMembersForm">
		<!-- WARNING - This element is automatically generated by Abator for iBATIS, 
			do not modify. This element was generated on Fri Oct 30 15:02:44 CST 2015. -->
		delete from ${SUBSYSTEM_SCHEMA}CCI_ORGINFO_FAMILY_MEMBERS
		where SYS_CTL_ID =
		#sysCtlId:VARCHAR#
	</delete>

	<update id="optState"
		parameterClass="com.synesoft.cci.app.form.obm.CciOrginfoFamilyMembersForm">
		<!-- WARNING - This element is automatically generated by Abator for iBATIS, 
			do not modify. This element was generated on Fri Oct 30 15:02:44 CST 2015. -->
		update ${SUBSYSTEM_SCHEMA}CCI_REPORT_SYSTEM_CTL set
		LOGIC_DELETE_FLAG =
		#logicDeleteFlag:VARCHAR#
		where SYS_CTL_ID = #sysCtlId:VARCHAR#
	</update>
	
	<select id="getReportData" parameterClass="java.lang.String" resultMap="cciOrginfoFamilyMembersResult">
		select *
		from ${SUBSYSTEM_SCHEMA}CCI_ORGINFO_FAMILY_MEMBERS t1
		join ${SUBSYSTEM_SCHEMA}CCI_REPORT_SYSTEM_CTL t2
		on t1.SYS_CTL_ID = t2.SYS_CTL_ID
		where 1 = 1
		and t2.RELATION_SYS_CTL_ID = #sysCtl#
		and t2.REPORT_FLAG = '3'
	</select>
</sqlMap>