<?xml version="1.0" encoding="UTF-8" ?>
<!DOCTYPE sqlMap PUBLIC "-//ibatis.apache.org//DTD SQL Map 2.0//EN" "http://ibatis.apache.org/dtd/sql-map-2.dtd" >
<sqlMap namespace="CCI_ORGINFO_SUPERIOR_MECH_H">
	<resultMap id="CciOrginfoSuperiorMechFormResult"
		class="com.synesoft.cci.app.form.obm.CciOrginfoSuperiorMechForm">
		<result column="SYS_CTL_ID" property="sysCtlId" jdbcType="VARCHAR" />
		<result column="SUPERIOR_ORG_NAME" property="superiorOrgName" jdbcType="VARCHAR" />
		<result column="REGISTRATION_CODE_TYPE_E" property="registrationCodeTypeE" jdbcType="VARCHAR" />
		<result column="REGISTRATION_CODE_E" property="registrationCodeE" jdbcType="VARCHAR" />
		<result column="ORG_CODE_E" property="orgCodeE" jdbcType="VARCHAR" />
		<result column="ORG_CREDIT_CODE_E" property="orgCreditCodeE" jdbcType="VARCHAR" />
		<result column="INFORMATION_UPDATE_DATE_E" property="informationUpdateDateE" jdbcType="VARCHAR" />
		<result column="RSV_E" property="rsvE" jdbcType="VARCHAR" />
		<result column="CUSTOMER_CODE" property="customerCode" jdbcType="VARCHAR" />
		<result column="PARENT_I" property="parentI" jdbcType="VARCHAR" />
		<result column="FILE_SEND_DATE" property="fileSendDate"
			jdbcType="VARCHAR" />
		<result column="REPORT_BATCH_NO" property="reportBatchNo"
			jdbcType="VARCHAR" />
		<result column="MSG_RECORD_TRACKING_NO" property="msgRecordTrackingNo"
			jdbcType="VARCHAR" />
		<result column="MSG_RECORD_OPERATE_TYPE" property="msgRecordOperateType"
			jdbcType="VARCHAR" />
		<result column="MSG_RECORD_ROW" property="msgRecordRow"
			jdbcType="VARCHAR" />
		<result column="REPORT_FLAG" property="reportFlag" jdbcType="VARCHAR" />
		<result column="FEEDBACK_FLAG" property="feedbackFlag"
			jdbcType="VARCHAR" />
		<result column="DEPT_ID" property="deptId" jdbcType="VARCHAR" />
		<result column="OPERATING_STATE" property="operatingState"
			jdbcType="VARCHAR" />
		<result column="REPORT_FILE_TYPE" property="reportFileType"
			jdbcType="VARCHAR" />
		<result column="MSG_RECORD_TYPE" property="msgRecordType"
			jdbcType="VARCHAR" />
		<result column="BRANCH_ID" property="branchId" jdbcType="VARCHAR" />
		<result column="BRANCH_NO" property="branchNo" jdbcType="VARCHAR" />
		<result column="RELATION_SYS_CTL_ID" property="relationSysCtlId"
			jdbcType="VARCHAR" />
		<result column="ORG_BASIC_FEEDBACK_FLAG" property="orgBasicFeedbackFlag"
			jdbcType="VARCHAR" />
		<result column="OPERATE_TIME" property="operateTime" jdbcType="VARCHAR" />
		<result column="OPERATER" property="operater" jdbcType="VARCHAR" />
		<result column="CHECK_TIME" property="checkTime" jdbcType="VARCHAR" />
		<result column="CHECK_OPERATOR" property="checkOperator"
			jdbcType="VARCHAR" />
		<result column="CHECK_ADD_MSG" property="checkAddMsg" jdbcType="VARCHAR" />
		<result column="LAST_UPDATE_TIME" property="lastUpdateTime"
			jdbcType="VARCHAR" />
		<result column="LAST_UPDATER" property="lastUpdater" jdbcType="VARCHAR" />
		<result column="LOGIC_DELETE_FLAG" property="logicDeleteFlag"
			jdbcType="VARCHAR" />
		<result column="RECORD_STATUS_FLAG" property="recordStatusFlag"
			jdbcType="VARCHAR" />
		<result column="MESSAGE_TYPE" property="messageType" jdbcType="VARCHAR" />
		<result column="DTL_NUM_A" property="dtlNumA" jdbcType="VARCHAR" />
		<result column="DTL_NUM_B" property="dtlNumB" jdbcType="VARCHAR" />
		<result column="DTL_NUM_C" property="dtlNumC" jdbcType="VARCHAR" />
		<result column="DTL_NUM_D" property="dtlNumD" jdbcType="VARCHAR" />
		<result column="STATE_FLAG" property="stateFlag" jdbcType="VARCHAR" />
		<result column="ORG_CN_NAME" property="orgCnName" jdbcType="VARCHAR" />
		<result column="ORG_EN_NAME" property="orgEnName" jdbcType="VARCHAR" />
		<result column="SEQ_NUM" property="seqNum" jdbcType="VARCHAR" />
	</resultMap>
	
	<sql id="queryCondition">
		from ${SUBSYSTEM_SCHEMA}CCI_ORGINFO_SUPERIOR_MECH_H b
		LEFT join ${SUBSYSTEM_SCHEMA}CCI_REPORT_SYSTEM_CTL_H f
		on b.SYS_CTL_ID =
		f.SYS_CTL_ID  and b.seq_num=f.seq_num
		LEFT JOIN (
			select a.SEQ_NUM as aseq,
			max(b.SEQ_NUM) as bseq,
			<!-- upd by gy 20170504 Release V1.0 NO.445 start -->
			ORG_CN_NAME, ORG_EN_NAME, a.PARENT_I as PARENT_I
			from ${SUBSYSTEM_SCHEMA}CCI_ORGINFO_SUPERIOR_MECH_H a
			LEFT JOIN ${SUBSYSTEM_SCHEMA}CCI_ORGINFO_BASIC_PROPERTY_H b
			on a.PARENT_I = b.PARENT_I
			and a.SEQ_NUM >= b.SEQ_NUM
			GROUP BY a.SEQ_NUM, ORG_CN_NAME, ORG_EN_NAME, a.PARENT_I
		) c
		on b.SEQ_NUM = c.aseq
		and b.PARENT_I = c.PARENT_I
		<!-- upd by gy 20170504 Release V1.0 NO.445 end -->
		LEFT join ${SUBSYSTEM_SCHEMA}CCI_ORGINFO_BASIC_PROPERTY_H d
		on d.SEQ_NUM = c.bseq
        <!--update by gcj Release V1.0 NO.78 start-->
		and b.PARENT_I = d.PARENT_I
        <!--update by gcj Release V1.0 NO.78 end-->
		where 1=1
		<dynamic>
			<isNotEmpty prepend="and" property="seqNum">
				b.SEQ_NUM = #seqNum#
			</isNotEmpty>
			<isNotEmpty prepend="and" property="orgInfList">
				<iterate property="orgInfList" open="f.BRANCH_NO IN ("
					close=")" conjunction=",">
					#orgInfList[]#
				</iterate>
			</isNotEmpty>
			<isNotEmpty prepend="and" property="branchId">
				f.BRANCH_ID =
				#branchId:VARCHAR#
			</isNotEmpty>
			<!-- add by gy 2016-11-18 Release V1.0 NO.221 cover 198 start -->
			<isNotEmpty prepend="and" property="logicDeleteFlag">
				f.LOGIC_DELETE_FLAG = #logicDeleteFlag#
			</isNotEmpty>
			<!-- add by gy 2016-11-18 Release V1.0 NO.221 cover 198 end -->
			<!-- add by gy 2016-09-13 Release V1.0 NO.120 start -->
			<isNotEmpty prepend="and" property="informationUpdateDateEStart">
				<![CDATA[b.INFORMATION_UPDATE_DATE_E >=]]> #informationUpdateDateEStart# 
			</isNotEmpty>
			<isNotEmpty prepend="and" property="informationUpdateDateEEnd">
				<![CDATA[b.INFORMATION_UPDATE_DATE_E <=]]> #informationUpdateDateEEnd#
			</isNotEmpty>
			<isNotEmpty prepend="and" property="fileSendDateStart">
				<![CDATA[f.FILE_SEND_DATE >=]]> #fileSendDateStart# 
			</isNotEmpty>
			<isNotEmpty prepend="and" property="fileSendDateEnd">
				<![CDATA[f.FILE_SEND_DATE <=]]> #fileSendDateEnd#
			</isNotEmpty>
			<!-- add by gy 2016-09-13 Release V1.0 NO.120 end -->
			<isNotEmpty prepend="and" property="customerCode">
				b.CUSTOMER_CODE =
				#customerCode:VARCHAR#
			</isNotEmpty>
			<isNotEmpty prepend="and" property="orgCnName">
				c.ORG_CN_NAME =
				#orgCnName:VARCHAR#
			</isNotEmpty>
			<isNotEmpty prepend="and" property="orgEnName">
				c.ORG_EN_NAME =
				#orgEnName:VARCHAR#
			</isNotEmpty>
			<isNotEmpty prepend="and" property="feedbackFlag">
				f.FEEDBACK_FLAG =
				#feedbackFlag:VARCHAR#
			</isNotEmpty>
			<isNotEmpty prepend="and" property="operatingState">
				f.OPERATING_STATE =
				#operatingState:VARCHAR#
			</isNotEmpty>
			<isNotEmpty prepend="and" property="reportFlag">
				f.REPORT_FLAG =
				#reportFlag:VARCHAR#
			</isNotEmpty>
			<isNotEmpty prepend="and" property="opStsList">
				<iterate property="opStsList" open="f.OPERATING_STATE IN ("
					close=")" conjunction=",">
					#opStsList[]#
				</iterate>
			</isNotEmpty>
			<isNotEmpty prepend="and" property="fileSendDate">
				f.FILE_SEND_DATE = #fileSendDate#
			</isNotEmpty>
			<isNotEmpty prepend="and" property="reportBatchNo">
				f.REPORT_BATCH_NO = #reportBatchNo#
			</isNotEmpty>
		</dynamic>
	</sql>
	
	<sql id="queryBizCondition">
		<include refid="CCI_ORGINFO_SUPERIOR_MECH.selectFrom" />
		where 1=1
		AND f.FEEDBACK_FLAG = '0'
		<dynamic>
			<!-- add by gy 2016-07-06 Release V1.0 NO.54 start -->
			<isNotEmpty prepend="and" property="logicDeleteFlag">
				f.LOGIC_DELETE_FLAG = #logicDeleteFlag#
			</isNotEmpty>
			<!-- add by gy 2016-11-09 Release V1.0 NO.198 cover 54end -->
			<isNotEmpty prepend="and" property="orgInfList">
				<iterate property="orgInfList" open="f.BRANCH_NO IN ("
					close=")" conjunction=",">
					#orgInfList[]#
				</iterate>
			</isNotEmpty>
			<isNotEmpty prepend="and" property="branchId">
				f.BRANCH_ID =
				#branchId:VARCHAR#
			</isNotEmpty>
			<!-- add by gy 2016-09-13 Release V1.0 NO.120 start -->
			<isNotEmpty prepend="and" property="informationUpdateDateEStart">
				<![CDATA[b.INFORMATION_UPDATE_DATE_E >=]]> #informationUpdateDateEStart# 
			</isNotEmpty>
			<isNotEmpty prepend="and" property="informationUpdateDateEEnd">
				<![CDATA[b.INFORMATION_UPDATE_DATE_E <=]]> #informationUpdateDateEEnd#
			</isNotEmpty>
			<isNotEmpty prepend="and" property="fileSendDateStart">
				<![CDATA[f.FILE_SEND_DATE >=]]> #fileSendDateStart# 
			</isNotEmpty>
			<isNotEmpty prepend="and" property="fileSendDateEnd">
				<![CDATA[f.FILE_SEND_DATE <=]]> #fileSendDateEnd#
			</isNotEmpty>
			<!-- add by gy 2016-09-13 Release V1.0 NO.120 end -->
			<isNotEmpty prepend="and" property="customerCode">
				b.CUSTOMER_CODE =
				#customerCode:VARCHAR#
			</isNotEmpty>
			<isNotEmpty prepend="and" property="orgCnName">
				c.ORG_CN_NAME =
				#orgCnName:VARCHAR#
			</isNotEmpty>
			<isNotEmpty prepend="and" property="orgEnName">
				c.ORG_EN_NAME =
				#orgEnName:VARCHAR#
			</isNotEmpty>
			<isNotEmpty prepend="and" property="feedbackFlag">
				f.FEEDBACK_FLAG =
				#feedbackFlag:VARCHAR#
			</isNotEmpty>
			<isNotEmpty prepend="and" property="operatingState">
				f.OPERATING_STATE =
				#operatingState:VARCHAR#
			</isNotEmpty>
			<isNotEmpty prepend="and" property="reportFlag">
				f.REPORT_FLAG =
				#reportFlag:VARCHAR#
			</isNotEmpty>
			<isNotEmpty prepend="and" property="opStsList">
				<iterate property="opStsList" open="f.OPERATING_STATE IN ("
					close=")" conjunction=",">
					#opStsList[]#
				</iterate>
			</isNotEmpty>
			<isNotEmpty prepend="and" property="fileSendDate">
				f.FILE_SEND_DATE = #fileSendDate#
			</isNotEmpty>
			<isNotEmpty prepend="and" property="reportBatchNo">
				f.REPORT_BATCH_NO = #reportBatchNo#
			</isNotEmpty>
		</dynamic>
	</sql>
	<select id="selectQryList" resultMap="CciOrginfoSuperiorMechFormResult"
		parameterClass="com.synesoft.cci.app.form.obm.CciOrginfoSuperiorMechForm">
		SELECT *
		FROM (
		select
		b.*,
		c.ORG_CN_NAME,
		c.ORG_EN_NAME,
		f.FILE_SEND_DATE,
		f.REPORT_BATCH_NO,
		f.MSG_RECORD_TRACKING_NO,
		f.MSG_RECORD_OPERATE_TYPE,
		f.MSG_RECORD_ROW,
		f.REPORT_FLAG,
		f.FEEDBACK_FLAG,
		f.DEPT_ID,
		f.OPERATING_STATE,
		f.REPORT_FILE_TYPE,
		f.MSG_RECORD_TYPE,
		f.BRANCH_ID,
		f.BRANCH_NO,
		f.RELATION_SYS_CTL_ID,
		f.ORG_BASIC_FEEDBACK_FLAG,
		f.OPERATE_TIME,
		f.OPERATER,
		f.CHECK_TIME,
		f.CHECK_OPERATOR,
		f.CHECK_ADD_MSG,
		f.LAST_UPDATE_TIME,
		f.LAST_UPDATER,
		f.LOGIC_DELETE_FLAG,
		f.DTL_NUM_A,
		f.DTL_NUM_B,
		f.DTL_NUM_C,
		f.DTL_NUM_D,
		f.RECORD_STATUS_FLAG,
		f.MESSAGE_TYPE,
		f.RELATION_FEEDBACK_ID,
		f.START_INDEX,
		f.END_INDEX
		<include refid="queryCondition" />
		UNION ALL
		SELECT '' AS SEQ_NUM,
		b.*,
		c.ORG_CN_NAME,
		c.ORG_EN_NAME,
		f.FILE_SEND_DATE,
		f.REPORT_BATCH_NO,
		f.MSG_RECORD_TRACKING_NO,
		f.MSG_RECORD_OPERATE_TYPE,
		f.MSG_RECORD_ROW,
		f.REPORT_FLAG,
		f.FEEDBACK_FLAG,
		f.DEPT_ID,
		f.OPERATING_STATE,
		f.REPORT_FILE_TYPE,
		f.MSG_RECORD_TYPE,
		f.BRANCH_ID,
		f.BRANCH_NO,
		f.RELATION_SYS_CTL_ID,
		f.ORG_BASIC_FEEDBACK_FLAG,
		f.OPERATE_TIME,
		f.OPERATER,
		f.CHECK_TIME,
		f.CHECK_OPERATOR,
		f.CHECK_ADD_MSG,
		f.LAST_UPDATE_TIME,
		f.LAST_UPDATER,
		f.LOGIC_DELETE_FLAG,
		f.DTL_NUM_A,
		f.DTL_NUM_B,
		f.DTL_NUM_C,
		f.DTL_NUM_D,
		f.RECORD_STATUS_FLAG,
		f.MESSAGE_TYPE,
		f.RELATION_FEEDBACK_ID,
		f.START_INDEX,
		f.END_INDEX
		<include refid="queryBizCondition" />
		) f
		ORDER BY f.SEQ_NUM DESC,
		f.FILE_SEND_DATE DESC,
		f.REPORT_BATCH_NO DESC
	</select>
	
	<select id="selectQryCounts" parameterClass="com.synesoft.cci.app.form.obm.CciOrginfoSuperiorMechForm"
		resultClass="java.lang.Integer">
		select count(*)
		FROM (
		<!-- add by gl 20160612 Release V1.0 NO.5 start -->
		select b.sys_ctl_id
		<include refid="queryCondition" />
		UNION ALL
		SELECT
		b.sys_ctl_id
		<!-- add by gl 20160612 Release V1.0 NO.5 end -->
		<include refid="queryBizCondition"/>
		) c
	</select>
	
	<select id="selectList" resultMap="CciOrginfoSuperiorMechFormResult"
		parameterClass="com.synesoft.cci.app.form.obm.CciOrginfoSuperiorMechForm">
		select
		b.*,
		c.ORG_CN_NAME,
		c.ORG_EN_NAME,
		f.FILE_SEND_DATE,
		f.REPORT_BATCH_NO,
		f.MSG_RECORD_TRACKING_NO,
		f.MSG_RECORD_OPERATE_TYPE,
		f.MSG_RECORD_ROW,
		f.REPORT_FLAG,
		f.FEEDBACK_FLAG,
		f.DEPT_ID,
		f.OPERATING_STATE,
		f.REPORT_FILE_TYPE,
		f.MSG_RECORD_TYPE,
		f.BRANCH_ID,
		f.BRANCH_NO,
		f.RELATION_SYS_CTL_ID,
		f.ORG_BASIC_FEEDBACK_FLAG,
		f.OPERATE_TIME,
		f.OPERATER,
		f.CHECK_TIME,
		f.CHECK_OPERATOR,
		f.CHECK_ADD_MSG,
		f.LAST_UPDATE_TIME,
		f.LAST_UPDATER,
		f.LOGIC_DELETE_FLAG,
		f.DTL_NUM_A,
		f.DTL_NUM_B,
		f.DTL_NUM_C,
		f.DTL_NUM_D,
		f.RECORD_STATUS_FLAG,
		f.MESSAGE_TYPE,
		f.RELATION_FEEDBACK_ID,
		f.START_INDEX,
		f.END_INDEX
		<include refid="queryCondition" />
		ORDER BY b.seqNum DESC
	</select>
	<select id="selectCounts"
		parameterClass="com.synesoft.cci.app.form.obm.CciOrginfoSuperiorMechForm"
		resultClass="java.lang.Integer">
		select count(*)
		<include refid="queryCondition" />
	</select>
</sqlMap>