<?xml version="1.0" encoding="UTF-8" ?>
<!DOCTYPE sqlMap PUBLIC "-//ibatis.apache.org//DTD SQL Map 2.0//EN" "http://ibatis.apache.org/dtd/sql-map-2.dtd" >
<sqlMap namespace="CCI_FINANCE_BUSI_REPAY_INFO">
	<resultMap id="CciFinanceBusiRepayInfoFormResult"
		class="com.synesoft.cci.app.form.cbm.CciFinanceBusiRepayInfoForm">
		<!-- WARNING - This element is automatically generated by Abator for iBATIS, 
			do not modify. This element was generated on Fri Oct 30 15:02:46 CST 2015. -->
		<result column="BORROWER_NAME" property="borrowerName"
			jdbcType="VARCHAR" />
		<result column="RELATION_FEEDBACK_ID" property="relationFeedbackId" jdbcType="VARCHAR"/>
		<result column="PARENT_I" property="parentI" jdbcType="VARCHAR" />
		<result column="PARENT_II" property="parentII" jdbcType="VARCHAR" />

		<result column="SYS_CTL_ID" property="sysCtlId" jdbcType="VARCHAR" />
		<result column="LOAN_CARD_NO" property="loanCardNo" jdbcType="VARCHAR" />
		<result column="FINANCING_AGREEMENT_NO" property="financingAgreementNo"
			jdbcType="VARCHAR" />
		<result column="BUSI_DATE" property="busiDate" jdbcType="VARCHAR" />
		<result column="FINANCING_NO" property="financingNo" jdbcType="VARCHAR" />
		<result column="REPAYMENT_COUNT" property="repaymentCount"
			jdbcType="DECIMAL" />
		<result column="REPAYMENT_AMOUNT" property="repaymentAmount"
			jdbcType="DECIMAL" />
		<result column="REPAYMENT_DATE" property="repaymentDate"
			jdbcType="VARCHAR" />
		<result column="REPAYMENT_TYPE" property="repaymentType"
			jdbcType="VARCHAR" />
		<result column="CUSTOMER_CODE" property="customerCode"
			jdbcType="VARCHAR" />
		<result column="SYS_CTL_ID" property="sysCtlId" jdbcType="VARCHAR" />
		<result column="FILE_SEND_DATE" property="fileSendDate"
			jdbcType="VARCHAR" />
		<result column="REPORT_BATCH_NO" property="reportBatchNo"
			jdbcType="VARCHAR" />
		<result column="MSG_RECORD_TRACKING_NO" property="msgRecordTrackingNo"
			jdbcType="VARCHAR" />
		<result column="MSG_RECORD_OPERATE_TYPE" property="msgRecordOperateType"
			jdbcType="VARCHAR" />
		<result column="MSG_RECORD_ROW" property="msgRecordRow"
			jdbcType="VARCHAR" />
		<result column="REPORT_FLAG" property="reportFlag" jdbcType="VARCHAR" />
		<result column="FEEDBACK_FLAG" property="feedbackFlag"
			jdbcType="VARCHAR" />
		<result column="DEPT_ID" property="deptId" jdbcType="VARCHAR" />
		<result column="OPERATING_STATE" property="operatingState"
			jdbcType="VARCHAR" />
		<result column="REPORT_FILE_TYPE" property="reportFileType"
			jdbcType="VARCHAR" />
		<result column="MSG_RECORD_TYPE" property="msgRecordType"
			jdbcType="VARCHAR" />
		<result column="BRANCH_ID" property="branchId" jdbcType="VARCHAR" />
		<result column="BRANCH_NO" property="branchNo" jdbcType="VARCHAR" />
		<result column="RELATION_SYS_CTL_ID" property="relationSysCtlId"
			jdbcType="VARCHAR" />
		<result column="ORG_BASIC_FEEDBACK_FLAG" property="orgBasicFeedbackFlag"
			jdbcType="VARCHAR" />
		<result column="OPERATE_TIME" property="operateTime" jdbcType="VARCHAR" />
		<result column="OPERATER" property="operater" jdbcType="VARCHAR" />
		<result column="CHECK_TIME" property="checkTime" jdbcType="VARCHAR" />
		<result column="CHECK_OPERATOR" property="checkOperator"
			jdbcType="VARCHAR" />
		<result column="CHECK_ADD_MSG" property="checkAddMsg" jdbcType="VARCHAR" />
		<result column="LAST_UPDATE_TIME" property="lastUpdateTime"
			jdbcType="VARCHAR" />
		<result column="LAST_UPDATER" property="lastUpdater" jdbcType="VARCHAR" />
		<result column="LOGIC_DELETE_FLAG" property="logicDeleteFlag"
			jdbcType="VARCHAR" />
		<result column="RECORD_STATUS_FLAG" property="recordStatusFlag"
			jdbcType="VARCHAR" />
		<result column="MESSAGE_TYPE" property="messageType" jdbcType="VARCHAR" />
		<result column="DTL_NUM_A" property="dtlNumA" jdbcType="VARCHAR" />
		<result column="DTL_NUM_B" property="dtlNumB" jdbcType="VARCHAR" />
		<result column="DTL_NUM_C" property="dtlNumC" jdbcType="VARCHAR" />
		<result column="DTL_NUM_D" property="dtlNumD" jdbcType="VARCHAR" />
	</resultMap>

	<sql id="queryCondition">
		from ${SUBSYSTEM_SCHEMA}CCI_FINANCE_BUSI_REPAY_INFO a
		left join
		${SUBSYSTEM_SCHEMA}CCI_REPORT_SYSTEM_CTL b
		on a.sys_ctl_id=b.sys_ctl_id
		where 1=1
		<dynamic>
			<isNotEmpty prepend="and" property="orgInfList">
				<iterate property="orgInfList" open="b.BRANCH_NO IN ("
					close=")" conjunction=",">
					#orgInfList[]#
				</iterate>
			</isNotEmpty>
			<isNotEmpty prepend="and" property="branchId">
				b.BRANCH_ID =
				#branchId#
			</isNotEmpty>
			<!-- add by yb 2016-11-30 Release V1.0 NO.B9 start -->
			<isNotEmpty prepend="and" property="busiDateStart">
				<![CDATA[a.BUSI_DATE >=]]> #busiDateStart# 
			</isNotEmpty>
			<isNotEmpty prepend="and" property="busiDateEnd">
				<![CDATA[a.BUSI_DATE <=]]> #busiDateEnd#
			</isNotEmpty>
			<isNotEmpty prepend="and" property="fileSendDateStart">
				<![CDATA[b.FILE_SEND_DATE >=]]> #fileSendDateStart# 
			</isNotEmpty>
			<isNotEmpty prepend="and" property="fileSendDateEnd">
				<![CDATA[b.FILE_SEND_DATE <=]]> #fileSendDateEnd#
			</isNotEmpty>
			<!-- add by yb 2016-11-30 Release V1.0 NO.B9 end -->
			<isNotEmpty prepend="and" property="customerCode">
				a.CUSTOMER_CODE =
				#customerCode#
			</isNotEmpty>
			<isNotEmpty prepend="and" property="financingAgreementNo">
				a.FINANCING_AGREEMENT_NO = #financingAgreementNo#
			</isNotEmpty>
			<isNotEmpty prepend="and" property="financingNo">
				a.FINANCING_NO =
				#financingNo#
			</isNotEmpty>
			<isNotEmpty prepend="and" property="busiDate">
				a.BUSI_DATE =
				#busiDate#
			</isNotEmpty>
			<isNotEmpty prepend="and" property="opStsList">
				<iterate property="opStsList" open="b.OPERATING_STATE IN ("
					close=")" conjunction=",">
					#opStsList[]#
				</iterate>
			</isNotEmpty>
			<isNotEmpty prepend="and" property="feedbackFlagList">
				<iterate property="feedbackFlagList" open="b.FEEDBACK_FLAG IN ("
					close=")" conjunction=",">
					#feedbackFlagList[]#
				</iterate>
			</isNotEmpty>
			<isNotEmpty prepend="and" property="reportFlag">
				b.REPORT_FLAG =
				#reportFlag#
			</isNotEmpty>
			<isNotEmpty prepend="and" property="feedbackFlag">
				b.FEEDBACK_FLAG =
				#feedbackFlag#
			</isNotEmpty>
			<!-- 部门过滤 -->
			<isNotEmpty prepend="and" property="deptId">
				b.DEPT_ID = #deptId#
			</isNotEmpty>
			<!-- parentI -->
			<isNotEmpty prepend="and" property="parentI">
				a.parent_I = #parentI#
			</isNotEmpty>
			<!-- parentII -->
			<isNotEmpty prepend="and" property="parentII">
				a.parent_II =
				#parentII#
			</isNotEmpty>
			<isNotEmpty prepend="and" property="operatingState">
				b.operating_state = #operatingState#
			</isNotEmpty>
		</dynamic>
		<!-- 逻辑删除标志 -->
		AND b.LOGIC_DELETE_FLAG NOT IN ('1')
	</sql>

	<select id="selectList"
		parameterClass="com.synesoft.cci.app.form.cbm.CciFinanceBusiRepayInfoForm"
		resultMap="CciFinanceBusiRepayInfoFormResult">
		<!-- update by ld at 20160902 Release V1.0 NO.109-->
		select a.*
		<include refid="CCI_COM_REPORT_SYSTEM_FIELD.selectReportField"/>
		<include refid="queryCondition" />
		ORDER BY
			<!-- add by gl 20160612 Release V1.0 NO.6 start--> 
			b.LAST_UPDATE_TIME DESC,
			<!-- add by gl 20160612 Release V1.0 NO.6 end-->
			a.SYS_CTL_ID DESC
	</select>

	<select id="selectCounts"
		parameterClass="com.synesoft.cci.app.form.cbm.CciFinanceBusiRepayInfoForm"
		resultClass="java.lang.Integer">
		select count(*)
		<include refid="queryCondition" />
	</select>

	<select id="selectByPrimaryKey"
		parameterClass="com.synesoft.cci.app.form.cbm.CciFinanceBusiRepayInfoForm"
		resultMap="CciFinanceBusiRepayInfoFormResult">
		<!-- update by ld at 20160902 Release V1.0 NO.109-->
		select a.*
		<include refid="CCI_COM_REPORT_SYSTEM_FIELD.selectReportField"/>
		from ${SUBSYSTEM_SCHEMA}CCI_FINANCE_BUSI_REPAY_INFO a
		left join ${SUBSYSTEM_SCHEMA}CCI_REPORT_SYSTEM_CTL b
		on a.sys_ctl_id=b.sys_ctl_id
		where 1=1
		<dynamic>
			<isNotEmpty prepend="and" property="sysCtlId">
				a.sys_ctl_id =
				#sysCtlId#
			</isNotEmpty>
		</dynamic>
	</select>

	<insert id="insert"
		parameterClass="com.synesoft.cci.app.form.cbm.CciFinanceBusiRepayInfoForm">
		insert into
		${SUBSYSTEM_SCHEMA}CCI_FINANCE_BUSI_REPAY_INFO (
		BORROWER_NAME,
		PARENT_I, PARENT_II,
		SYS_CTL_ID, LOAN_CARD_NO, FINANCING_AGREEMENT_NO,
		BUSI_DATE, FINANCING_NO, REPAYMENT_COUNT, REPAYMENT_AMOUNT,
		REPAYMENT_DATE,
		REPAYMENT_TYPE,
		CUSTOMER_CODE)
		values (
		#borrowerName#,
		#parentI#, #parentII#,
		#sysCtlId#, #loanCardNo#,
		#financingAgreementNo#,
		#busiDate#, #financingNo#, #repaymentCount#,
		#repaymentAmount:DECIMAL#,
		#repaymentDate#, #repaymentType#,
		#customerCode#)
	</insert>

	<update id="updateByPrimaryKey"
		parameterClass="com.synesoft.cci.app.form.cbm.CciFinanceBusiRepayInfoForm">
		UPDATE ${SUBSYSTEM_SCHEMA}CCI_FINANCE_BUSI_REPAY_INFO
		<dynamic prepend="set">
			<isNotNull prepend="," property="borrowerName">
				BORROWER_NAME =
				#borrowerName#
			</isNotNull>
			<isNotNull prepend="," property="parentI">
				PARENT_I = #parentI#
			</isNotNull>
			<isNotNull prepend="," property="parentII">
				PARENT_II = #parentII#
			</isNotNull>

			<isNotNull prepend="," property="loanCardNo">
				LOAN_CARD_NO = #loanCardNo#
			</isNotNull>
			<isNotNull prepend="," property="financingAgreementNo">
				FINANCING_AGREEMENT_NO =
				#financingAgreementNo#
			</isNotNull>
			<isNotNull prepend="," property="busiDate">
				BUSI_DATE = #busiDate#
			</isNotNull>
			<isNotNull prepend="," property="financingNo">
				FINANCING_NO =
				#financingNo#
			</isNotNull>
			<isNotNull prepend="," property="repaymentCount">
				REPAYMENT_COUNT =
				#repaymentCount#
			</isNotNull>
			<isNotNull prepend="," property="repaymentAmount">
				REPAYMENT_AMOUNT =
				#repaymentAmount:DECIMAL#
			</isNotNull>
			<isNotNull prepend="," property="repaymentDate">
				REPAYMENT_DATE =
				#repaymentDate#
			</isNotNull>
			<isNotNull prepend="," property="repaymentType">
				REPAYMENT_TYPE =
				#repaymentType#
			</isNotNull>
			<isNotNull prepend="," property="customerCode">
				CUSTOMER_CODE =
				#customerCode#
			</isNotNull>
			<isNotEmpty prepend="," property="batDate">
			    BAT_DATE = #batDate#
		    </isNotEmpty>
		</dynamic>
		where 1=1
		<dynamic>
			<isNotEmpty prepend="and" property="sysCtlId">
				sys_ctl_id = #sysCtlId#
			</isNotEmpty>
		</dynamic>
	</update>
    
    <!-- add by gcj Release V1.0 NO.90 金额更新成null 画面后台直连更新专用20160819 start-->
	<update id="updateByPrimaryKeyAll"
		parameterClass="com.synesoft.cci.app.form.cbm.CciFinanceBusiRepayInfoForm">
		UPDATE ${SUBSYSTEM_SCHEMA}CCI_FINANCE_BUSI_REPAY_INFO
		<dynamic prepend="set">
			BORROWER_NAME =
			#borrowerName#,
			PARENT_I = #parentI#,
			PARENT_II = #parentII#,
			LOAN_CARD_NO = #loanCardNo#,
			FINANCING_AGREEMENT_NO =
			#financingAgreementNo#,
			BUSI_DATE = #busiDate#,
			FINANCING_NO =
			#financingNo#,
			REPAYMENT_COUNT =
			#repaymentCount#,
			REPAYMENT_AMOUNT =
			#repaymentAmount:DECIMAL#,
			REPAYMENT_DATE =
			#repaymentDate#,
			REPAYMENT_TYPE =
			#repaymentType#,
			CUSTOMER_CODE =
			#customerCode#
			<!-- add by gcj 20170103 Release V1.0 NO.299 start -->
			<isNotEmpty property="taskId">
				,TASK_ID=
				#taskId#
			</isNotEmpty>
			<isNotEmpty property="stepId">
				,STEP_ID =
				#stepId#
			</isNotEmpty>
			<isNotEmpty property="batDate">
				,BAT_DATE =
				#batDate#
			</isNotEmpty>
			<!-- add by gcj 20170103 Release V1.0 NO.299 end -->
		</dynamic>
		where 1=1
		<dynamic>
			<isNotEmpty prepend="and" property="sysCtlId">
				sys_ctl_id = #sysCtlId#
			</isNotEmpty>
		</dynamic>
	</update>
    <!-- add by gcj Release V1.0 NO.90 金额更新成null 画面后台直连更新专用20160819 end-->

	<update id="updateByOtherKey"
			parameterClass="com.synesoft.cci.app.form.cbm.CciFinanceBusiRepayInfoForm">
		UPDATE ${SUBSYSTEM_SCHEMA}CCI_FINANCE_BUSI_REPAY_INFO
		<dynamic prepend="set">
			<isNotNull prepend="," property="borrowerName">
				BORROWER_NAME =
				#borrowerName#
			</isNotNull>
			<isNotNull prepend="," property="parentI">
				PARENT_I = #parentI#
			</isNotNull>
			<isNotNull prepend="," property="parentII">
				PARENT_II = #parentII#
			</isNotNull>

			<isNotNull prepend="," property="loanCardNo">
				LOAN_CARD_NO = #loanCardNo#
			</isNotNull>
			<isNotNull prepend="," property="financingAgreementNo">
				FINANCING_AGREEMENT_NO =
				#financingAgreementNo#
			</isNotNull>
			<isNotNull prepend="," property="busiDate">
				BUSI_DATE = #busiDate#
			</isNotNull>
			<isNotNull prepend="," property="financingNo">
				FINANCING_NO =
				#financingNo#
			</isNotNull>
			<isNotNull prepend="," property="repaymentCount">
				REPAYMENT_COUNT =
				#repaymentCount#
			</isNotNull>
			<isNotNull prepend="," property="repaymentAmount">
				REPAYMENT_AMOUNT =
				#repaymentAmount:DECIMAL#
			</isNotNull>
			<isNotNull prepend="," property="repaymentDate">
				REPAYMENT_DATE =
				#repaymentDate#
			</isNotNull>
			<isNotNull prepend="," property="repaymentType">
				REPAYMENT_TYPE =
				#repaymentType#
			</isNotNull>
			<isNotNull prepend="," property="customerCode">
				CUSTOMER_CODE =
				#customerCode#
			</isNotNull>
		</dynamic>
		where 1=1
		<dynamic>
			<isNotEmpty prepend="and" property="financingAgreementNoCndsn">
				FINANCING_AGREEMENT_NO = #financingAgreementNoCndsn#
			</isNotEmpty>
		</dynamic>
		<dynamic>
			<isNotEmpty prepend="and" property="financingNoCndsn">
				FINANCING_NO = #financingNoCndsn#
			</isNotEmpty>
		</dynamic>
	</update>

	<delete id="deleteByPrimaryKey"
		parameterClass="com.synesoft.cci.app.form.cbm.CciFinanceBusiRepayInfoForm">
		DELETE FROM
		${SUBSYSTEM_SCHEMA}CCI_FINANCE_BUSI_REPAY_INFO
		where 1=1
		<dynamic>
			<isNotEmpty prepend="and" property="sysCtlId">
				sys_ctl_id = #sysCtlId#
			</isNotEmpty>
		</dynamic>
	</delete>

	<update id="updateBySuperKey"
		parameterClass="com.synesoft.cci.app.form.cbm.CciFinanceBusiRepayInfoForm">
		UPDATE ${SUBSYSTEM_SCHEMA}CCI_FINANCE_BUSI_REPAY_INFO
		<dynamic prepend="set">
			<isNotNull prepend="," property="loanCardNo">
				LOAN_CARD_NO = #loanCardNo#
			</isNotNull>
			<isNotNull prepend="," property="financingAgreementNo">
				FINANCING_AGREEMENT_NO =
				#financingAgreementNo#
			</isNotNull>
			<isNotNull prepend="," property="customerCode">
				CUSTOMER_CODE =
				#customerCode#
			</isNotNull>
			<isNotNull prepend="," property="borrowerName">
				BORROWER_NAME =
				#borrowerName#
			</isNotNull>
			<isNotNull prepend="," property="financingNo">
				FINANCING_NO =
				#financingNo#
			</isNotNull>
		</dynamic>
		where 1=1
		<dynamic>
			<isNotEmpty prepend="and" property="parentI">
				PARENT_I = #parentI#
			</isNotEmpty>
			<isNotEmpty prepend="and" property="parentII">
				PARENT_II = #parentII#
			</isNotEmpty>
		</dynamic>
	</update>

	<!-- 更新控制表父sysCtlId的dtlNum -->
	<update id="updateParentBySuperKey"
		parameterClass="com.synesoft.cci.app.form.cbm.CciFinanceBusiRepayInfoForm">
		UPDATE ${SUBSYSTEM_SCHEMA}CCI_REPORT_SYSTEM_CTL
		SET
		DTL_NUM_B = (
		select
		count(*) from ${SUBSYSTEM_SCHEMA}cci_report_system_ctl
		where sys_ctl_id in (
		select
		t.sys_ctl_id from ${SUBSYSTEM_SCHEMA}CCI_FINANCE_BUSI_REPAY_INFO t
		where 1=1
		<dynamic>
			<isNotEmpty prepend="and" property="parentI">
				t.parent_I=#parentI#
			</isNotEmpty>
			<isNotEmpty prepend="and" property="parentII">
				t.parent_II=#parentII#
			</isNotEmpty>
		</dynamic>
		)
		and operating_state ='21'
		and logic_delete_flag !='1'
		)
		where 1=1
		<dynamic>
			<isNotEmpty prepend="and" property="parentII">
				sys_ctl_id = #parentII#
			</isNotEmpty>
		</dynamic>
	</update>

	<select id="selectParentCounts"
		parameterClass="com.synesoft.cci.app.form.cbm.CciFinanceBusiRepayInfoForm"
		resultClass="java.lang.Integer">
		select COUNT(*) from ${SUBSYSTEM_SCHEMA}CCI_FINANCE_BUSI_REPAY_INFO a
		left join ${SUBSYSTEM_SCHEMA}CCI_REPORT_SYSTEM_CTL b
		on
		a.sys_ctl_id=b.sys_ctl_id
		where 1=1
		<dynamic>
			<isNotEmpty prepend="and" property="parentI">
				a.parent_I = #parentI#
			</isNotEmpty>
			<isNotEmpty prepend="and" property="parentII">
				a.parent_II =
				#parentII#
			</isNotEmpty>
			<isNotEmpty prepend="and" property="opStsList">
				<iterate property="opStsList" open="b.OPERATING_STATE NOT IN ("
					close=")" conjunction=",">
					#opStsList[]#
				</iterate>
			</isNotEmpty>
		</dynamic>
		<!-- 逻辑删除标志 -->
		AND b.LOGIC_DELETE_FLAG NOT IN ('1')
	</select>

	<select id="getReportData" parameterClass="java.lang.String"
		resultMap="CciFinanceBusiRepayInfoFormResult">
		select *
		from ${SUBSYSTEM_SCHEMA}CCI_FINANCE_BUSI_REPAY_INFO
		t1
		join ${SUBSYSTEM_SCHEMA}CCI_REPORT_SYSTEM_CTL t2
		on t1.SYS_CTL_ID =
		t2.SYS_CTL_ID
		where 1 = 1
		and t2.RELATION_SYS_CTL_ID = #sysCtl#
		and
		t2.REPORT_FLAG = '3'
	</select>

	<select id="getValidateData" resultMap="CciFinanceBusiRepayInfoFormResult">
		select *
		from
		${SUBSYSTEM_SCHEMA}CCI_FINANCE_BUSI_REPAY_INFO t1
		join
		${SUBSYSTEM_SCHEMA}CCI_REPORT_SYSTEM_CTL t2
		on t1.SYS_CTL_ID =
		t2.SYS_CTL_ID
		where 1 = 1
		and t2.logic_delete_flag = '0'
		and
		t2.REPORT_FLAG in ('0', '1', '2')
	</select>

</sqlMap>