<?xml version="1.0" encoding="UTF-8" ?>
<!DOCTYPE sqlMap PUBLIC "-//ibatis.apache.org//DTD SQL Map 2.0//EN" "http://ibatis.apache.org/dtd/sql-map-2.dtd" >
<sqlMap namespace="CCI_DATA_CHECK">
    <resultMap id="CciDataCheckResult"
		class="com.synesoft.cci.domain.model.CciDataCheck">
		<result column="REPORT_FILE_TYPE" property="reportFileType" jdbcType="VARCHAR" />
		<result column="DATA_CHECK_STATE" property="dataCheckState" jdbcType="VARCHAR"/>
    </resultMap>
	<!-- write by hlp 20161228 Release V1.0 NO.301-->
	<update id="updateDataCheckState" parameterClass="com.synesoft.cci.domain.model.CciDataCheck">
		UPDATE ${SUBSYSTEM_SCHEMA}cci_data_check set data_check_state=#dataCheckState#<!-- upd by gy 20171016 Release V1.0 NO.547 -->
		WHERE 1=1 
		AND report_file_type=#reportFileType#
	</update>
	<select id="selectDataCheckStateByReportFileType" parameterClass="java.lang.String" resultClass="java.lang.String">
		SELECT  data_check_state 
		FROM ${SUBSYSTEM_SCHEMA}cci_data_check <!-- upd by gy 20171016 Release V1.0 NO.547 -->
		WHERE report_file_type=#reportFileType#
	</select> 
</sqlMap>
