<?xml version="1.0" encoding="UTF-8" ?>
<!DOCTYPE sqlMap PUBLIC "-//ibatis.apache.org//DTD SQL Map 2.0//EN" "http://ibatis.apache.org/dtd/sql-map-2.dtd" >
<sqlMap namespace="CCI_REPORT_DATA_STATISTICS">
	<resultMap id="cciReportDataStatisticsResult"
		class="com.synesoft.cci.domain.model.CciReportDataStatistics">
		<!-- WARNING - This element is automatically generated by Abator for iBATIS, 
			do not modify. This element was generated on Fri Oct 30 15:02:48 CST 2015. -->
		<result column="SYS_CTL_ID" property="sysCtlId" jdbcType="VARCHAR" />
		<result column="FILE_FIN_FLAG" property="fileFinFlag" jdbcType="VARCHAR" />
		<result column="LAST_TERM_NO" property="lastTermNo" jdbcType="VARCHAR" />
		<result column="REPORT_FILE_NAME_BE" property="reportFileNameBe"
			jdbcType="VARCHAR" />
		<result column="REPORT_FILE_NAME_AF" property="reportFileNameAf"
			jdbcType="VARCHAR" />
			
		<result column="FEEDBACK_FILE_NAME" property="feedbackFileName"
			jdbcType="VARCHAR" />

		<result column="FILE_SEND_DATE" property="fileSendDate"
			jdbcType="VARCHAR" />
		<result column="REPORT_BATCH_NO" property="reportBatchNo"
			jdbcType="VARCHAR" />
		<result column="REPORT_FILE_TYPE" property="reportFileType"
			jdbcType="VARCHAR" />
		<result column="REDO_TYPE" property="redoType" jdbcType="VARCHAR" />
		<result column="PROCESSING_STATE" property="processingState"
			jdbcType="VARCHAR" />
		<result column="REPORT_COUNT" property="reportCount" jdbcType="DECIMAL" />
		<result column="FEEDBACK_COUNT" property="feedbackCount"
			jdbcType="DECIMAL" />
		<result column="SUCCESS_COUNT" property="successCount"
			jdbcType="DECIMAL" />
		<result column="FAIL_COUNT" property="failCount" jdbcType="DECIMAL" />
		<result column="FEEDBACK_ANALYSIS_DATE" property="feedbackAnalysisDate"
			jdbcType="VARCHAR" />
		<result column="BRANCH_ID" property="branchId" jdbcType="VARCHAR" />
		<result column="BRANCH_NO" property="branchNo" jdbcType="VARCHAR" />
		<result column="OPERATE_TIME" property="operateTime" jdbcType="VARCHAR" />
		<result column="OPERATER" property="operater" jdbcType="VARCHAR" />
		<result column="LAST_UPDATE_TIME" property="lastUpdateTime"
			jdbcType="VARCHAR" />
		<result column="LAST_UPDATER" property="lastUpdater" jdbcType="VARCHAR" />
		<result column="LOGIC_DELETE_FLAG" property="logicDeleteFlag"
			jdbcType="VARCHAR" />
		
	</resultMap>

	<sql id="queryCondition">
		from ${SUBSYSTEM_SCHEMA}CCI_REPORT_DATA_STATISTICS b
		where 1=1
		<dynamic>
			<isNotEmpty prepend="and" property="orgInfList">
				<iterate property="orgInfList" open="b.BRANCH_NO IN ("
					close=")" conjunction=",">
					#orgInfList[]#
				</iterate>
			</isNotEmpty>
			<isNotEmpty prepend="and" property="branchId">
				b.BRANCH_ID =
				#branchId#
			</isNotEmpty>
			<isNotEmpty prepend="and" property="fileSendDate">
				b.FILE_SEND_DATE =
				#fileSendDate#
			</isNotEmpty>
			<isNotEmpty prepend="and" property="reportFileType">
				b.REPORT_FILE_TYPE =
				#reportFileType#
			</isNotEmpty>
			<isNotEmpty prepend="and" property="processingState">
				b.PROCESSING_STATE =
				#processingState#
			</isNotEmpty>
			<isNotEmpty prepend="and" property="reportBatchNo">
				b.REPORT_BATCH_NO =
				#reportBatchNo#
			</isNotEmpty>
			
			<isNotEmpty prepend="and" property="reportFileNameBe">
				b.REPORT_FILE_NAME_BE =
				#reportFileNameBe#
			</isNotEmpty>
			
			<isNotEmpty prepend="and" property="feedbackFileName">
				b.FEEDBACK_FILE_NAME =
				#feedbackFileName#
			</isNotEmpty>
			
			
		</dynamic>
		<!-- 逻辑删除标志 -->
		AND b.LOGIC_DELETE_FLAG NOT IN ('1')
	</sql>

	<select id="selectList"
		parameterClass="com.synesoft.cci.business.sys.form.CciReportDataStatisticsForm"
		resultMap="cciReportDataStatisticsResult">
		select *
		<include refid="queryCondition" />
		ORDER BY b.LAST_UPDATE_TIME DESC
	</select>

	<select id="selectCounts"
		parameterClass="com.synesoft.cci.business.sys.form.CciReportDataStatisticsForm"
		resultClass="java.lang.Integer">
		select count(*)
		<include refid="queryCondition" />
	</select>

	<insert id="insert"
		parameterClass="com.synesoft.cci.domain.model.CciReportDataStatistics">
		insert into
		${SUBSYSTEM_SCHEMA}CCI_REPORT_DATA_STATISTICS (
		SYS_CTL_ID,
		FILE_FIN_FLAG, LAST_TERM_NO, REPORT_FILE_NAME_BE,
		REPORT_FILE_NAME_AF,FEEDBACK_FILE_NAME,
		FILE_SEND_DATE, REPORT_BATCH_NO, REPORT_FILE_TYPE,
		REDO_TYPE,
		PROCESSING_STATE, REPORT_COUNT, FEEDBACK_COUNT, SUCCESS_COUNT,
		FAIL_COUNT,
		FEEDBACK_ANALYSIS_DATE, BRANCH_ID, BRANCH_NO, OPERATE_TIME,
		OPERATER, LAST_UPDATE_TIME,
		LAST_UPDATER, LOGIC_DELETE_FLAG)
		values (
		#sysCtlId#, #fileFinFlag#, #lastTermNo#, #reportFileNameBe#,
		#reportFileNameAf#,#feedbackFileName#,
		#fileSendDate#, #reportBatchNo#, #reportFileType#,
		#redoType#, #processingState#, #reportCount:DECIMAL#,
		#feedbackCount:DECIMAL#,
		#successCount:DECIMAL#, #failCount:DECIMAL#,
		#feedbackAnalysisDate#,
		#branchId#, #branchNo#, #operateTime#,
		#operater#,
		#lastUpdateTime#, #lastUpdater#, #logicDeleteFlag#)
	</insert>

	<update id="updateByPrimaryKey"
		parameterClass="com.synesoft.cci.domain.model.CciReportDataStatistics">
		UPDATE ${SUBSYSTEM_SCHEMA}CCI_REPORT_DATA_STATISTICS
		<dynamic prepend="set">
			<isNotNull prepend="," property="fileSendDate">
				FILE_SEND_DATE =
				#fileSendDate#
			</isNotNull>
			<isNotNull prepend="," property="reportBatchNo">
				REPORT_BATCH_NO =
				#reportBatchNo#
			</isNotNull>
			<isNotNull prepend="," property="reportFileType">
				REPORT_FILE_TYPE =
				#reportFileType#
			</isNotNull>

			<isNotNull prepend="," property="fileFinFlag">
				FILE_FIN_FLAG =
				#fileFinFlag#
			</isNotNull>
			<isNotNull prepend="," property="lastTermNo">
				LAST_TERM_NO = #lastTermNo#
			</isNotNull>
			<isNotNull prepend="," property="reportFileNameBe">
				REPORT_FILE_NAME_BE =
				#reportFileNameBe#
			</isNotNull>
			<isNotNull prepend="," property="reportFileNameAf">
				REPORT_FILE_NAME_AF =
				#reportFileNameAf#
			</isNotNull>
			
			<isNotNull prepend="," property="feedbackFileName">
				FEEDBACK_FILE_NAME =
				#feedbackFileName#
			</isNotNull>

			<isNotNull prepend="," property="redoType">
				REDO_TYPE = #redoType#
			</isNotNull>
			<isNotNull prepend="," property="processingState">
				PROCESSING_STATE =
				#processingState#
			</isNotNull>
			<isNotNull prepend="," property="reportCount">
				REPORT_COUNT =
				#reportCount:DECIMAL#
			</isNotNull>
			<isNotNull prepend="," property="feedbackCount">
				FEEDBACK_COUNT =
				#feedbackCount:DECIMAL#
			</isNotNull>
			<isNotNull prepend="," property="successCount">
				SUCCESS_COUNT =
				#successCount:DECIMAL#
			</isNotNull>
			<isNotNull prepend="," property="failCount">
				FAIL_COUNT =
				#failCount:DECIMAL#
			</isNotNull>
			<isNotNull prepend="," property="feedbackAnalysisDate">
				FEEDBACK_ANALYSIS_DATE =
				#feedbackAnalysisDate#
			</isNotNull>
			<isNotNull prepend="," property="branchId">
				BRANCH_ID = #branchId#
			</isNotNull>
			<isNotNull prepend="," property="branchNo">
				BRANCH_NO = #branchNo#
			</isNotNull>
			<isNotNull prepend="," property="operateTime">
				OPERATE_TIME =
				#operateTime#
			</isNotNull>
			<isNotNull prepend="," property="operater">
				OPERATER = #operater#
			</isNotNull>
			<isNotNull prepend="," property="lastUpdateTime">
				LAST_UPDATE_TIME =
				#lastUpdateTime#
			</isNotNull>
			<isNotNull prepend="," property="lastUpdater">
				LAST_UPDATER =
				#lastUpdater#
			</isNotNull>
			<isNotNull prepend="," property="logicDeleteFlag">
				LOGIC_DELETE_FLAG =
				#logicDeleteFlag#
			</isNotNull>
		</dynamic>
		where 1=1
		<dynamic>
			<isNotEmpty prepend="and" property="sysCtlId">
				sys_ctl_id = #sysCtlId#
			</isNotEmpty>
		</dynamic>
	</update>
    
    <!-- add by gcj Release V1.0 NO.90 金额更新成null 画面后台直连更新专用20160819 start-->
	<update id="updateByPrimaryKeyAll"
		parameterClass="com.synesoft.cci.domain.model.CciReportDataStatistics">
		UPDATE ${SUBSYSTEM_SCHEMA}CCI_REPORT_DATA_STATISTICS
		<dynamic prepend="set">
			FILE_SEND_DATE =
			#fileSendDate#,
			REPORT_BATCH_NO =
			#reportBatchNo#,
			REPORT_FILE_TYPE =
			#reportFileType#,
			FILE_FIN_FLAG =
			#fileFinFlag#,
			LAST_TERM_NO = #lastTermNo#,
			REPORT_FILE_NAME_BE =
			#reportFileNameBe#,
			REPORT_FILE_NAME_AF =
			#reportFileNameAf#,
			REDO_TYPE = #redoType#,
			PROCESSING_STATE =
			#processingState#,
			REPORT_COUNT =
			#reportCount:DECIMAL#,
			FEEDBACK_COUNT =
			#feedbackCount:DECIMAL#,
			SUCCESS_COUNT =
			#successCount:DECIMAL#,
			FAIL_COUNT =
			#failCount:DECIMAL#,
			FEEDBACK_ANALYSIS_DATE =
			#feedbackAnalysisDate#,
			BRANCH_ID = #branchId#,
			BRANCH_NO = #branchNo#,
			OPERATE_TIME =
			#operateTime#,
			OPERATER = #operater#,
			LAST_UPDATE_TIME =
			#lastUpdateTime#,
			LAST_UPDATER =
			#lastUpdater#,
			LOGIC_DELETE_FLAG =
			#logicDeleteFlag#
		</dynamic>
		where 1=1
		<dynamic>
			<isNotEmpty prepend="and" property="sysCtlId">
				sys_ctl_id = #sysCtlId#
			</isNotEmpty>
		</dynamic>
	</update>
    <!-- add by gcj Release V1.0 NO.90 金额更新成null 画面后台直连更新专用20160819 end-->

	<update id="updateByFeedback"
		parameterClass="com.synesoft.cci.domain.model.CciReportDataStatistics">
		UPDATE ${SUBSYSTEM_SCHEMA}CCI_REPORT_DATA_STATISTICS
		<dynamic prepend="set">

			<isNotNull prepend="," property="processingState">
				PROCESSING_STATE =
				#processingState#
			</isNotNull>
			<isNotNull prepend="," property="failCount">
				FAIL_COUNT =
				#failCount:DECIMAL#
			</isNotNull>

		</dynamic>
		where 1=1
		<dynamic>
			<isNotEmpty prepend="and" property="fileSendDate">
				FILE_SEND_DATE =
				#fileSendDate#
			</isNotEmpty>
			<isNotEmpty prepend="and" property="reportBatchNo">
				REPORT_BATCH_NO =
				#reportBatchNo#
			</isNotEmpty>
			<isNotEmpty prepend="and" property="reportFileType">
				REPORT_FILE_TYPE =
				#reportFileType#
			</isNotEmpty>
		</dynamic>
	</update>

	<!-- 获取最新批次 -->
	<select id="selectNewBat"
		parameterClass="com.synesoft.cci.domain.model.CciReportDataStatistics"
		resultMap="cciReportDataStatisticsResult">
		select * from ${SUBSYSTEM_SCHEMA}CCI_REPORT_DATA_STATISTICS
		b
		where b.report_batch_no=(
		select max(report_batch_no) from
		${SUBSYSTEM_SCHEMA}CCI_REPORT_DATA_STATISTICS
		where FILE_SEND_DATE =
		#fileSendDate#
		<!-- upd by gy 20170505 Release V1.0 NO.449 start -->
		and
		<dynamic>
			<isEqual property="reportFileType" compareValue="32">
				REPORT_FILE_TYPE in ('32','33')
			</isEqual>
			<isNotEqual property="reportFileType" compareValue="32">
				REPORT_FILE_TYPE = #reportFileType#			
			</isNotEqual>
		</dynamic>
		)
		and
		<dynamic>
			<isEqual property="reportFileType" compareValue="32">
				b.REPORT_FILE_TYPE in ('32','33')
			</isEqual>
			<isNotEqual property="reportFileType" compareValue="32">
				b.REPORT_FILE_TYPE = #reportFileType#			
			</isNotEqual>
		</dynamic>
		and b.FILE_SEND_DATE = #fileSendDate#
		<!-- upd by gy 20170505 Release V1.0 NO.449 end -->
	</select>

	<select id="selectByPrimaryKey"
		parameterClass="com.synesoft.cci.domain.model.CciReportDataStatistics"
		resultMap="cciReportDataStatisticsResult">
		select * from ${SUBSYSTEM_SCHEMA}CCI_REPORT_DATA_STATISTICS
		where 1=1
		and sys_ctl_id = #sysCtlId#
	</select>
	
	<select id="selectSysId"
		parameterClass="com.synesoft.cci.domain.model.CciReportDataStatistics"
		resultMap="cciReportDataStatisticsResult">
		select * from ${SUBSYSTEM_SCHEMA}CCI_REPORT_DATA_STATISTICS
		where 1=1
		and file_send_date = #fileSendDate#
		and report_batch_no = #reportBatchNo#
		and report_file_type = #reportFileType#
	</select>
	
	<select id="getReportDataStatistics"
		parameterClass="com.synesoft.cci.domain.model.CciReportDataStatistics"
		resultMap="cciReportDataStatisticsResult">
		select
		*
		from ${SUBSYSTEM_SCHEMA}CCI_REPORT_DATA_STATISTICS t
		where 1=1
		and t.sys_ctl_id = #sysCtlId#
	</select>
	
	<!--update by gy at 2016-06-17 Release V1.0 NO.25 start-->
	<!-- 获取机构所有子记录的SysCtlId  add by gf -->
	<!-- 去除已上报的记录 add by gf-->
	<select id="selectChildSysCtl_ORG" parameterClass="java.lang.String" resultClass="java.lang.String">
		SELECT T1.SYS_CTL_ID FROM ${SUBSYSTEM_SCHEMA}CCI_ORGINFO_EXECUTIVE_RELA T1 
		LEFT JOIN ${SUBSYSTEM_SCHEMA}CCI_REPORT_SYSTEM_CTL T2
    	ON T1.Sys_Ctl_Id = T2.Sys_Ctl_Id 
		WHERE T1.PARENT_I = #sysCtlId#
		AND T2.REPORT_FLAG != '2'
		UNION ALL
		SELECT T1.SYS_CTL_ID FROM ${SUBSYSTEM_SCHEMA}CCI_ORGINFO_IMPORT_S_H T1 
		LEFT JOIN ${SUBSYSTEM_SCHEMA}CCI_REPORT_SYSTEM_CTL T2
    	ON T1.Sys_Ctl_Id = T2.Sys_Ctl_Id 
		WHERE T1.PARENT_I = #sysCtlId#
		AND T2.REPORT_FLAG != '2'
		UNION ALL
		SELECT T1.SYS_CTL_ID FROM ${SUBSYSTEM_SCHEMA}CCI_ORGINFO_IMPORT_REL_COR T1 
		LEFT JOIN ${SUBSYSTEM_SCHEMA}CCI_REPORT_SYSTEM_CTL T2
    	ON T1.Sys_Ctl_Id = T2.Sys_Ctl_Id 
		WHERE T1.PARENT_I = #sysCtlId#
		AND T2.REPORT_FLAG != '2'
	</select>
    <!--// add by gcj 20170322 Release V1.0 NO.391 start-->
	<update id="updChildSysCtl_ORG" parameterClass="com.synesoft.cci.business.sys.form.CciReportSystemCtlForm">
		UPDATE ${SUBSYSTEM_SCHEMA}CCI_REPORT_SYSTEM_CTL
		<dynamic prepend="set">
			<isNotNull prepend="," property="fileSendDate">
				FILE_SEND_DATE =
				#fileSendDate#
			</isNotNull>
			<isNotNull prepend="," property="reportBatchNo">
				REPORT_BATCH_NO =
				#reportBatchNo#
			</isNotNull>
			<isNotNull prepend="," property="msgRecordTrackingNo">
				MSG_RECORD_TRACKING_NO =
				#msgRecordTrackingNo#
			</isNotNull>
			<isNotNull prepend="," property="msgRecordOperateType">
				MSG_RECORD_OPERATE_TYPE =
				#msgRecordOperateType#
			</isNotNull>
			<isNotNull prepend="," property="msgRecordRow">
				MSG_RECORD_ROW =
				#msgRecordRow#
			</isNotNull>
			<isNotNull prepend="," property="reportFlag">
				REPORT_FLAG = #reportFlag#
			</isNotNull>
			<isNotNull prepend="," property="feedbackFlag">
				FEEDBACK_FLAG =
				#feedbackFlag#
			</isNotNull>
			<isNotNull prepend="," property="deptId">
				DEPT_ID = #deptId#
			</isNotNull>
			<isNotNull prepend="," property="operatingState">
				OPERATING_STATE =
				#operatingState#
			</isNotNull>
			<isNotNull prepend="," property="reportFileType">
				REPORT_FILE_TYPE =
				#reportFileType#
			</isNotNull>
			<isNotNull prepend="," property="msgRecordType">
				MSG_RECORD_TYPE =
				#msgRecordType#
			</isNotNull>
			<isNotNull prepend="," property="branchId">
				BRANCH_ID = #branchId#
			</isNotNull>
			<isNotNull prepend="," property="branchNo">
				BRANCH_NO = #branchNo#
			</isNotNull>
			<isNotNull prepend="," property="relationSysCtlId">
				RELATION_SYS_CTL_ID =
				#relationSysCtlId#
			</isNotNull>
			<isNotNull prepend="," property="orgBasicFeedbackFlag">
				ORG_BASIC_FEEDBACK_FLAG =
				#orgBasicFeedbackFlag#
			</isNotNull>
			<isNotNull prepend="," property="operateTime">
				OPERATE_TIME =
				#operateTime#
			</isNotNull>
			<isNotNull prepend="," property="operater">
				OPERATER = #operater#
			</isNotNull>
			<isNotNull prepend="," property="checkTime">
				CHECK_TIME = #checkTime#
			</isNotNull>
			<isNotNull prepend="," property="checkOperator">
				CHECK_OPERATOR =
				#checkOperator#
			</isNotNull>
			<isNotNull prepend="," property="checkAddMsg">
				CHECK_ADD_MSG =
				#checkAddMsg#
			</isNotNull>
			<isNotNull prepend="," property="lastUpdateTime">
				LAST_UPDATE_TIME =
				#lastUpdateTime#
			</isNotNull>
			<isNotNull prepend="," property="lastUpdater">
				LAST_UPDATER =
				#lastUpdater#
			</isNotNull>
			<isNotNull prepend="," property="logicDeleteFlag">
				LOGIC_DELETE_FLAG =
				#logicDeleteFlag#
			</isNotNull>
			<isNotNull prepend="," property="dtlNumA">
				DTL_NUM_A = #dtlNumA#
			</isNotNull>
			<isNotNull prepend="," property="dtlNumB">
				DTL_NUM_B = #dtlNumB#
			</isNotNull>
			<isNotNull prepend="," property="dtlNumC">
				DTL_NUM_C = #dtlNumC#
			</isNotNull>
			<isNotNull prepend="," property="dtlNumD">
				DTL_NUM_D = #dtlNumD#
			</isNotNull>
			<isNotNull prepend="," property="recordStatusFlag">
				RECORD_STATUS_FLAG =
				#recordStatusFlag#
			</isNotNull>
			<isNotNull prepend="," property="messageType">
				MESSAGE_TYPE =
				#messageType#
			</isNotNull>
		</dynamic>
		where 1=1
		and logic_delete_flag != '1'
		<dynamic>
			<isNotEmpty prepend="and" property="sysCtlId">
				sys_ctl_id = #sysCtlId#
			</isNotEmpty>
			<isNotEmpty prepend="and" property="sysCtlIdList">
				sys_ctl_id IN
				(
				SELECT a.SYS_CTL_ID
				FROM (
					SELECT T1.SYS_CTL_ID,T1.PARENT_I FROM ${SUBSYSTEM_SCHEMA}CCI_ORGINFO_EXECUTIVE_RELA T1
					LEFT JOIN ${SUBSYSTEM_SCHEMA}CCI_REPORT_SYSTEM_CTL T2
					ON T1.Sys_Ctl_Id = T2.Sys_Ctl_Id
					WHERE T2.REPORT_FLAG != '2'
					UNION ALL
					SELECT T1.SYS_CTL_ID,T1.PARENT_I FROM ${SUBSYSTEM_SCHEMA}CCI_ORGINFO_IMPORT_S_H T1
					LEFT JOIN ${SUBSYSTEM_SCHEMA}CCI_REPORT_SYSTEM_CTL T2
					ON T1.Sys_Ctl_Id = T2.Sys_Ctl_Id
					WHERE T2.REPORT_FLAG != '2'
					UNION ALL
					SELECT T1.SYS_CTL_ID,T1.PARENT_I FROM ${SUBSYSTEM_SCHEMA}CCI_ORGINFO_IMPORT_REL_COR T1
					LEFT JOIN ${SUBSYSTEM_SCHEMA}CCI_REPORT_SYSTEM_CTL T2
					ON T1.Sys_Ctl_Id = T2.Sys_Ctl_Id
					WHERE T2.REPORT_FLAG != '2'
				) a
				WHERE
						<iterate property="sysCtlIdList" open="a.PARENT_I IN (" close=")"
							conjunction=",">
							#sysCtlIdList[]#
						</iterate>
				)
				
			</isNotEmpty>
		</dynamic>
	</update>
    <!--// add by gcj 20170322 Release V1.0 NO.391 end-->
	
	<!-- 获取借款人关注所有子记录的SysCtlId  add by gf -->
	<!-- 去除已上报的记录  add by gf -->
	<select id="selectChildSysCtl_BORROWER" parameterClass="java.lang.String" resultClass="java.lang.String">
		SELECT T1.SYS_CTL_ID FROM ${SUBSYSTEM_SCHEMA}CCI_BORROWER_CONCERINFO_BI T1 
		JOIN ${SUBSYSTEM_SCHEMA}CCI_REPORT_SYSTEM_CTL T2
    	ON T1.Sys_Ctl_Id = T2.Sys_Ctl_Id 
		WHERE T1.PARENT_I = #sysCtlId#
		AND T2.REPORT_FLAG != '2'
		UNION ALL
		SELECT T1.SYS_CTL_ID FROM ${SUBSYSTEM_SCHEMA}CCI_BORROWER_CONCERINFO_LA T1 
		JOIN ${SUBSYSTEM_SCHEMA}CCI_REPORT_SYSTEM_CTL T2
    	ON T1.Sys_Ctl_Id = T2.Sys_Ctl_Id 
		WHERE T1.PARENT_I = #sysCtlId#
		AND T2.REPORT_FLAG != '2'
	</select>
	<!--update by gy at 2016-06-17 Release V1.0 NO.25 end-->
	
	<!-- add by hlp 2017-01-04 Release V1.0 NO.304 start-->
	<update id="updateProcessingStateBySysCtlId" parameterClass="java.util.HashMap">
		UPDATE ${SUBSYSTEM_SCHEMA}CCI_REPORT_DATA_STATISTICS
		SET  PROCESSING_STATE=#processingState#
		where 1=1
		<dynamic>
			<isNotEmpty prepend="and" property="sysCtlId">
				SYS_CTL_ID=#sysCtlId#
			</isNotEmpty>
		</dynamic>
	</update>
	<!-- add by hlp 2017-01-04 Release V1.0 NO.304 end-->
	
	<update id="updateFeedbackFileBySysCtlId" parameterClass="java.util.HashMap">
		UPDATE ${SUBSYSTEM_SCHEMA}CCI_REPORT_DATA_STATISTICS
		SET FEEDBACK_FILE_NAME = #feedbackFileName#
		where 1=1
		<dynamic>
			<isNotEmpty prepend="and" property="sysCtlId">
				SYS_CTL_ID=#sysCtlId#
			</isNotEmpty>
		</dynamic>
	</update>
	<!-- add by hys 2017-03-29 Release V1.0 NO.409 start-->
	<select id="queryUnFeedbackDate" parameterClass="java.lang.String" resultClass="java.lang.String">
		SELECT DISTINCT FILE_SEND_DATE FROM ${SUBSYSTEM_SCHEMA}CCI_REPORT_DATA_STATISTICS
		WHERE REPORT_FILE_TYPE = #reportFileType#
		AND PROCESSING_STATE = '2'
		ORDER BY FILE_SEND_DATE DESC
	</select>
	<!-- add by hys 2017-03-29 Release V1.0 NO.409 end-->
</sqlMap>