<?xml version="1.0" encoding="UTF-8" ?>
<!DOCTYPE sqlMap PUBLIC "-//ibatis.apache.org//DTD SQL Map 2.0//EN" "http://ibatis.apache.org/dtd/sql-map-2.dtd" >
<sqlMap namespace="CCI_DOWNLOAD_CONFIG" >
  <resultMap id="cciDownloadConfigResult" class="com.synesoft.cci.domain.model.CciDownloadConfig" >
    
    <result column="FUNC_NAME" property="funcName" jdbcType="VARCHAR" />
    <result column="NO" property="no" jdbcType="VARCHAR" />
    <result column="HEAD_NAME" property="headName" jdbcType="VARCHAR" />
    <result column="GET_METHOD" property="getMethod" jdbcType="VARCHAR" />
    <result column="FORMAT" property="format" jdbcType="VARCHAR" />
  </resultMap>
  
  <select id="selectList" parameterClass="com.synesoft.cci.domain.model.CciDownloadConfig"
		resultMap="cciDownloadConfigResult">
		select * from ${SUBSYSTEM_SCHEMA}CCI_DOWNLOAD_CONFIG t
		where 1=1
		<dynamic>
			<isNotEmpty prepend="and" property="funcName">
				t.FUNC_NAME =
				#funcName#
			</isNotEmpty>
		</dynamic>
		ORDER BY t.NO
	</select>

</sqlMap>