<?xml version="1.0" encoding="UTF-8" ?>
<!DOCTYPE sqlMap PUBLIC "-//ibatis.apache.org//DTD SQL Map 2.0//EN" "http://ibatis.apache.org/dtd/sql-map-2.dtd" >
<sqlMap namespace="CCI_REPORT_FORM_CONFIG">
	<resultMap id="cciReportFormConfigResult"
		class="com.synesoft.cci.domain.model.CciReportFormConfig">
		<!-- WARNING - This element is automatically generated by Abator for iBATIS, 
			do not modify. This element was generated on Fri Oct 30 15:02:48 CST 2015. -->
		<result column="FILE_CONFIGURE_CTL_NO" property="fileConfigureCtlNo"
			jdbcType="VARCHAR" />
		<result column="REPORT_FILE_TYPE" property="reportFileType"
			jdbcType="VARCHAR" />
		<result column="REPORT_MSG_TYPE" property="reportMsgType"
			jdbcType="VARCHAR" />
		<result column="MSG_RECORD_TYPE" property="msgRecordType"
			jdbcType="VARCHAR" />
		<result column="FEEDBACK_FLAG" property="feedbackFlag"
			jdbcType="VARCHAR" />
		<result column="HEAD_TAIL_FLAG" property="headTailFlag"
			jdbcType="VARCHAR" />
		<result column="MSG_TYPE_OUTPUT_SEQUENCE" property="msgTypeOutputSequence"
			jdbcType="DECIMAL" />
		<result column="MSG_RECORD_TYPE_OUTPUT_SEQ" property="msgRecordTypeOutputSeq"
			jdbcType="DECIMAL" />
		<result column="OPERATE_TIME" property="operateTime" jdbcType="VARCHAR" />
		<result column="OPERATER" property="operater" jdbcType="VARCHAR" />
		<result column="LAST_UPDATE_TIME" property="lastUpdateTime"
			jdbcType="VARCHAR" />
		<result column="LAST_UPDATER" property="lastUpdater" jdbcType="VARCHAR" />
		<result column="LOGIC_DELETE_FLAG" property="logicDeleteFlag"
			jdbcType="VARCHAR" />
	</resultMap>

	<select id="getReportFormListByFileType" parameterClass="java.lang.String"
		resultMap="cciReportFormConfigResult">
		select *
		from ${SUBSYSTEM_SCHEMA}CCI_REPORT_FORM_CONFIG t
		where t.FEEDBACK_FLAG =
		'0'
		and t.LOGIC_DELETE_FLAG = '0'
		and t.REPORT_FILE_TYPE = #fileType#
		order by t.MSG_TYPE_OUTPUT_SEQUENCE, t.MSG_RECORD_TYPE_OUTPUT_SEQ
	</select>

</sqlMap>