<?xml version="1.0" encoding="UTF-8" ?>
<!DOCTYPE sqlMap PUBLIC "-//ibatis.apache.org//DTD SQL Map 2.0//EN" "http://ibatis.apache.org/dtd/sql-map-2.dtd" >
<sqlMap namespace="CCI_REPORT_DATA_ITEM_CONFIG">
	<resultMap id="cciReportDataItemConfigResult"
		class="com.synesoft.cci.domain.model.CciReportDataItemConfig">
		<!-- WARNING - This element is automatically generated by Abator for iBATIS, 
			do not modify. This element was generated on Fri Oct 30 15:02:48 CST 2015. -->
		<result column="COLUMN_OUTPUT_SEQUENCE" property="columnOutputSequence"
			jdbcType="DECIMAL" />
		<result column="FILE_CONFIGURE_CTL_NO" property="fileConfigureCtlNo"
			jdbcType="VARCHAR" />
		<result column="RECORD_FORM_TYPE" property="recordFormType"
			jdbcType="VARCHAR" />
		<result column="COLUMN_NAME" property="columnName" jdbcType="VARCHAR" />
		<result column="COLUMN_TYPE" property="columnType" jdbcType="VARCHAR" />
		<result column="COLUMN_LENGTH" property="columnLength"
			jdbcType="DECIMAL" />
		<result column="RELATIVE_START_POSITION" property="relativeStartPosition"
			jdbcType="DECIMAL" />
		<result column="RELATIVE_FIN_POSITION" property="relativeFinPosition"
			jdbcType="DECIMAL" />
		<result column="COLUMN_SOURCE" property="columnSource"
			jdbcType="VARCHAR" />
		<result column="PK_FLAG" property="pkFlag" jdbcType="VARCHAR" />
		<result column="CHANGEABLE_VALUE" property="changeableValue"
			jdbcType="VARCHAR" />
		<result column="OPERATE_TIME" property="operateTime" jdbcType="VARCHAR" />
		<result column="OPERATER" property="operater" jdbcType="VARCHAR" />
		<result column="LAST_UPDATE_TIME" property="lastUpdateTime"
			jdbcType="VARCHAR" />
		<result column="LAST_UPDATER" property="lastUpdater" jdbcType="VARCHAR" />
		<result column="LOGIC_DELETE_FLAG" property="logicDeleteFlag"
			jdbcType="VARCHAR" />
		<result column="MODEL_NAME" property="modelName" jdbcType="VARCHAR" />
		<result column="FORMAT" property="format" jdbcType="VARCHAR" />
	</resultMap>

	<select id="getReportDataItemListByType" parameterClass="java.util.Map"
		resultMap="cciReportDataItemConfigResult">
		select *
		from ${SUBSYSTEM_SCHEMA}CCI_REPORT_DATA_ITEM_CONFIG t
		where
		t.FILE_CONFIGURE_CTL_NO = #sysCtl#
		and t.RECORD_FORM_TYPE = #formType#
		and t.LOGIC_DELETE_FLAG = '0'
		order by t.COLUMN_OUTPUT_SEQUENCE
	</select>

</sqlMap>