<?xml version="1.0" encoding="UTF-8" ?>
<!DOCTYPE sqlMap PUBLIC "-//ibatis.apache.org//DTD SQL Map 2.0//EN" "http://ibatis.apache.org/dtd/sql-map-2.dtd" >
<sqlMap namespace="CCI_LOAN_RECEIPT_INFO">
	<resultMap id="CciLoanReceiptInfoFormResult"
		class="com.synesoft.cci.app.form.cbm.CciLoanReceiptInfoForm">
		<!-- WARNING - This element is automatically generated by Abator for iBATIS, 
			do not modify. This element was generated on Fri Oct 30 15:02:47 CST 2015. -->
		<result column="BORROWER_NAME" property="borrowerName"
			jdbcType="VARCHAR" />
		<result column="RELATION_FEEDBACK_ID" property="relationFeedbackId" jdbcType="VARCHAR"/>
		<result column="SYS_CTL_ID" property="sysCtlId" jdbcType="VARCHAR" />
		<result column="LOAN_CARD_NO" property="loanCardNo" jdbcType="VARCHAR" />
		<result column="LOAN_CONTRACT_NO" property="loanContractNo"
			jdbcType="VARCHAR" />
		<result column="BUSI_DATE" property="busiDate" jdbcType="VARCHAR" />
		<result column="RECIEPT_NO" property="recieptNo" jdbcType="VARCHAR" />
		<result column="CURRENCY" property="currency" jdbcType="VARCHAR" />
		<result column="RECIEPT_AMOUNT" property="recieptAmount"
			jdbcType="DECIMAL" />
		<result column="RECIEPT_BALANCE" property="recieptBalance"
			jdbcType="DECIMAL" />
		<result column="START_DATE" property="startDate" jdbcType="VARCHAR" />
		<result column="EXPIRY_DATE" property="expiryDate" jdbcType="VARCHAR" />
		<result column="LOAN_BUSI_TYPE" property="loanBusiType"
			jdbcType="VARCHAR" />
		<result column="LOAN_FORM" property="loanForm" jdbcType="VARCHAR" />
		<result column="LOAN_PROPERTY" property="loanProperty"
			jdbcType="VARCHAR" />
		<result column="LOAN_ORIENTATION" property="loanOrientation"
			jdbcType="VARCHAR" />
		<result column="LOAN_TYPE" property="loanType" jdbcType="VARCHAR" />
		<result column="EXTENSION_FLAG" property="extensionFlag"
			jdbcType="VARCHAR" />
		<result column="FOUR_STAGE_CLASSIFICATION" property="fourStageClassification"
			jdbcType="VARCHAR" />
		<result column="FIVE_STAGE_CLASSIFICATION" property="fiveStageClassification"
			jdbcType="VARCHAR" />
		<result column="CUSTOMER_CODE" property="customerCode"
			jdbcType="VARCHAR" />
		<result column="SYS_CTL_ID" property="sysCtlId" jdbcType="VARCHAR" />
		<result column="FILE_SEND_DATE" property="fileSendDate"
			jdbcType="VARCHAR" />
		<result column="REPORT_BATCH_NO" property="reportBatchNo"
			jdbcType="VARCHAR" />
		<result column="MSG_RECORD_TRACKING_NO" property="msgRecordTrackingNo"
			jdbcType="VARCHAR" />
		<result column="MSG_RECORD_OPERATE_TYPE" property="msgRecordOperateType"
			jdbcType="VARCHAR" />
		<result column="MSG_RECORD_ROW" property="msgRecordRow"
			jdbcType="VARCHAR" />
		<result column="REPORT_FLAG" property="reportFlag" jdbcType="VARCHAR" />
		<result column="FEEDBACK_FLAG" property="feedbackFlag"
			jdbcType="VARCHAR" />
		<result column="DEPT_ID" property="deptId" jdbcType="VARCHAR" />
		<result column="OPERATING_STATE" property="operatingState"
			jdbcType="VARCHAR" />
		<result column="REPORT_FILE_TYPE" property="reportFileType"
			jdbcType="VARCHAR" />
		<result column="MSG_RECORD_TYPE" property="msgRecordType"
			jdbcType="VARCHAR" />
		<result column="BRANCH_ID" property="branchId" jdbcType="VARCHAR" />
		<result column="BRANCH_NO" property="branchNo" jdbcType="VARCHAR" />
		<result column="RELATION_SYS_CTL_ID" property="relationSysCtlId"
			jdbcType="VARCHAR" />
		<result column="ORG_BASIC_FEEDBACK_FLAG" property="orgBasicFeedbackFlag"
			jdbcType="VARCHAR" />
		<result column="OPERATE_TIME" property="operateTime" jdbcType="VARCHAR" />
		<result column="OPERATER" property="operater" jdbcType="VARCHAR" />
		<result column="CHECK_TIME" property="checkTime" jdbcType="VARCHAR" />
		<result column="CHECK_OPERATOR" property="checkOperator"
			jdbcType="VARCHAR" />
		<result column="CHECK_ADD_MSG" property="checkAddMsg" jdbcType="VARCHAR" />
		<result column="LAST_UPDATE_TIME" property="lastUpdateTime"
			jdbcType="VARCHAR" />
		<result column="LAST_UPDATER" property="lastUpdater" jdbcType="VARCHAR" />
		<result column="LOGIC_DELETE_FLAG" property="logicDeleteFlag"
			jdbcType="VARCHAR" />
		<result column="RECORD_STATUS_FLAG" property="recordStatusFlag"
			jdbcType="VARCHAR" />
		<result column="MESSAGE_TYPE" property="messageType" jdbcType="VARCHAR" />
		<result column="PARENT_I" property="parentI" jdbcType="VARCHAR" />
		<result column="DTL_NUM_A" property="dtlNumA" jdbcType="VARCHAR" />
		<result column="DTL_NUM_B" property="dtlNumB" jdbcType="VARCHAR" />
		<result column="DTL_NUM_C" property="dtlNumC" jdbcType="VARCHAR" />
		<result column="DTL_NUM_D" property="dtlNumD" jdbcType="VARCHAR" />
	</resultMap>

	<sql id="queryCondition">
		from ${SUBSYSTEM_SCHEMA}CCI_LOAN_RECEIPT_INFO a
		left join
		${SUBSYSTEM_SCHEMA}CCI_REPORT_SYSTEM_CTL b
		on a.sys_ctl_id=b.sys_ctl_id
		where 1=1
		<dynamic>
			<isNotEmpty prepend="and" property="orgInfList">
				<iterate property="orgInfList" open="b.BRANCH_NO IN ("
					close=")" conjunction=",">
					#orgInfList[]#
				</iterate>
			</isNotEmpty>
			<isNotEmpty prepend="and" property="branchId">
				b.BRANCH_ID =
				#branchId#
			</isNotEmpty>
			<!-- add by yb 2016-11-30 Release V1.0 NO.B9 start -->
			<isNotEmpty prepend="and" property="busiDateStart">
				<![CDATA[a.BUSI_DATE >=]]> #busiDateStart# 
			</isNotEmpty>
			<isNotEmpty prepend="and" property="busiDateEnd">
				<![CDATA[a.BUSI_DATE <=]]> #busiDateEnd#
			</isNotEmpty>
			<isNotEmpty prepend="and" property="fileSendDateStart">
				<![CDATA[b.FILE_SEND_DATE >=]]> #fileSendDateStart# 
			</isNotEmpty>
			<isNotEmpty prepend="and" property="fileSendDateEnd">
				<![CDATA[b.FILE_SEND_DATE <=]]> #fileSendDateEnd#
			</isNotEmpty>
			<!-- add by yb 2016-11-30 Release V1.0 NO.B9 end -->
			<isNotEmpty prepend="and" property="customerCode">
				a.CUSTOMER_CODE =
				#customerCode#
			</isNotEmpty>
			<!-- add by sjh 20170724 Release V1.0 NO.508 start -->
			<isNotEmpty prepend="and" property="loanCardNo">
				a.LOAN_CARD_NO =
				#loanCardNo#
			</isNotEmpty>
			<!-- add by sjh 20170724 Release V1.0 NO.508 end -->
			<isNotEmpty prepend="and" property="loanContractNo">
				a.LOAN_CONTRACT_NO =
				#loanContractNo#
			</isNotEmpty>
			<isNotEmpty prepend="and" property="loanBusiType">
				a.LOAN_BUSI_TYPE =
				#loanBusiType#
			</isNotEmpty>
			<isNotEmpty prepend="and" property="recieptNo">
				a.RECIEPT_NO =
				#recieptNo#
			</isNotEmpty>
			<isNotEmpty prepend="and" property="opStsList">
				<iterate property="opStsList" open="b.OPERATING_STATE IN ("
					close=")" conjunction=",">
					#opStsList[]#
				</iterate>
			</isNotEmpty>
			<isNotEmpty prepend="and" property="feedbackFlagList">
				<iterate property="feedbackFlagList" open="b.FEEDBACK_FLAG IN ("
					close=")" conjunction=",">
					#feedbackFlagList[]#
				</iterate>
			</isNotEmpty>
			<isNotEmpty prepend="and" property="reportFlag">
				b.REPORT_FLAG =
				#reportFlag#
			</isNotEmpty>
			<isNotEmpty prepend="and" property="feedbackFlag">
				b.FEEDBACK_FLAG =
				#feedbackFlag#
			</isNotEmpty>
			<!-- 部门过滤 -->
			<isNotEmpty prepend="and" property="deptId">
				b.DEPT_ID = #deptId#
			</isNotEmpty>
			<!-- parentI -->
			<isNotEmpty prepend="and" property="parentI">
				a.parent_I = #parentI#
			</isNotEmpty>
			<isNotEmpty prepend="and" property="operatingState">
				b.operating_state = #operatingState#
			</isNotEmpty>
		</dynamic>
		<!-- 逻辑删除标志 -->
		AND b.LOGIC_DELETE_FLAG NOT IN ('1')
	</sql>

	<select id="selectList" parameterClass="com.synesoft.cci.app.form.cbm.CciLoanReceiptInfoForm"
		resultMap="CciLoanReceiptInfoFormResult">
		<!-- update by ld at 20160902 Release V1.0 NO.109-->
		select a.*
		<include refid="CCI_COM_REPORT_SYSTEM_FIELD.selectReportField"/>
		<include refid="queryCondition" />
		ORDER BY
			<!-- add by gl 20160612 Release V1.0 NO.6 start--> 
			b.LAST_UPDATE_TIME DESC,
			<!-- add by gl 20160612 Release V1.0 NO.6 end-->
			a.SYS_CTL_ID DESC
	</select>

	<select id="selectCounts" parameterClass="com.synesoft.cci.app.form.cbm.CciLoanReceiptInfoForm"
		resultClass="java.lang.Integer">
		select count(*)
		<include refid="queryCondition" />
	</select>

	<!-- add by sjh 20170724 Release V1.0 NO.508 start -->
	<select id="selectCountsByBalance" parameterClass="com.synesoft.cci.app.form.cbm.CciLoanReceiptInfoForm"
		resultClass="java.lang.Integer">
		select count(*)
		<include refid="queryCondition" />
		<dynamic>
			<isNotEmpty prepend="and" property="recieptBalance">
	                a.RECIEPT_BALANCE != #recieptBalance#
	        </isNotEmpty>
        </dynamic>
	</select>
	<!-- add by sjh 20170724 Release V1.0 NO.508 end -->
	<select id="selectByPrimaryKey" parameterClass="com.synesoft.cci.app.form.cbm.CciLoanReceiptInfoForm"
		resultMap="CciLoanReceiptInfoFormResult">
		<!-- update by ld at 20160902 Release V1.0 NO.109-->
		select a.*
		<include refid="CCI_COM_REPORT_SYSTEM_FIELD.selectReportField"/>
		from ${SUBSYSTEM_SCHEMA}CCI_LOAN_RECEIPT_INFO a
		left join ${SUBSYSTEM_SCHEMA}CCI_REPORT_SYSTEM_CTL b
		on a.sys_ctl_id=b.sys_ctl_id
		where 1=1
		<dynamic>
			<isNotEmpty prepend="and" property="sysCtlId">
				a.sys_ctl_id =
				#sysCtlId#
			</isNotEmpty>
		</dynamic>
	</select>

	<insert id="insert" parameterClass="com.synesoft.cci.app.form.cbm.CciLoanReceiptInfoForm">
		insert into
		${SUBSYSTEM_SCHEMA}CCI_LOAN_RECEIPT_INFO
		(BORROWER_NAME,SYS_CTL_ID,
		LOAN_CARD_NO, LOAN_CONTRACT_NO, BUSI_DATE,
		RECIEPT_NO, CURRENCY,
		RECIEPT_AMOUNT, RECIEPT_BALANCE, START_DATE,
		EXPIRY_DATE,
		LOAN_BUSI_TYPE,
		LOAN_FORM, LOAN_PROPERTY, LOAN_ORIENTATION, LOAN_TYPE,
		EXTENSION_FLAG,
		FOUR_STAGE_CLASSIFICATION, FIVE_STAGE_CLASSIFICATION,
		CUSTOMER_CODE,
		PARENT_I)
		values (#borrowerName#, #sysCtlId#,
		#loanCardNo#, #loanContractNo#,
		#busiDate#,
		#recieptNo#, #currency#,
		#recieptAmount:DECIMAL#, #recieptBalance:DECIMAL#,
		#startDate#,
		#expiryDate#, #loanBusiType#, #loanForm#,
		#loanProperty#,
		#loanOrientation#, #loanType#,
		#extensionFlag#,
		#fourStageClassification#, #fiveStageClassification#,
		#customerCode# ,
		#parentI#)
	</insert>

	<update id="updateByPrimaryKey" parameterClass="com.synesoft.cci.app.form.cbm.CciLoanReceiptInfoForm">
		UPDATE ${SUBSYSTEM_SCHEMA}CCI_LOAN_RECEIPT_INFO
		<dynamic prepend="set">
			<isNotNull prepend="," property="borrowerName">
				BORROWER_NAME =
				#borrowerName#
			</isNotNull>
			<isNotNull prepend="," property="loanCardNo">
				LOAN_CARD_NO = #loanCardNo#
			</isNotNull>
			<isNotNull prepend="," property="loanContractNo">
				LOAN_CONTRACT_NO =
				#loanContractNo#
			</isNotNull>
			<isNotNull prepend="," property="busiDate">
				BUSI_DATE = #busiDate#
			</isNotNull>
			<isNotNull prepend="," property="recieptNo">
				RECIEPT_NO = #recieptNo#
			</isNotNull>
			<isNotNull prepend="," property="currency">
				CURRENCY = #currency#
			</isNotNull>
			<isNotNull prepend="," property="recieptAmount">
				RECIEPT_AMOUNT =
				#recieptAmount:DECIMAL#
			</isNotNull>
			<isNotNull prepend="," property="recieptBalance">
				RECIEPT_BALANCE =
				#recieptBalance:DECIMAL#
			</isNotNull>
			<isNotNull prepend="," property="startDate">
				START_DATE = #startDate#
			</isNotNull>
			<isNotNull prepend="," property="expiryDate">
				EXPIRY_DATE = #expiryDate#
			</isNotNull>
			<isNotNull prepend="," property="loanBusiType">
				LOAN_BUSI_TYPE =
				#loanBusiType#
			</isNotNull>
			<isNotNull prepend="," property="loanForm">
				LOAN_FORM = #loanForm#
			</isNotNull>
			<isNotNull prepend="," property="loanProperty">
				LOAN_PROPERTY =
				#loanProperty#
			</isNotNull>
			<isNotNull prepend="," property="loanOrientation">
				LOAN_ORIENTATION =
				#loanOrientation#
			</isNotNull>
			<isNotNull prepend="," property="loanType">
				LOAN_TYPE = #loanType#
			</isNotNull>
			<isNotNull prepend="," property="extensionFlag">
				EXTENSION_FLAG =
				#extensionFlag#
			</isNotNull>
			<isNotNull prepend="," property="fourStageClassification">
				FOUR_STAGE_CLASSIFICATION =
				#fourStageClassification#
			</isNotNull>
			<isNotNull prepend="," property="fiveStageClassification">
				FIVE_STAGE_CLASSIFICATION =
				#fiveStageClassification#
			</isNotNull>
			<isNotNull prepend="," property="customerCode">
				CUSTOMER_CODE =
				#customerCode#
			</isNotNull>
			<isNotNull prepend="," property="parentI">
				PARENT_I = #parentI#
			</isNotNull>
			<isNotEmpty prepend="," property="batDate">
			    BAT_DATE = #batDate#
		    </isNotEmpty>
		</dynamic>
		where 1=1
		<dynamic>
			<isNotEmpty prepend="and" property="sysCtlId">
				sys_ctl_id = #sysCtlId#
			</isNotEmpty>
		</dynamic>
	</update>
    
    <!-- add by gcj Release V1.0 NO.90 金额更新成null 画面后台直连更新专用20160819 start-->
	<update id="updateByPrimaryKeyAll" parameterClass="com.synesoft.cci.app.form.cbm.CciLoanReceiptInfoForm">
		UPDATE ${SUBSYSTEM_SCHEMA}CCI_LOAN_RECEIPT_INFO
		<dynamic prepend="set">
			BORROWER_NAME =
			#borrowerName#,
			LOAN_CARD_NO = #loanCardNo#,
			LOAN_CONTRACT_NO =
			#loanContractNo#,
			BUSI_DATE = #busiDate#,
			RECIEPT_NO = #recieptNo#,
			CURRENCY = #currency#,
			RECIEPT_AMOUNT =
			#recieptAmount:DECIMAL#,
			RECIEPT_BALANCE =
			#recieptBalance:DECIMAL#,
			START_DATE = #startDate#,
			EXPIRY_DATE = #expiryDate#,
			LOAN_BUSI_TYPE =
			#loanBusiType#,
			LOAN_FORM = #loanForm#,
			LOAN_PROPERTY =
			#loanProperty#,
			LOAN_ORIENTATION =
			#loanOrientation#,
			LOAN_TYPE = #loanType#,
			EXTENSION_FLAG =
			#extensionFlag#,
			FOUR_STAGE_CLASSIFICATION =
			#fourStageClassification#,
			FIVE_STAGE_CLASSIFICATION =
			#fiveStageClassification#,
			CUSTOMER_CODE =
			#customerCode#,
			PARENT_I = #parentI#
			<!-- add by gcj 20170103 Release V1.0 NO.299 start -->
			<isNotEmpty property="taskId">
				,TASK_ID=
				#taskId#
			</isNotEmpty>
			<isNotEmpty property="stepId">
				,STEP_ID =
				#stepId#
			</isNotEmpty>
			<isNotEmpty property="batDate">
				,BAT_DATE =
				#batDate#
			</isNotEmpty>
			<!-- add by gcj 20170103 Release V1.0 NO.299 end -->
		</dynamic>
		where 1=1
		<dynamic>
			<isNotEmpty prepend="and" property="sysCtlId">
				sys_ctl_id = #sysCtlId#
			</isNotEmpty>
		</dynamic>
	</update>
    <!-- add by gcj Release V1.0 NO.90 金额更新成null 画面后台直连更新专用20160819 end-->

	<update id="updateByOtherKey" parameterClass="com.synesoft.cci.app.form.cbm.CciLoanReceiptInfoForm">
		UPDATE ${SUBSYSTEM_SCHEMA}CCI_LOAN_RECEIPT_INFO
		<dynamic prepend="set">
			<isNotNull prepend="," property="borrowerName">
				BORROWER_NAME =
				#borrowerName#
			</isNotNull>
			<isNotNull prepend="," property="loanCardNo">
				LOAN_CARD_NO = #loanCardNo#
			</isNotNull>
			<isNotNull prepend="," property="loanContractNo">
				LOAN_CONTRACT_NO =
				#loanContractNo#
			</isNotNull>
			<isNotNull prepend="," property="busiDate">
				BUSI_DATE = #busiDate#
			</isNotNull>
			<isNotNull prepend="," property="recieptNo">
				RECIEPT_NO = #recieptNo#
			</isNotNull>
			<isNotNull prepend="," property="currency">
				CURRENCY = #currency#
			</isNotNull>
			<isNotNull prepend="," property="recieptAmount">
				RECIEPT_AMOUNT =
				#recieptAmount:DECIMAL#
			</isNotNull>
			<isNotNull prepend="," property="recieptBalance">
				RECIEPT_BALANCE =
				#recieptBalance:DECIMAL#
			</isNotNull>
			<isNotNull prepend="," property="startDate">
				START_DATE = #startDate#
			</isNotNull>
			<isNotNull prepend="," property="expiryDate">
				EXPIRY_DATE = #expiryDate#
			</isNotNull>
			<isNotNull prepend="," property="loanBusiType">
				LOAN_BUSI_TYPE =
				#loanBusiType#
			</isNotNull>
			<isNotNull prepend="," property="loanForm">
				LOAN_FORM = #loanForm#
			</isNotNull>
			<isNotNull prepend="," property="loanProperty">
				LOAN_PROPERTY =
				#loanProperty#
			</isNotNull>
			<isNotNull prepend="," property="loanOrientation">
				LOAN_ORIENTATION =
				#loanOrientation#
			</isNotNull>
			<isNotNull prepend="," property="loanType">
				LOAN_TYPE = #loanType#
			</isNotNull>
			<isNotNull prepend="," property="extensionFlag">
				EXTENSION_FLAG =
				#extensionFlag#
			</isNotNull>
			<isNotNull prepend="," property="fourStageClassification">
				FOUR_STAGE_CLASSIFICATION =
				#fourStageClassification#
			</isNotNull>
			<isNotNull prepend="," property="fiveStageClassification">
				FIVE_STAGE_CLASSIFICATION =
				#fiveStageClassification#
			</isNotNull>
			<isNotNull prepend="," property="customerCode">
				CUSTOMER_CODE =
				#customerCode#
			</isNotNull>
			<isNotNull prepend="," property="parentI">
				PARENT_I = #parentI#
			</isNotNull>
		</dynamic>
		where 1=1
		<dynamic>
			<isNotEmpty prepend="and" property="loanContractNoCndsn">
				LOAN_CONTRACT_NO = #loanContractNoCndsn#
			</isNotEmpty>
		</dynamic>
	</update>

	<delete id="deleteByPrimaryKey" parameterClass="com.synesoft.cci.app.form.cbm.CciLoanReceiptInfoForm">
		DELETE FROM
		${SUBSYSTEM_SCHEMA}CCI_LOAN_RECEIPT_INFO
		where 1=1
		<dynamic>
			<isNotEmpty prepend="and" property="sysCtlId">
				sys_ctl_id = #sysCtlId#
			</isNotEmpty>
		</dynamic>
	</delete>

	<update id="updateBySuperKey" parameterClass="com.synesoft.cci.app.form.cbm.CciLoanReceiptInfoForm">
		UPDATE ${SUBSYSTEM_SCHEMA}CCI_LOAN_RECEIPT_INFO
		<dynamic prepend="set">
			<isNotNull prepend="," property="loanCardNo">
				LOAN_CARD_NO = #loanCardNo#
			</isNotNull>
			<isNotNull prepend="," property="loanContractNo">
				LOAN_CONTRACT_NO =
				#loanContractNo#
			</isNotNull>
			<isNotNull prepend="," property="customerCode">
				CUSTOMER_CODE =
				#customerCode#
			</isNotNull>
			<isNotNull prepend="," property="borrowerName">
				BORROWER_NAME =
				#borrowerName#
			</isNotNull>
		</dynamic>
		where 1=1
		<dynamic>
			<isNotEmpty prepend="and" property="parentI">
				PARENT_I = #parentI#
			</isNotEmpty>
		</dynamic>
	</update>

	<!-- 更新控制表父sysCtlId的dtlNum -->
	<update id="updateParentBySuperKey" parameterClass="com.synesoft.cci.app.form.cbm.CciLoanReceiptInfoForm">
		UPDATE ${SUBSYSTEM_SCHEMA}CCI_REPORT_SYSTEM_CTL
		SET
		DTL_NUM_C = (
		select
		count(*) from ${SUBSYSTEM_SCHEMA}cci_report_system_ctl
		where sys_ctl_id in (
		select
		t.sys_ctl_id from ${SUBSYSTEM_SCHEMA}CCI_LOAN_RECEIPT_INFO t
		where 1=1
		<dynamic>
			<isNotEmpty prepend="and" property="parentI">
				t.parent_I=#parentI#
			</isNotEmpty>
		</dynamic>
		)
		and operating_state ='21'
		and logic_delete_flag !='1'
		)
		where 1=1
		<dynamic>
			<isNotEmpty prepend="and" property="parentI">
				sys_ctl_id = #parentI#
			</isNotEmpty>
		</dynamic>
	</update>

	<select id="selectParentCounts" parameterClass="com.synesoft.cci.app.form.cbm.CciLoanReceiptInfoForm"
		resultClass="java.lang.Integer">
		select COUNT(*) from ${SUBSYSTEM_SCHEMA}CCI_LOAN_RECEIPT_INFO a
		left
		join ${SUBSYSTEM_SCHEMA}CCI_REPORT_SYSTEM_CTL b
		on
		a.sys_ctl_id=b.sys_ctl_id
		where 1=1
		<dynamic>
			<isNotEmpty prepend="and" property="parentI">
				a.parent_I = #parentI#
			</isNotEmpty>
			<isNotEmpty prepend="and" property="opStsList">
				<iterate property="opStsList" open="b.OPERATING_STATE NOT IN ("
					close=")" conjunction=",">
					#opStsList[]#
				</iterate>
			</isNotEmpty>
		</dynamic>
		<!-- 逻辑删除标志 -->
		AND b.LOGIC_DELETE_FLAG NOT IN ('1')
	</select>
	
	<!-- add by gy 2016-10-11 Release V1.0 NO.156 start -->
	<!-- upd by gy 20170427 Release V1.0 NO.437 start -->
	<select id="selectCountsByLoanContractNo" parameterClass="com.synesoft.cci.app.form.cbm.CciLoanReceiptInfoForm"
		resultClass="java.lang.Integer">
		select COUNT(*) from ${SUBSYSTEM_SCHEMA}CCI_LOAN_RECEIPT_INFO a
		left
		join ${SUBSYSTEM_SCHEMA}CCI_REPORT_SYSTEM_CTL b
		on
		a.sys_ctl_id=b.sys_ctl_id
		where 1=1
		<dynamic>
			<isNotEmpty prepend="and" property="loanContractNo">
				a.LOAN_CONTRACT_NO = #loanContractNo#
			</isNotEmpty>
			<isNotEmpty prepend="and" property="loanCardNo">
				a.LOAN_CARD_NO = #loanCardNo#
			</isNotEmpty>
			<isNotEmpty prepend="and" property="branchId">
				b.BRANCH_ID = #branchId#
			</isNotEmpty>
			<isNotEmpty prepend="and" property="opStsList">
				<iterate property="opStsList" open="b.OPERATING_STATE NOT IN ("
					close=")" conjunction=",">
					#opStsList[]#
				</iterate>
			</isNotEmpty>
		</dynamic>
		<!-- 逻辑删除标志 -->
		AND b.MSG_RECORD_OPERATE_TYPE = '1'
		AND b.LOGIC_DELETE_FLAG NOT IN ('1')
	</select>
	<!-- upd by gy 20170427 Release V1.0 NO.437 end -->
	<!-- add by gy 2016-10-11 Release V1.0 NO.156 end -->
	
	<select id="getReportData" parameterClass="java.lang.String"
		resultMap="CciLoanReceiptInfoFormResult">
		select *
		from ${SUBSYSTEM_SCHEMA}CCI_LOAN_RECEIPT_INFO t1
		join ${SUBSYSTEM_SCHEMA}CCI_REPORT_SYSTEM_CTL t2
		on t1.SYS_CTL_ID =
		t2.SYS_CTL_ID
		where 1 = 1
		and t2.RELATION_SYS_CTL_ID = #sysCtl#
		and
		t2.REPORT_FLAG = '3'
	</select>

	<!-- 校验未上报和未删除的数据 -->
	<!-- upd by gf at 20160804 Release V1.0 NO.74 校验修改 -->
	<select id="getValidateData" resultMap="CciLoanReceiptInfoFormResult">
		select *
		from
		${SUBSYSTEM_SCHEMA}CCI_LOAN_RECEIPT_INFO t1
		join
		${SUBSYSTEM_SCHEMA}CCI_REPORT_SYSTEM_CTL t2
		on t1.SYS_CTL_ID =
		t2.SYS_CTL_ID
		where 1 = 1
		and t2.logic_delete_flag = '0'
		and t2.REPORT_FLAG = '0'
	</select>
</sqlMap>