<?xml version="1.0" encoding="UTF-8" ?>
<!DOCTYPE sqlMap PUBLIC "-//ibatis.apache.org//DTD SQL Map 2.0//EN" "http://ibatis.apache.org/dtd/sql-map-2.dtd" >
<sqlMap namespace="CCI_FEEDBACK_HEAD_MANAGE">
	<resultMap id="cciFeedbackHeadManageResult"
		class="com.synesoft.cci.domain.model.CciFeedbackHeadManage">
		<!-- WARNING - This element is automatically generated by Abator for iBATIS, 
			do not modify. This element was generated on Tue Dec 22 15:59:19 CST 2015. -->
		<result column="BRANCH_ID" property="branchId" jdbcType="VARCHAR" />
		<result column="REPORT_FILE_DATE" property="reportFileDate"
			jdbcType="VARCHAR" />
		<result column="REPORT_FILE_TYPE" property="reportFileType"
			jdbcType="VARCHAR" />
		<result column="REPORT_FILE_REDO_TYPE" property="reportFileRedoType"
			jdbcType="VARCHAR" />
		<result column="REPORT_FILE_NO" property="reportFileNo"
			jdbcType="VARCHAR" />
		<result column="MSG_HEAD_NO" property="msgHeadNo" jdbcType="VARCHAR" />
		<result column="MSG_BODY_NO" property="msgBodyNo" jdbcType="VARCHAR" />
		<result column="MSG_CONTENT" property="msgContent" jdbcType="VARCHAR" />
		<result column="MSG_BODY_RECORD_NO" property="msgBodyRecordNo"
			jdbcType="DECIMAL" />
		<result column="MSG_GENERATION_TIME" property="msgGenerationTime"
			jdbcType="VARCHAR" />
		<result column="ERROR_REPORT_FILE_NAME" property="errorReportFileName"
			jdbcType="VARCHAR" />
		<result column="REPORT_MESSAGE_TYPE" property="reportMessageType"
			jdbcType="VARCHAR" />
		<result column="ERROR_REASON" property="errorReason" jdbcType="VARCHAR" />
		<result column="ERROR_REASON_CODE1" property="errorReasonCode1"
			jdbcType="VARCHAR" />
		<result column="ERROR_REASON_CODE2" property="errorReasonCode2"
			jdbcType="VARCHAR" />
		<result column="ERROR_REASON_CODE3" property="errorReasonCode3"
			jdbcType="VARCHAR" />
		<result column="ERROR_REASON_CODE4" property="errorReasonCode4"
			jdbcType="VARCHAR" />
		<result column="ERROR_REASON_CODE5" property="errorReasonCode5"
			jdbcType="VARCHAR" />
		<result column="REDO_REQUEST" property="redoRequest" jdbcType="VARCHAR" />
		<result column="BRANCH_NO" property="branchNo" jdbcType="VARCHAR" />
		<result column="LAST_UPDATE_TIME" property="lastUpdateTime"
			jdbcType="VARCHAR" />
		<result column="LAST_UPDATER" property="lastUpdater" jdbcType="VARCHAR" />
		<result column="LOGIC_DELETE_FLAG" property="logicDeleteFlag"
			jdbcType="VARCHAR" />
		<result column="SYS_CTL_ID" property="sysCtlId" jdbcType="VARCHAR" />
	</resultMap>

	<insert id="insert" parameterClass="com.synesoft.cci.domain.model.CciFeedbackHeadManage">
		insert into
		${SUBSYSTEM_SCHEMA}CCI_FEEDBACK_HEAD_MANAGE (BRANCH_ID,
		REPORT_FILE_DATE, REPORT_FILE_TYPE,
		REPORT_FILE_REDO_TYPE,
		REPORT_FILE_NO, MSG_HEAD_NO, MSG_BODY_NO, MSG_CONTENT,
		MSG_BODY_RECORD_NO, MSG_GENERATION_TIME, ERROR_REPORT_FILE_NAME,
		REPORT_MESSAGE_TYPE,
		ERROR_REASON, ERROR_REASON_CODE1,
		ERROR_REASON_CODE2, ERROR_REASON_CODE3,
		ERROR_REASON_CODE4,
		ERROR_REASON_CODE5, REDO_REQUEST, BRANCH_NO, LAST_UPDATE_TIME,
		LAST_UPDATER,
		LOGIC_DELETE_FLAG, SYS_CTL_ID)
		values (#branchId:VARCHAR#,
		#reportFileDate:VARCHAR#,
		#reportFileType:VARCHAR#,
		#reportFileRedoType:VARCHAR#, #reportFileNo:VARCHAR#,
		#msgHeadNo:VARCHAR#,
		#msgBodyNo:VARCHAR#, #msgContent:VARCHAR#,
		#msgBodyRecordNo:DECIMAL#,
		#msgGenerationTime:VARCHAR#,
		#errorReportFileName:VARCHAR#,
		#reportMessageType:VARCHAR#,
		#errorReason:VARCHAR#, #errorReasonCode1:VARCHAR#,
		#errorReasonCode2:VARCHAR#,
		#errorReasonCode3:VARCHAR#,
		#errorReasonCode4:VARCHAR#,
		#errorReasonCode5:VARCHAR#,
		#redoRequest:VARCHAR#, #branchNo:VARCHAR#, #lastUpdateTime:VARCHAR#,
		#lastUpdater:VARCHAR#,
		#logicDeleteFlag:VARCHAR#, #sysCtlId:VARCHAR#)
	</insert>

	<update id="updateByPrimaryKey" parameterClass="com.synesoft.cci.domain.model.CciFeedbackHeadManage">
		update ${SUBSYSTEM_SCHEMA}CCI_FEEDBACK_HEAD_MANAGE
		<dynamic prepend="set">
			<isNotNull prepend="," property="msgHeadNo">
				MSG_HEAD_NO = #msgHeadNo#
			</isNotNull>
			<isNotNull prepend="," property="reportFileDate">
				REPORT_FILE_DATE =
				#reportFileDate#
			</isNotNull>
			<isNotNull prepend="," property="reportFileNo">
				REPORT_FILE_NO =
				#reportFileNo#
			</isNotNull>

			<isNotNull prepend="," property="branchId">
				BRANCH_ID =
				#branchId:VARCHAR#
			</isNotNull>
			<isNotNull prepend="," property="reportFileType">
				REPORT_FILE_TYPE =
				#reportFileType:VARCHAR#
			</isNotNull>
			<isNotNull prepend="," property="reportFileRedoType">
				REPORT_FILE_REDO_TYPE =
				#reportFileRedoType:VARCHAR#
			</isNotNull>
			<isNotNull prepend="," property="msgBodyNo">
				MSG_BODY_NO =
				#msgBodyNo:VARCHAR#
			</isNotNull>
			<isNotNull prepend="," property="msgContent">
				MSG_CONTENT =
				#msgContent:VARCHAR#
			</isNotNull>
			<isNotNull prepend="," property="msgBodyRecordNo">
				MSG_BODY_RECORD_NO =
				#msgBodyRecordNo:DECIMAL#
			</isNotNull>
			<isNotNull prepend="," property="msgGenerationTime">
				MSG_GENERATION_TIME =
				#msgGenerationTime:VARCHAR#
			</isNotNull>
			<isNotNull prepend="," property="errorReportFileName">
				ERROR_REPORT_FILE_NAME =
				#errorReportFileName:VARCHAR#
			</isNotNull>
			<isNotNull prepend="," property="reportMessageType">
				REPORT_MESSAGE_TYPE =
				#reportMessageType:VARCHAR#
			</isNotNull>
			<isNotNull prepend="," property="errorReason">
				ERROR_REASON =
				#errorReason:VARCHAR#
			</isNotNull>
			<isNotNull prepend="," property="errorReasonCode1">
				ERROR_REASON_CODE1 =
				#errorReasonCode1:VARCHAR#
			</isNotNull>
			<isNotNull prepend="," property="errorReasonCode2">
				ERROR_REASON_CODE2 =
				#errorReasonCode2:VARCHAR#
			</isNotNull>
			<isNotNull prepend="," property="errorReasonCode3">
				ERROR_REASON_CODE3 =
				#errorReasonCode3:VARCHAR#
			</isNotNull>
			<isNotNull prepend="," property="errorReasonCode4">
				ERROR_REASON_CODE4 =
				#errorReasonCode4:VARCHAR#
			</isNotNull>
			<isNotNull prepend="," property="errorReasonCode5">
				ERROR_REASON_CODE5 =
				#errorReasonCode5:VARCHAR#
			</isNotNull>
			<isNotNull prepend="," property="redoRequest">
				REDO_REQUEST =
				#redoRequest:VARCHAR#
			</isNotNull>
			<isNotNull prepend="," property="branchNo">
				BRANCH_NO =
				#branchNo:VARCHAR#
			</isNotNull>
			<isNotNull prepend="," property="lastUpdateTime">
				LAST_UPDATE_TIME =
				#lastUpdateTime:VARCHAR#
			</isNotNull>
			<isNotNull prepend="," property="lastUpdater">
				LAST_UPDATER =
				#lastUpdater:VARCHAR#
			</isNotNull>
			<isNotNull prepend="," property="logicDeleteFlag">
				LOGIC_DELETE_FLAG =
				#logicDeleteFlag:VARCHAR#
			</isNotNull>
		</dynamic>
		where 1=1
		<dynamic>
			<isNotEmpty prepend="and" property="sysCtlId">
				sys_ctl_id = #sysCtlId#
			</isNotEmpty>
		</dynamic>
	</update>
    
    <!-- add by gcj Release V1.0 NO.90 金额更新成null 画面后台直连更新专用20160819 start-->
	<update id="updateByPrimaryKeyAll" parameterClass="com.synesoft.cci.domain.model.CciFeedbackHeadManage">
		update ${SUBSYSTEM_SCHEMA}CCI_FEEDBACK_HEAD_MANAGE
		<dynamic prepend="set">
			MSG_HEAD_NO = #msgHeadNo#,
			REPORT_FILE_DATE =
			#reportFileDate#,
			REPORT_FILE_NO =
			#reportFileNo#,
			BRANCH_ID =
			#branchId:VARCHAR#,
			REPORT_FILE_TYPE =
			#reportFileType:VARCHAR#,
			REPORT_FILE_REDO_TYPE =
			#reportFileRedoType:VARCHAR#,
			MSG_BODY_NO =
			#msgBodyNo:VARCHAR#,
			MSG_CONTENT =
			#msgContent:VARCHAR#,
			MSG_BODY_RECORD_NO =
			#msgBodyRecordNo:DECIMAL#,
			MSG_GENERATION_TIME =
			#msgGenerationTime:VARCHAR#,
			ERROR_REPORT_FILE_NAME =
			#errorReportFileName:VARCHAR#,
			REPORT_MESSAGE_TYPE =
			#reportMessageType:VARCHAR#,
			ERROR_REASON =
			#errorReason:VARCHAR#,
			ERROR_REASON_CODE1 =
			#errorReasonCode1:VARCHAR#,
			ERROR_REASON_CODE2 =
			#errorReasonCode2:VARCHAR#,
			ERROR_REASON_CODE3 =
			#errorReasonCode3:VARCHAR#,
			ERROR_REASON_CODE4 =
			#errorReasonCode4:VARCHAR#,
			ERROR_REASON_CODE5 =
			#errorReasonCode5:VARCHAR#,
			REDO_REQUEST =
			#redoRequest:VARCHAR#,
			BRANCH_NO =
			#branchNo:VARCHAR#,
			LAST_UPDATE_TIME =
			#lastUpdateTime:VARCHAR#,
			LAST_UPDATER =
			#lastUpdater:VARCHAR#,
			LOGIC_DELETE_FLAG =
			#logicDeleteFlag:VARCHAR#
		</dynamic>
		where 1=1
		<dynamic>
			<isNotEmpty prepend="and" property="sysCtlId">
				sys_ctl_id = #sysCtlId#
			</isNotEmpty>
		</dynamic>
	</update>
    <!-- add by gcj Release V1.0 NO.90 金额更新成null 画面后台直连更新专用20160819 end-->
	
	<select id="selectList" parameterClass="com.synesoft.cci.domain.model.CciFeedbackHeadManage"
		resultMap="cciFeedbackHeadManageResult">

		select t.* from ${SUBSYSTEM_SCHEMA}CCI_FEEDBACK_HEAD_MANAGE t
		where 1=1
		<dynamic>
			<isNotEmpty prepend="and" property="reportFileDate">
				REPORT_FILE_DATE = #reportFileDate#
			</isNotEmpty>
			<isNotEmpty prepend="and" property="reportFileType">
				REPORT_FILE_TYPE = #reportFileType#
			</isNotEmpty>
			<isNotEmpty prepend="and" property="reportFileNo">
				REPORT_FILE_NO = #reportFileNo#
			</isNotEmpty>
			<isNotEmpty prepend="and" property="reportMessageType">
				REPORT_MESSAGE_TYPE = #reportMessageType#
			</isNotEmpty>
		</dynamic>

	</select>

</sqlMap>