<?xml version="1.0" encoding="UTF-8" ?>
<!DOCTYPE sqlMap PUBLIC "-//ibatis.apache.org//DTD SQL Map 2.0//EN" "http://ibatis.apache.org/dtd/sql-map-2.dtd" >
<sqlMap namespace="CCI_ORGINFO_BASIC">
	<resultMap id="CciOrginfoBasicFormResult1"
		class="com.synesoft.cci.app.form.obm.CciOrginfoBasicForm">
		<result column="SYS_CTL_ID" property="sysCtlId" jdbcType="VARCHAR" />
		<result column="RELATION_FEEDBACK_ID" property="relationFeedbackId" jdbcType="VARCHAR"/>
		<result column="CUSTOMER_CODE" property="customerCode"
			jdbcType="VARCHAR" />
		<result column="MANAGEMENT_ROW_CODE" property="managementRowCode"
			jdbcType="VARCHAR" />
		<result column="CUSTOMER_TYPE" property="customerType"
			jdbcType="VARCHAR" />
		<result column="ORG_CREDIT_CODE_A" property="orgCreditCodeA"
			jdbcType="VARCHAR" />
		<result column="ORG_CODE_A" property="orgCodeA" jdbcType="VARCHAR" />
		<result column="REGISTRATION_CODE_TYPE_A" property="registrationCodeTypeA"
			jdbcType="VARCHAR" />
		<result column="REGISTRATION_CODE_A" property="registrationCodeA"
			jdbcType="VARCHAR" />
		<result column="TAX_IDENTIFY_CODE_NA" property="taxIdentifyCodeNa"
			jdbcType="VARCHAR" />
		<result column="TAX_IDENTIFY_CODE_ST" property="taxIdentifyCodeSt"
			jdbcType="VARCHAR" />
		<result column="OPEN_ACCOUNT_APPROVAL_NO" property="openAccountApprovalNo"
			jdbcType="VARCHAR" />
		<result column="LOAN_CARD_NO" property="loanCardNo" jdbcType="VARCHAR" />
		<result column="RSV_A" property="rsvA" jdbcType="VARCHAR" />
		<result column="DATA_ABSTRACT_DATE" property="dataAbstractDate" jdbcType="VARCHAR" />
		<result column="FILE_SEND_DATE" property="fileSendDate"
			jdbcType="VARCHAR" />
		<result column="REPORT_BATCH_NO" property="reportBatchNo"
			jdbcType="VARCHAR" />
		<result column="MSG_RECORD_TRACKING_NO" property="msgRecordTrackingNo"
			jdbcType="VARCHAR" />
		<result column="MSG_RECORD_OPERATE_TYPE" property="msgRecordOperateType"
			jdbcType="VARCHAR" />
		<result column="MSG_RECORD_ROW" property="msgRecordRow"
			jdbcType="VARCHAR" />
		<result column="REPORT_FLAG" property="reportFlag" jdbcType="VARCHAR" />
		<result column="FEEDBACK_FLAG" property="feedbackFlag"
			jdbcType="VARCHAR" />
		<result column="DEPT_ID" property="deptId" jdbcType="VARCHAR" />
		<result column="OPERATING_STATE" property="operatingState"
			jdbcType="VARCHAR" />
		<result column="REPORT_FILE_TYPE" property="reportFileType"
			jdbcType="VARCHAR" />
		<result column="MSG_RECORD_TYPE" property="msgRecordType"
			jdbcType="VARCHAR" />
		<result column="BRANCH_ID" property="branchId" jdbcType="VARCHAR" />
		<result column="BRANCH_NO" property="branchNo" jdbcType="VARCHAR" />
		<result column="RELATION_SYS_CTL_ID" property="relationSysCtlId"
			jdbcType="VARCHAR" />
		<result column="ORG_BASIC_FEEDBACK_FLAG" property="orgBasicFeedbackFlag"
			jdbcType="VARCHAR" />
		<result column="OPERATE_TIME" property="operateTime" jdbcType="VARCHAR" />
		<result column="OPERATER" property="operater" jdbcType="VARCHAR" />
		<result column="CHECK_TIME" property="checkTime" jdbcType="VARCHAR" />
		<result column="CHECK_OPERATOR" property="checkOperator"
			jdbcType="VARCHAR" />
		<result column="CHECK_ADD_MSG" property="checkAddMsg" jdbcType="VARCHAR" />
		<result column="LAST_UPDATE_TIME" property="lastUpdateTime"
			jdbcType="VARCHAR" />
		<result column="LAST_UPDATER" property="lastUpdater" jdbcType="VARCHAR" />
		<result column="LOGIC_DELETE_FLAG" property="logicDeleteFlag"
			jdbcType="VARCHAR" />
		<result column="RECORD_STATUS_FLAG" property="recordStatusFlag"
			jdbcType="VARCHAR" />
		<result column="MESSAGE_TYPE" property="messageType" jdbcType="VARCHAR" />
		<result column="DTL_NUM_A" property="dtlNumA" jdbcType="VARCHAR" />
		<result column="DTL_NUM_B" property="dtlNumB" jdbcType="VARCHAR" />
		<result column="DTL_NUM_C" property="dtlNumC" jdbcType="VARCHAR" />
		<result column="DTL_NUM_D" property="dtlNumD" jdbcType="VARCHAR" />
		<result column="STATE_FLAG" property="stateFlag" jdbcType="VARCHAR" />
	</resultMap>
	<resultMap id="CciOrginfoBasicFormResult"
		class="com.synesoft.cci.app.form.obm.CciOrginfoBasicForm" extends="CCI_ORGINFO_BASIC.CciOrginfoBasicFormResult1">
		<result column="ORG_CN_NAME" property="orgCnName" jdbcType="VARCHAR" />
		<result column="ORG_EN_NAME" property="orgEnName" jdbcType="VARCHAR" />
	</resultMap>
	
	<resultMap id="cciOrginfoBasicVOResult" class="com.synesoft.cci.domain.model.CciOrginfoBasic" >
	    <result column="SYS_CTL_ID" property="sysCtlId" jdbcType="VARCHAR" />
	    <result column="CUSTOMER_CODE" property="customerCode" jdbcType="VARCHAR" />
	    <result column="MANAGEMENT_ROW_CODE" property="managementRowCode" jdbcType="VARCHAR" />
	    <result column="CUSTOMER_TYPE" property="customerType" jdbcType="VARCHAR" />
	    <result column="ORG_CREDIT_CODE_A" property="orgCreditCodeA" jdbcType="VARCHAR" />
	    <result column="ORG_CODE_A" property="orgCodeA" jdbcType="VARCHAR" />
	    <result column="REGISTRATION_CODE_TYPE_A" property="registrationCodeTypeA" jdbcType="VARCHAR" />
	    <result column="REGISTRATION_CODE_A" property="registrationCodeA" jdbcType="VARCHAR" />
	    <result column="TAX_IDENTIFY_CODE_NA" property="taxIdentifyCodeNa" jdbcType="VARCHAR" />
	    <result column="TAX_IDENTIFY_CODE_ST" property="taxIdentifyCodeSt" jdbcType="VARCHAR" />
	    <result column="OPEN_ACCOUNT_APPROVAL_NO" property="openAccountApprovalNo" jdbcType="VARCHAR" />
	    <result column="LOAN_CARD_NO" property="loanCardNo" jdbcType="VARCHAR" />
	    <result column="DATA_ABSTRACT_DATE" property="dataAbstractDate" jdbcType="VARCHAR" />
	    <result column="RSV_A" property="rsvA" jdbcType="VARCHAR" />
		<result column="STATE_FLAG" property="stateFlag" jdbcType="VARCHAR" />
	</resultMap>
	
	<resultMap id="CciOrginfoBasicPropertyVOResult" class="com.synesoft.cci.domain.model.CciOrginfoBasicProperty">
		<result column="SYS_CTL_ID" property="sysCtlId" jdbcType="VARCHAR" />
		<result column="CUSTOMER_CODE" property="customerCode" jdbcType="VARCHAR" />
		<result column="ORG_CN_NAME" property="orgCnName" jdbcType="VARCHAR" />
		<result column="ORG_EN_NAME" property="orgEnName" jdbcType="VARCHAR" />
		<result column="REGISTATION_ADDRESS" property="registationAddress" jdbcType="VARCHAR" />
		<result column="NATIONNALITY" property="nationnality" jdbcType="VARCHAR" />
		<result column="REGISTATION_AREA_DIVISION" property="registationAreaDivision" jdbcType="DECIMAL" />
		<result column="ESTABLISH_DATE" property="establishDate" jdbcType="VARCHAR" />
		<result column="PAPER_EXPIRY_DATE" property="paperExpiryDate" jdbcType="VARCHAR" />
		<result column="OPERATING_RANGE" property="operatingRange" jdbcType="VARCHAR" />
		<result column="REGISTERED_CAPITAL_CURRENCY" property="registeredCapitalCurrency" jdbcType="VARCHAR" />
		<result column="REGISTERED_AMOUNT" property="registeredAmount" jdbcType="DECIMAL" />
		<result column="ORG_TYPE" property="orgType" jdbcType="VARCHAR" />
		<result column="ORG_TYPE_CLASSIFY" property="orgTypeClassify" jdbcType="VARCHAR" />
		<result column="ECONOMIC_CLASSIFY" property="economicClassify" jdbcType="VARCHAR" />
		<result column="ECONOMIC_TYPE" property="economicType" jdbcType="VARCHAR" />
		<result column="INFORMATION_UPDATE_DATE_B" property="informationUpdateDateB" jdbcType="VARCHAR" />
		<result column="RSV_B" property="rsvB" jdbcType="VARCHAR" />
		<result column="STATE_FLAG" property="stateFlag" jdbcType="VARCHAR" />
		<!-- add by gcj 20160707 Release V1.0 NO.53 机构修改 四个子段拆成parenti start -->
		<result column="PARENT_I" property="parentI" jdbcType="VARCHAR" />
		<!-- add by gcj 20160707 Release V1.0 NO.53 机构修改 四个子段拆成parenti start -->
	</resultMap>
	
	<resultMap id="CciOrginfoOrgStatusVOResult" class="com.synesoft.cci.domain.model.CciOrginfoOrgStatus">
		<result column="SYS_CTL_ID" property="sysCtlId" jdbcType="VARCHAR" />
		<result column="CUSTOMER_CODE" property="customerCode" jdbcType="VARCHAR" />
		<result column="BASIC_STATUS" property="basicStatus" jdbcType="VARCHAR" />
		<result column="ENTERPRISE_SCALE" property="enterpriseScale" jdbcType="VARCHAR" />
		<result column="ORG_STATUS" property="orgStatus" jdbcType="VARCHAR" />
		<result column="INFORMATION_UPDATE_DATE_D" property="informationUpdateDateD" jdbcType="VARCHAR" />
		<result column="RSV_D" property="rsvD" jdbcType="VARCHAR" />
		<result column="STATE_FLAG" property="stateFlag" jdbcType="VARCHAR" />
		<!-- add by gcj 20160707 Release V1.0 NO.53 机构修改 四个子段拆成parenti start -->
		<result column="PARENT_I" property="parentI" jdbcType="VARCHAR" />
		<!-- add by gcj 20160707 Release V1.0 NO.53 机构修改 四个子段拆成parenti start -->
	</resultMap>
	
	<resultMap id="CciOrginfoContactVOResult" class="com.synesoft.cci.domain.model.CciOrginfoContact">
		<result column="SYS_CTL_ID" property="sysCtlId" jdbcType="VARCHAR" />
		<result column="CUSTOMER_CODE" property="customerCode" jdbcType="VARCHAR" />
		<result column="ORG_WORK_ADDRESS" property="orgWorkAddress" jdbcType="VARCHAR" />
		<result column="TELEPHONE" property="telephone" jdbcType="VARCHAR" />
		<result column="FINANCE_DEPARTMENT_TELEPHONE" property="financeDepartmentTelephone" jdbcType="VARCHAR" />
		<result column="INFORMATION_UPDATE_DATE_C" property="informationUpdateDateC" jdbcType="VARCHAR" />
		<result column="RSV_C" property="rsvC" jdbcType="VARCHAR" />
		<result column="STATE_FLAG" property="stateFlag" jdbcType="VARCHAR" />
		<!-- add by gcj 20160707 Release V1.0 NO.53 机构修改 四个子段拆成parenti start -->
		<result column="PARENT_I" property="parentI" jdbcType="VARCHAR" />
		<!-- add by gcj 20160707 Release V1.0 NO.53 机构修改 四个子段拆成parenti start -->
	</resultMap>
	
	<resultMap id="CciOrginfoSuperiorMechVOResult" class="com.synesoft.cci.domain.model.CciOrginfoSuperiorMech">
		<result column="SYS_CTL_ID" property="sysCtlId" jdbcType="VARCHAR" />
		<result column="SUPERIOR_ORG_NAME" property="superiorOrgName" jdbcType="VARCHAR" />
		<result column="REGISTRATION_CODE_TYPE_E" property="registrationCodeTypeE" jdbcType="VARCHAR" />
		<result column="REGISTRATION_CODE_E" property="registrationCodeE" jdbcType="VARCHAR" />
		<result column="ORG_CODE_E" property="orgCodeE" jdbcType="VARCHAR" />
		<result column="ORG_CREDIT_CODE_E" property="orgCreditCodeE" jdbcType="VARCHAR" />
		<result column="INFORMATION_UPDATE_DATE_E" property="informationUpdateDateE" jdbcType="VARCHAR" />
		<result column="RSV_E" property="rsvE" jdbcType="VARCHAR" />
		<result column="CUSTOMER_CODE" property="customerCode" jdbcType="VARCHAR" />
		<result column="STATE_FLAG" property="stateFlag" jdbcType="VARCHAR" />
		<!-- add by gcj 20160707 Release V1.0 NO.53 机构修改 四个子段拆成parenti start -->
		<result column="PARENT_I" property="parentI" jdbcType="VARCHAR" />
		<!-- add by gcj 20160707 Release V1.0 NO.53 机构修改 四个子段拆成parenti start -->
	</resultMap>
	
	<!-- add by yb 2017-05-04 Release V1.0 NO.444 start -->
	<sql id="queryCondition">
	    from ${SUBSYSTEM_SCHEMA}CCI_ORGINFO_BASIC a
		<!-- add by gcj 20160622 Release V1.0 NO.39 start -->
		LEFT JOIN ${SUBSYSTEM_SCHEMA}CCI_REPORT_SYSTEM_CTL f on a.SYS_CTL_ID =
		f.SYS_CTL_ID
		LEFT JOIN (
			select a.SYS_CTL_ID as asysid,
			b.SYS_CTL_ID as bsysid
			from ${SUBSYSTEM_SCHEMA}CCI_ORGINFO_BASIC a
			INNER JOIN ${SUBSYSTEM_SCHEMA}CCI_ORGINFO_BASIC_PROPERTY b
			on a.SYS_CTL_ID = b.PARENT_I
			INNER JOIN ${SUBSYSTEM_SCHEMA}CCI_REPORT_SYSTEM_CTL d
			on d.SYS_CTL_ID = b.SYS_CTL_ID
			and d.LOGIC_DELETE_FLAG != '1'
			and d.FEEDBACK_FLAG != '4'
		) c
		ON a.SYS_CTL_ID = c.asysid
		LEFT JOIN ${SUBSYSTEM_SCHEMA}CCI_ORGINFO_BASIC_PROPERTY b
		on b.SYS_CTL_ID = c.bsysid
		<!-- add by gcj 20160622 Release V1.0 NO.39 end -->
		where 1=1
		<dynamic>
			<isNotEmpty prepend="and" property="orgInfList">
				<iterate property="orgInfList" open="f.BRANCH_NO IN ("
					close=")" conjunction=",">
					#orgInfList[]#
				</iterate>
			</isNotEmpty>
			<isNotEmpty prepend="and" property="branchId">
				f.BRANCH_ID =
				#branchId:VARCHAR#
			</isNotEmpty>
			<!-- add by yb 2016-12-01 Release V1.0 NO.B9 start -->
			<isNotEmpty prepend="and" property="dataAbstractDateStart">
				<![CDATA[a.DATA_ABSTRACT_DATE >=]]> #dataAbstractDateStart# 
			</isNotEmpty>
			<isNotEmpty prepend="and" property="dataAbstractDateEnd">
				<![CDATA[a.DATA_ABSTRACT_DATE <=]]> #dataAbstractDateEnd#
			</isNotEmpty>
			<isNotEmpty prepend="and" property="fileSendDateStart">
				<![CDATA[f.FILE_SEND_DATE >=]]> #fileSendDateStart# 
			</isNotEmpty>
			<isNotEmpty prepend="and" property="fileSendDateEnd">
				<![CDATA[f.FILE_SEND_DATE <=]]> #fileSendDateEnd#
			</isNotEmpty>
			<!-- add by yb 2016-12-01 Release V1.0 NO.B9 end -->
			<isNotEmpty prepend="and" property="customerCode">
				a.CUSTOMER_CODE =
				#customerCode:VARCHAR#
			</isNotEmpty>
			<isNotEmpty prepend="and" property="customerType">
				a.CUSTOMER_TYPE =
				#customerType:VARCHAR#
			</isNotEmpty>
			<isNotEmpty prepend="and" property="orgCnName">
				b.ORG_CN_NAME =
				#orgCnName:VARCHAR#
			</isNotEmpty>
			<isNotEmpty prepend="and" property="orgEnName">
				b.ORG_EN_NAME =
				#orgEnName:VARCHAR#
			</isNotEmpty>
			<isNotEmpty prepend="and" property="feedbackFlag">
				f.FEEDBACK_FLAG =
				#feedbackFlag:VARCHAR#
			</isNotEmpty>
			<isNotEmpty prepend="and" property="operatingState">
				f.OPERATING_STATE =
				#operatingState:VARCHAR#
			</isNotEmpty>
			<isNotEmpty prepend="and" property="reportFlag">
				f.REPORT_FLAG =
				#reportFlag:VARCHAR#
			</isNotEmpty>
			<isNotEmpty prepend="and" property="opStsList">
				<iterate property="opStsList" open="f.OPERATING_STATE IN ("
						close=")" conjunction=",">
					#opStsList[]#
				</iterate>
			</isNotEmpty>
			<isNotEmpty prepend="and" property="feedbackFlagList">
				<iterate property="feedbackFlagList" open="f.FEEDBACK_FLAG IN ("
						close=")" conjunction=",">
					#feedbackFlagList[]#
				</iterate>
			</isNotEmpty>
			<isNotEmpty prepend="and" property="loanCardNo">
				a.LOAN_CARD_NO =
				#loanCardNo:VARCHAR#
			</isNotEmpty>
		</dynamic>
		AND f.LOGIC_DELETE_FLAG NOT IN ('1')
	</sql>
	<!-- add by yb 2017-05-04 Release V1.0 NO.444 end -->

	<select id="selectByPrimaryKey" resultMap="CciOrginfoBasicFormResult"
		parameterClass="com.synesoft.cci.app.form.obm.CciOrginfoBasicForm">
		<!-- update by ld at 20160902 Release V1.0 NO.109-->
		select a.*, ORG_CN_NAME, ORG_EN_NAME
		<include refid="CCI_COM_REPORT_SYSTEM_FIELD.selectReportField"/>
		from ${SUBSYSTEM_SCHEMA}CCI_ORGINFO_BASIC a
		<!-- add by gcj 20160622 Release V1.0 NO.39 start -->
		LEFT JOIN ${SUBSYSTEM_SCHEMA}CCI_REPORT_SYSTEM_CTL f on a.SYS_CTL_ID =
		f.SYS_CTL_ID
		LEFT JOIN (
			select a.SYS_CTL_ID as asysid,
			b.SYS_CTL_ID as bsysid
			from ${SUBSYSTEM_SCHEMA}CCI_ORGINFO_BASIC a
			INNER JOIN ${SUBSYSTEM_SCHEMA}CCI_ORGINFO_BASIC_PROPERTY b
			on a.SYS_CTL_ID = b.PARENT_I
			INNER JOIN ${SUBSYSTEM_SCHEMA}CCI_REPORT_SYSTEM_CTL d
			on d.SYS_CTL_ID = b.SYS_CTL_ID
			and d.LOGIC_DELETE_FLAG != '1'
			and d.FEEDBACK_FLAG != '4'
		) c
		ON a.SYS_CTL_ID = c.asysid
		LEFT JOIN ${SUBSYSTEM_SCHEMA}CCI_ORGINFO_BASIC_PROPERTY b
		on b.SYS_CTL_ID = c.bsysid
		<!-- add by gcj 20160622 Release V1.0 NO.39 end -->
		where 1=1
		<dynamic>
			<isNotEmpty prepend="and" property="sysCtlId">
				a.SYS_CTL_ID =
				#sysCtlId:VARCHAR#
			</isNotEmpty>
		</dynamic>
	</select>

	<!--根据客户号查询add by gcj 20160406--><!-- add by gy 20170319 Release V1.0 NO.387 start -->
	<select id="selectByCustomer" resultMap="CciOrginfoBasicFormResult"
			parameterClass="com.synesoft.cci.app.form.obm.CciOrginfoBasicForm">
		select * from ${SUBSYSTEM_SCHEMA}CCI_ORGINFO_BASIC a
		LEFT join ${SUBSYSTEM_SCHEMA}CCI_REPORT_SYSTEM_CTL f on a.SYS_CTL_ID =
		f.SYS_CTL_ID
		LEFT JOIN (
			select a.SYS_CTL_ID as asysid,
			b.SYS_CTL_ID as bsysid
			from ${SUBSYSTEM_SCHEMA}CCI_ORGINFO_BASIC a
			INNER JOIN ${SUBSYSTEM_SCHEMA}CCI_ORGINFO_BASIC_PROPERTY b
			on a.SYS_CTL_ID = b.PARENT_I
			INNER JOIN ${SUBSYSTEM_SCHEMA}CCI_REPORT_SYSTEM_CTL d
			on d.SYS_CTL_ID = b.SYS_CTL_ID
			and d.LOGIC_DELETE_FLAG != '1'
			and d.FEEDBACK_FLAG != '4'
		) c
		ON a.SYS_CTL_ID = c.asysid
		LEFT JOIN ${SUBSYSTEM_SCHEMA}CCI_ORGINFO_BASIC_PROPERTY b
		on b.SYS_CTL_ID = c.bsysid
		where 1=1
		<dynamic>
			<isNotEmpty prepend="and" property="customerCode">
				a.CUSTOMER_CODE =
				#customerCode:VARCHAR#
			</isNotEmpty>
			<isNotEmpty prepend="and" property="dataAbstractDate">
				<![CDATA[a.DATA_ABSTRACT_DATE <=]]> #dataAbstractDate# 
			</isNotEmpty>
		</dynamic>
		AND f.FEEDBACK_FLAG != '4'
		AND f.LOGIC_DELETE_FLAG != '1'
		ORDER BY a.DATA_ABSTRACT_DATE DESC
	</select>
	<!-- upd by gy 20170319 Release V1.0 NO.387 end -->

	<select id="selectCounts" parameterClass="com.synesoft.cci.app.form.obm.CciOrginfoBasicForm"
		resultClass="java.lang.Integer">
		select count(*) 
		<!-- add by yb 2017-05-04 Release V1.0 NO.444 start -->
		<include refid="queryCondition"/>
		<!-- add by yb 2017-05-04 Release V1.0 NO.444 start -->
	</select>

	<select id="selectList" resultMap="CciOrginfoBasicFormResult"
		parameterClass="com.synesoft.cci.app.form.obm.CciOrginfoBasicForm">
		<!-- update by ld at 20160902 Release V1.0 NO.109-->
		select a.*, ORG_CN_NAME, ORG_EN_NAME
		<include refid="CCI_COM_REPORT_SYSTEM_FIELD.selectReportField"/>
		<!-- add by yb 2017-05-04 Release V1.0 NO.444 start -->
		<include refid="queryCondition"/>
		<!-- add by yb 2017-05-04 Release V1.0 NO.444 end -->
		ORDER BY
			<!-- add by gl 20160612 Release V1.0 NO.6 start--> 
			f.LAST_UPDATE_TIME DESC,
			<!-- add by gl 20160612 Release V1.0 NO.6 end-->
			a.SYS_CTL_ID DESC
	</select>

	<insert id="insert" parameterClass="com.synesoft.cci.app.form.obm.CciOrginfoBasicForm">
		insert into ${SUBSYSTEM_SCHEMA}CCI_ORGINFO_BASIC (SYS_CTL_ID,
		CUSTOMER_CODE, MANAGEMENT_ROW_CODE, CUSTOMER_TYPE,
		ORG_CREDIT_CODE_A,
		ORG_CODE_A, REGISTRATION_CODE_TYPE_A, REGISTRATION_CODE_A,
		TAX_IDENTIFY_CODE_NA, TAX_IDENTIFY_CODE_ST, OPEN_ACCOUNT_APPROVAL_NO,
		LOAN_CARD_NO, RSV_A, DATA_ABSTRACT_DATE,
		STATE_FLAG)
		values (#sysCtlId:VARCHAR#,
		#customerCode:VARCHAR#,
		#managementRowCode:VARCHAR#,
		#customerType:VARCHAR#, #orgCreditCodeA:VARCHAR#, #orgCodeA:VARCHAR#,
		#registrationCodeTypeA:VARCHAR#, #registrationCodeA:VARCHAR#,
		#taxIdentifyCodeNa:VARCHAR#,
		#taxIdentifyCodeSt:VARCHAR#,
		#openAccountApprovalNo:VARCHAR#, #loanCardNo:VARCHAR#,
		#rsvA:VARCHAR#,
		#dataAbstractDate:VARCHAR#, #stateFlag:VARCHAR#)
	</insert>
	<!--<insert id="insertA" parameterClass="com.synesoft.cci.domain.model.CciOrginfoBasic">-->
		<!--&lt;!&ndash; WARNING - This element is automatically generated by Abator for iBATIS, -->
			<!--do not modify. This element was generated on Fri Dec 11 17:14:26 CST 2015. &ndash;&gt;-->
		<!--insert into ${SUBSYSTEM_SCHEMA}CCI_ORGINFO_BASIC (SYS_CTL_ID,-->
		<!--CUSTOMER_CODE, MANAGEMENT_ROW_CODE, CUSTOMER_TYPE,-->
		<!--ORG_CREDIT_CODE_A,-->
		<!--ORG_CODE_A, REGISTRATION_CODE_TYPE_A, REGISTRATION_CODE_A,-->
		<!--TAX_IDENTIFY_CODE_NA, TAX_IDENTIFY_CODE_ST, OPEN_ACCOUNT_APPROVAL_NO,-->
		<!--LOAN_CARD_NO, RSV_A, DATA_ABSTRACT_DATE,-->
		<!--STATE_FLAG)-->
		<!--values (#sysCtlId:VARCHAR#,-->
		<!--#customerCode:VARCHAR#,-->
		<!--#managementRowCode:VARCHAR#,-->
		<!--#customerType:VARCHAR#, #orgCreditCodeA:VARCHAR#, #orgCodeA:VARCHAR#,-->
		<!--#registrationCodeTypeA:VARCHAR#, #registrationCodeA:VARCHAR#,-->
		<!--#taxIdentifyCodeNa:VARCHAR#,-->
		<!--#taxIdentifyCodeSt:VARCHAR#,-->
		<!--#openAccountApprovalNo:VARCHAR#, #loanCardNo:VARCHAR#,-->
		<!--#rsvA:VARCHAR#,-->
		<!--#dataAbstractDate:VARCHAR#, #stateFlag:VARCHAR#)-->
	<!--</insert>-->
	<update id="updateByPrimaryKey" parameterClass="com.synesoft.cci.app.form.obm.CciOrginfoBasicForm">
		<!-- WARNING - This element is automatically generated by Abator for iBATIS,
			do not modify. This element was generated on Fri Dec 11 17:14:26 CST 2015. -->
		update ${SUBSYSTEM_SCHEMA}CCI_ORGINFO_BASIC
		set CUSTOMER_CODE =
		#customerCode:VARCHAR#,
		MANAGEMENT_ROW_CODE =
		#managementRowCode:VARCHAR#,
		CUSTOMER_TYPE = #customerType:VARCHAR#,
		ORG_CREDIT_CODE_A = #orgCreditCodeA:VARCHAR#,
		ORG_CODE_A =
		#orgCodeA:VARCHAR#,
		REGISTRATION_CODE_TYPE_A =
		#registrationCodeTypeA:VARCHAR#,
		REGISTRATION_CODE_A =
		#registrationCodeA:VARCHAR#,
		TAX_IDENTIFY_CODE_NA =
		#taxIdentifyCodeNa:VARCHAR#,
		TAX_IDENTIFY_CODE_ST =
		#taxIdentifyCodeSt:VARCHAR#,
		OPEN_ACCOUNT_APPROVAL_NO =
		#openAccountApprovalNo:VARCHAR#,
		LOAN_CARD_NO = #loanCardNo:VARCHAR#,
		RSV_A = #rsvA:VARCHAR#,
		DATA_ABSTRACT_DATE = #dataAbstractDate:VARCHAR#,
		STATE_FLAG = #stateFlag:VARCHAR#
		<isNotEmpty prepend="," property="batDate">
			BAT_DATE = #batDate#
		</isNotEmpty>
		where SYS_CTL_ID = #sysCtlId:VARCHAR#
	</update>
    <!-- add by gcj Release V1.0 NO.90 金额更新成null 画面后台直连更新专用20160819 start-->
	<update id="updateByPrimaryKeyAll" parameterClass="com.synesoft.cci.app.form.obm.CciOrginfoBasicForm">
		<!-- WARNING - This element is automatically generated by Abator for iBATIS,
			do not modify. This element was generated on Fri Dec 11 17:14:26 CST 2015. -->
		update ${SUBSYSTEM_SCHEMA}CCI_ORGINFO_BASIC
		set CUSTOMER_CODE =
			#customerCode:VARCHAR#,
			MANAGEMENT_ROW_CODE =
			#managementRowCode:VARCHAR#,
			CUSTOMER_TYPE = #customerType:VARCHAR#,
			ORG_CREDIT_CODE_A = #orgCreditCodeA:VARCHAR#,
			ORG_CODE_A =
			#orgCodeA:VARCHAR#,
			REGISTRATION_CODE_TYPE_A =
			#registrationCodeTypeA:VARCHAR#,
			REGISTRATION_CODE_A =
			#registrationCodeA:VARCHAR#,
			TAX_IDENTIFY_CODE_NA =
			#taxIdentifyCodeNa:VARCHAR#,
			TAX_IDENTIFY_CODE_ST =
			#taxIdentifyCodeSt:VARCHAR#,
			OPEN_ACCOUNT_APPROVAL_NO =
			#openAccountApprovalNo:VARCHAR#,
			LOAN_CARD_NO = #loanCardNo:VARCHAR#,
			RSV_A = #rsvA:VARCHAR#,
			DATA_ABSTRACT_DATE = #dataAbstractDate:VARCHAR#,
			STATE_FLAG = #stateFlag:VARCHAR#
		<!-- add by gcj 20170103 Release V1.0 NO.299 start -->
			<isNotEmpty property="taskId">
				,TASK_ID=
				#taskId#
			</isNotEmpty>
			<isNotEmpty property="stepId">
				,STEP_ID =
				#stepId#
			</isNotEmpty>
			<isNotEmpty property="batDate">
				,BAT_DATE =
				#batDate#
			</isNotEmpty>
			<!-- add by gcj 20170103 Release V1.0 NO.299 end -->
		where SYS_CTL_ID = #sysCtlId:VARCHAR#
	</update>
    <!-- add by gcj Release V1.0 NO.90 金额更新成null 画面后台直连更新专用20160819 end-->
	<!--<update id="updateByPrimaryKeyA" parameterClass="com.synesoft.cci.domain.model.CciOrginfoBasic">-->
		<!--&lt;!&ndash; WARNING - This element is automatically generated by Abator for iBATIS, -->
			<!--do not modify. This element was generated on Fri Dec 11 17:14:26 CST 2015. &ndash;&gt;-->
		<!--update ${SUBSYSTEM_SCHEMA}CCI_ORGINFO_BASIC-->
		<!--set CUSTOMER_CODE =-->
		<!--#customerCode:VARCHAR#,-->
		<!--MANAGEMENT_ROW_CODE =-->
		<!--#managementRowCode:VARCHAR#,-->
		<!--CUSTOMER_TYPE = #customerType:VARCHAR#,-->
		<!--ORG_CREDIT_CODE_A = #orgCreditCodeA:VARCHAR#,-->
		<!--ORG_CODE_A =-->
		<!--#orgCodeA:VARCHAR#,-->
		<!--REGISTRATION_CODE_TYPE_A =-->
		<!--#registrationCodeTypeA:VARCHAR#,-->
		<!--REGISTRATION_CODE_A =-->
		<!--#registrationCodeA:VARCHAR#,-->
		<!--TAX_IDENTIFY_CODE_NA =-->
		<!--#taxIdentifyCodeNa:VARCHAR#,-->
		<!--TAX_IDENTIFY_CODE_ST =-->
		<!--#taxIdentifyCodeSt:VARCHAR#,-->
		<!--OPEN_ACCOUNT_APPROVAL_NO =-->
		<!--#openAccountApprovalNo:VARCHAR#,-->
		<!--LOAN_CARD_NO = #loanCardNo:VARCHAR#,-->
		<!--RSV_A = #rsvA:VARCHAR#,-->
		<!--DATA_ABSTRACT_DATE = #dataAbstractDate:VARCHAR#,-->
		<!--STATE_FLAG = #stateFlag:VARCHAR#-->
		<!--where SYS_CTL_ID = #sysCtlId:VARCHAR#-->
	<!--</update>-->
	<!--<insert id="insertB" parameterClass="com.synesoft.cci.domain.model.CciOrginfoBasicProperty">-->
		<!--&lt;!&ndash; WARNING - This element is automatically generated by Abator for iBATIS, -->
			<!--do not modify. This element was generated on Fri Dec 11 17:14:26 CST 2015. &ndash;&gt;-->
		<!--insert into ${SUBSYSTEM_SCHEMA}CCI_ORGINFO_BASIC_PROPERTY (SYS_CTL_ID,-->
		<!--CUSTOMER_CODE, ORG_CN_NAME, ORG_EN_NAME,-->
		<!--REGISTATION_ADDRESS,-->
		<!--NATIONNALITY, REGISTATION_AREA_DIVISION, ESTABLISH_DATE,-->
		<!--PAPER_EXPIRY_DATE, OPERATING_RANGE, REGISTERED_CAPITAL_CURRENCY,-->
		<!--REGISTERED_AMOUNT, ORG_TYPE,-->
		<!--ORG_TYPE_CLASSIFY, ECONOMIC_CLASSIFY,-->
		<!--ECONOMIC_TYPE, INFORMATION_UPDATE_DATE_B, RSV_B,-->
		<!--STATE_FLAG, PARENT_I)-->
		<!--values-->
		<!--(#sysCtlId:VARCHAR#, #customerCode:VARCHAR#, #orgCnName:VARCHAR#,-->
		<!--#orgEnName:VARCHAR#,-->
		<!--#registationAddress:VARCHAR#,-->
		<!--#nationnality:VARCHAR#, #registationAreaDivision:DECIMAL#,-->
		<!--#establishDate:VARCHAR#, #paperExpiryDate:VARCHAR#,-->
		<!--#operatingRange:VARCHAR#,-->
		<!--#registeredCapitalCurrency:VARCHAR#,-->
		<!--#registeredAmount:DECIMAL#, #orgType:VARCHAR#,-->
		<!--#orgTypeClassify:VARCHAR#, #economicClassify:VARCHAR#,-->
		<!--#economicType:VARCHAR#,-->
		<!--#informationUpdateDateB:VARCHAR#,-->
		<!--#rsvB:VARCHAR#, #stateFlag:VARCHAR#, #parentI:VARCHAR#)-->
	<!--</insert>-->
	<!--<update id="updateByPrimaryKeyB" parameterClass="com.synesoft.cci.domain.model.CciOrginfoBasicProperty">-->
		<!--&lt;!&ndash; WARNING - This element is automatically generated by Abator for iBATIS, -->
			<!--do not modify. This element was generated on Fri Dec 11 17:14:26 CST 2015. &ndash;&gt;-->
		<!--update ${SUBSYSTEM_SCHEMA}CCI_ORGINFO_BASIC_PROPERTY-->
		<!--set CUSTOMER_CODE-->
		<!--= #customerCode:VARCHAR#,-->
		<!--ORG_CN_NAME = #orgCnName:VARCHAR#,-->
		<!--ORG_EN_NAME = #orgEnName:VARCHAR#,-->
		<!--REGISTATION_ADDRESS =-->
		<!--#registationAddress:VARCHAR#,-->
		<!--NATIONNALITY = #nationnality:VARCHAR#,-->
		<!--REGISTATION_AREA_DIVISION = #registationAreaDivision:DECIMAL#,-->
		<!--ESTABLISH_DATE = #establishDate:VARCHAR#,-->
		<!--PAPER_EXPIRY_DATE =-->
		<!--#paperExpiryDate:VARCHAR#,-->
		<!--OPERATING_RANGE = #operatingRange:VARCHAR#,-->
		<!--REGISTERED_CAPITAL_CURRENCY = #registeredCapitalCurrency:VARCHAR#,-->
		<!--REGISTERED_AMOUNT = #registeredAmount:DECIMAL#,-->
		<!--ORG_TYPE =-->
		<!--#orgType:VARCHAR#,-->
		<!--ORG_TYPE_CLASSIFY = #orgTypeClassify:VARCHAR#,-->
		<!--ECONOMIC_CLASSIFY = #economicClassify:VARCHAR#,-->
		<!--ECONOMIC_TYPE =-->
		<!--#economicType:VARCHAR#,-->
		<!--INFORMATION_UPDATE_DATE_B =-->
		<!--#informationUpdateDateB:VARCHAR#,-->
		<!--RSV_B = #rsvB:VARCHAR#,-->
		<!--STATE_FLAG = #stateFlag:VARCHAR#,-->
		<!--PARENT_I = #parentI:VARCHAR#-->
		<!--where-->
		<!--LOGIC_DELETE_FLAG != '1'-->
		<!--AND FEEDBACK_FLAG != '4'-->
		<!--and PARENT_I = #sysCtlId:VARCHAR#-->
	<!--</update>-->
	<!--<insert id="insertC" parameterClass="com.synesoft.cci.domain.model.CciOrginfoContact">-->
		<!--&lt;!&ndash; WARNING - This element is automatically generated by Abator for iBATIS, -->
			<!--do not modify. This element was generated on Fri Dec 11 17:14:26 CST 2015. &ndash;&gt;-->
		<!--insert into ${SUBSYSTEM_SCHEMA}CCI_ORGINFO_CONTACT (SYS_CTL_ID,-->
		<!--CUSTOMER_CODE, ORG_WORK_ADDRESS, TELEPHONE,-->
		<!--FINANCE_DEPARTMENT_TELEPHONE, INFORMATION_UPDATE_DATE_C, RSV_C,-->
		<!--STATE_FLAG, PARENT_I)-->
		<!--values (#sysCtlId:VARCHAR#, #customerCode:VARCHAR#,-->
		<!--#orgWorkAddress:VARCHAR#,-->
		<!--#telephone:VARCHAR#,-->
		<!--#financeDepartmentTelephone:VARCHAR#,-->
		<!--#informationUpdateDateC:VARCHAR#,-->
		<!--#rsvC:VARCHAR#, #stateFlag:VARCHAR#, #parentI:VARCHAR#)-->
	<!--</insert>-->
	<!--<update id="updateByPrimaryKeyC" parameterClass="com.synesoft.cci.domain.model.CciOrginfoContact">-->
		<!--&lt;!&ndash; WARNING - This element is automatically generated by Abator for iBATIS, -->
			<!--do not modify. This element was generated on Fri Dec 11 17:14:26 CST 2015. &ndash;&gt;-->
		<!--update ${SUBSYSTEM_SCHEMA}CCI_ORGINFO_CONTACT-->
		<!--set CUSTOMER_CODE =-->
		<!--#customerCode:VARCHAR#,-->
		<!--ORG_WORK_ADDRESS = #orgWorkAddress:VARCHAR#,-->
		<!--TELEPHONE = #telephone:VARCHAR#,-->
		<!--FINANCE_DEPARTMENT_TELEPHONE =-->
		<!--#financeDepartmentTelephone:VARCHAR#,-->
		<!--INFORMATION_UPDATE_DATE_C =-->
		<!--#informationUpdateDateC:VARCHAR#,-->
		<!--RSV_C = #rsvC:VARCHAR#,-->
		<!--STATE_FLAG = #stateFlag:VARCHAR#,-->
		<!--PARENT_I = #parentI:VARCHAR#-->
		<!--where-->
		<!--LOGIC_DELETE_FLAG != '1'-->
		<!--AND FEEDBACK_FLAG != '4'-->
		<!--and PARENT_I = #sysCtlId:VARCHAR#-->
	<!--</update>-->
	<!--<insert id="insertD" parameterClass="com.synesoft.cci.domain.model.CciOrginfoOrgStatus">-->
		<!--&lt;!&ndash; WARNING - This element is automatically generated by Abator for iBATIS, -->
			<!--do not modify. This element was generated on Fri Dec 11 17:14:26 CST 2015. &ndash;&gt;-->
		<!--insert into ${SUBSYSTEM_SCHEMA}CCI_ORGINFO_ORG_STATUS (SYS_CTL_ID,-->
		<!--CUSTOMER_CODE, BASIC_STATUS, ENTERPRISE_SCALE,-->
		<!--ORG_STATUS,-->
		<!--INFORMATION_UPDATE_DATE_D, RSV_D, STATE_FLAG, PARENT_I)-->
		<!--values-->
		<!--(#sysCtlId:VARCHAR#, #customerCode:VARCHAR#, #basicStatus:VARCHAR#,-->
		<!--#enterpriseScale:VARCHAR#, #orgStatus:VARCHAR#,-->
		<!--#informationUpdateDateD:VARCHAR#,-->
		<!--#rsvD:VARCHAR#, #stateFlag:VARCHAR#, #parentI:VARCHAR#)-->
	<!--</insert>-->
	<!--<update id="updateByPrimaryKeyD" parameterClass="com.synesoft.cci.domain.model.CciOrginfoOrgStatus">-->
		<!--&lt;!&ndash; WARNING - This element is automatically generated by Abator for iBATIS, -->
			<!--do not modify. This element was generated on Fri Dec 11 17:14:26 CST 2015. &ndash;&gt;-->
		<!--update ${SUBSYSTEM_SCHEMA}CCI_ORGINFO_ORG_STATUS-->
		<!--set CUSTOMER_CODE =-->
		<!--#customerCode:VARCHAR#,-->
		<!--BASIC_STATUS = #basicStatus:VARCHAR#,-->
		<!--ENTERPRISE_SCALE = #enterpriseScale:VARCHAR#,-->
		<!--ORG_STATUS =-->
		<!--#orgStatus:VARCHAR#,-->
		<!--INFORMATION_UPDATE_DATE_D =-->
		<!--#informationUpdateDateD:VARCHAR#,-->
		<!--RSV_D = #rsvD:VARCHAR#,-->
		<!--STATE_FLAG = #stateFlag:VARCHAR#,-->
		<!--PARENT_I = #parentI:VARCHAR#-->
		<!--where-->
		<!--LOGIC_DELETE_FLAG != '1'-->
		<!--AND FEEDBACK_FLAG != '4'-->
		<!--and PARENT_I = #sysCtlId:VARCHAR#-->
	<!--</update>-->
	<!--<insert id="insertE" parameterClass="com.synesoft.cci.domain.model.CciOrginfoSuperiorMech">-->
		<!--&lt;!&ndash; WARNING - This element is automatically generated by Abator for iBATIS, -->
			<!--do not modify. This element was generated on Fri Dec 11 17:14:26 CST 2015. &ndash;&gt;-->
		<!--insert into ${SUBSYSTEM_SCHEMA}CCI_ORGINFO_SUPERIOR_MECH (SYS_CTL_ID,-->
		<!--SUPERIOR_ORG_NAME, REGISTRATION_CODE_TYPE_E,-->
		<!--REGISTRATION_CODE_E,-->
		<!--ORG_CODE_E, ORG_CREDIT_CODE_E, INFORMATION_UPDATE_DATE_E, RSV_E,-->
		<!--CUSTOMER_CODE, STATE_FLAG, PARENT_I)-->
		<!--values (#sysCtlId:VARCHAR#,-->
		<!--#superiorOrgName:VARCHAR#,-->
		<!--#registrationCodeTypeE:VARCHAR#,-->
		<!--#registrationCodeE:VARCHAR#, #orgCodeE:VARCHAR#,-->
		<!--#orgCreditCodeE:VARCHAR#,-->
		<!--#informationUpdateDateE:VARCHAR#,-->
		<!--#rsvE:VARCHAR#,-->
		<!--#customerCode:VARCHAR#, #stateFlag:VARCHAR#, #parentI:VARCHAR#)-->
	<!--</insert>-->
	<!--<update id="updateByPrimaryKeyE" parameterClass="com.synesoft.cci.domain.model.CciOrginfoSuperiorMech">-->
		<!--&lt;!&ndash; WARNING - This element is automatically generated by Abator for iBATIS, -->
			<!--do not modify. This element was generated on Fri Dec 11 17:14:26 CST 2015. &ndash;&gt;-->
		<!--update ${SUBSYSTEM_SCHEMA}CCI_ORGINFO_SUPERIOR_MECH-->
		<!--set-->
		<!--SUPERIOR_ORG_NAME = #superiorOrgName:VARCHAR#,-->
		<!--REGISTRATION_CODE_TYPE_E = #registrationCodeTypeE:VARCHAR#,-->
		<!--REGISTRATION_CODE_E = #registrationCodeE:VARCHAR#,-->
		<!--ORG_CODE_E =-->
		<!--#orgCodeE:VARCHAR#,-->
		<!--ORG_CREDIT_CODE_E = #orgCreditCodeE:VARCHAR#,-->
		<!--INFORMATION_UPDATE_DATE_E = #informationUpdateDateE:VARCHAR#,-->
		<!--RSV_E =-->
		<!--#rsvE:VARCHAR#,-->
		<!--CUSTOMER_CODE = #customerCode:VARCHAR#,-->
		<!--STATE_FLAG = #stateFlag:VARCHAR#,-->
		<!--PARENT_I = #parentI:VARCHAR#-->
		<!--where-->
		<!--LOGIC_DELETE_FLAG != '1'-->
		<!--AND FEEDBACK_FLAG != '4'-->
		<!--and PARENT_I = #sysCtlId:VARCHAR#-->
	<!--</update>-->

	<update id="updateBySuperKey" parameterClass="com.synesoft.cci.app.form.obm.CciOrginfoBasicForm">
		UPDATE ${SUBSYSTEM_SCHEMA}CCI_REPORT_SYSTEM_CTL
		<dynamic prepend="set">
			<isNotNull prepend="," property="branchNo">
				BRANCH_NO = #branchNo#
			</isNotNull>
			<isNotNull prepend="," property="branchId">
				BRANCH_ID = #branchId#
			</isNotNull>
		</dynamic>
		where 1=1
		<dynamic>
			<isNotEmpty prepend="and" property="sysCtlId">
				sys_ctl_id in (
				select a.sys_ctl_id from ${SUBSYSTEM_SCHEMA}CCI_ORGINFO_EXECUTIVE_RELA a where
				a.parent_I=#sysCtlId#
				union select b.sys_Ctl_Id from
				${SUBSYSTEM_SCHEMA}CCI_ORGINFO_IMPORT_REL_COR b where
				b.parent_I=#sysCtlId#
				union select
				c.sys_Ctl_Id from ${SUBSYSTEM_SCHEMA}CCI_ORGINFO_IMPORT_S_H c where
				c.parent_I=#sysCtlId#
				)
			</isNotEmpty>
		</dynamic>
	</update>
	<delete id="deleteByPrimaryKeyLogic" parameterClass="com.synesoft.cci.app.form.obm.CciOrginfoBasicForm">
		<!-- WARNING - This element is automatically generated by Abator for iBATIS, 
			do not modify. This element was generated on Fri Oct 30 15:02:44 CST 2015. -->
		update ${SUBSYSTEM_SCHEMA}CCI_REPORT_SYSTEM_CTL set
		LOGIC_DELETE_FLAG =
		#logicDeleteFlag:VARCHAR#
		where SYS_CTL_ID = #sysCtlId:VARCHAR#
	</delete>

	<delete id="deleteByPrimaryKey" parameterClass="com.synesoft.cci.app.form.obm.CciOrginfoBasicForm">
		<!-- WARNING - This element is automatically generated by Abator for iBATIS, 
			do not modify. This element was generated on Fri Oct 30 15:02:44 CST 2015. -->
		delete from ${SUBSYSTEM_SCHEMA}CCI_ORGINFO_BASIC
		where SYS_CTL_ID = #sysCtlId:VARCHAR#
	</delete>

	<update id="optState" parameterClass="com.synesoft.cci.app.form.obm.CciOrginfoBasicForm">
		<!-- WARNING - This element is automatically generated by Abator for iBATIS, 
			do not modify. This element was generated on Fri Oct 30 15:02:44 CST 2015. -->
		update ${SUBSYSTEM_SCHEMA}CCI_REPORT_SYSTEM_CTL set
		LOGIC_DELETE_FLAG =
		#logicDeleteFlag:VARCHAR#
		where SYS_CTL_ID = #sysCtlId:VARCHAR#
	</update>

	<select id="selectBranchIdByBranchNo" resultClass="java.lang.String"
		parameterClass="com.synesoft.cci.app.form.obm.CciOrginfoBasicForm">
		select BANKID from ${UMP_SCHEMA}SYS_ORG_INF a
		where 1=1
		<dynamic>
			<isNotEmpty prepend="and" property="branchNo">
				a.ORGID =
				#branchNo:VARCHAR#
			</isNotEmpty>
		</dynamic>
	</select>
	<!-- add by yb 20170829 Release V1.0 NO.534 start -->
	<select id="selectParentIBySysCtlId" parameterClass="java.util.Map"
		resultClass="java.lang.String">
		select a.sys_ctl_id
		  from ${SUBSYSTEM_SCHEMA}CCI_ORGINFO_BASIC a
		 inner join ${SUBSYSTEM_SCHEMA}CCI_REPORT_SYSTEM_CTL b
		    on a.sys_ctl_id = b.sys_ctl_id
		 where a.CUSTOMER_CODE = #customerCode#
		   and b.BRANCH_ID = #branchId#
		   and a.DATA_ABSTRACT_DATE = #dataAbstractDate#
	</select>
	<!-- add by yb 20170829 Release V1.0 NO.534 end -->
	<select id="selectSubNum" resultClass="java.lang.Integer"
		parameterClass="com.synesoft.cci.app.form.obm.CciOrginfoBasicForm">
		SELECT count(*)
		FROM (
			select b.SYS_CTL_ID,
				b.PARENT_I,
				f.FEEDBACK_FLAG,
				f.LOGIC_DELETE_FLAG,
		        <!-- upd by gcj 20160809 Release V1.0 NO.79 start-->
				f.OPERATING_STATE,
				f.REPORT_FLAG
		        <!-- upd by gcj 20160809 Release V1.0 NO.79 end-->
			from ${SUBSYSTEM_SCHEMA}CCI_ORGINFO_BASIC_PROPERTY b
			LEFT join ${SUBSYSTEM_SCHEMA}CCI_REPORT_SYSTEM_CTL f on b.SYS_CTL_ID =
			f.SYS_CTL_ID
			UNION ALL
			select b.SYS_CTL_ID,
				b.PARENT_I,
				f.FEEDBACK_FLAG,
				f.LOGIC_DELETE_FLAG,
		        <!-- upd by gcj 20160809 Release V1.0 NO.79 start-->
				f.OPERATING_STATE,
				f.REPORT_FLAG
		        <!-- upd by gcj 20160809 Release V1.0 NO.79 end-->
			from ${SUBSYSTEM_SCHEMA}CCI_ORGINFO_CONTACT b
			LEFT join ${SUBSYSTEM_SCHEMA}CCI_REPORT_SYSTEM_CTL f on b.SYS_CTL_ID =
			f.SYS_CTL_ID
			UNION ALL
			select b.SYS_CTL_ID,
				b.PARENT_I,
				f.FEEDBACK_FLAG,
				f.LOGIC_DELETE_FLAG,
		        <!-- upd by gcj 20160809 Release V1.0 NO.79 start-->
				f.OPERATING_STATE,
				f.REPORT_FLAG
		        <!-- upd by gcj 20160809 Release V1.0 NO.79 end-->
			from ${SUBSYSTEM_SCHEMA}CCI_ORGINFO_ORG_STATUS b
			LEFT join ${SUBSYSTEM_SCHEMA}CCI_REPORT_SYSTEM_CTL f on b.SYS_CTL_ID =
			f.SYS_CTL_ID
			UNION ALL
			select b.SYS_CTL_ID,
				b.PARENT_I,
				f.FEEDBACK_FLAG,
				f.LOGIC_DELETE_FLAG,
		        <!-- upd by gcj 20160809 Release V1.0 NO.79 start-->
				f.OPERATING_STATE,
				f.REPORT_FLAG
		        <!-- upd by gcj 20160809 Release V1.0 NO.79 end-->
			from ${SUBSYSTEM_SCHEMA}CCI_ORGINFO_SUPERIOR_MECH b
			LEFT join ${SUBSYSTEM_SCHEMA}CCI_REPORT_SYSTEM_CTL f on b.SYS_CTL_ID =
			f.SYS_CTL_ID
			UNION ALL
			select b.SYS_CTL_ID,
				b.PARENT_I,
				f.FEEDBACK_FLAG,
				f.LOGIC_DELETE_FLAG,
		        <!-- upd by gcj 20160809 Release V1.0 NO.79 start-->
				f.OPERATING_STATE,
				f.REPORT_FLAG
		        <!-- upd by gcj 20160809 Release V1.0 NO.79 end-->
			from ${SUBSYSTEM_SCHEMA}CCI_ORGINFO_EXECUTIVE_RELA b
			LEFT join ${SUBSYSTEM_SCHEMA}CCI_REPORT_SYSTEM_CTL f on b.SYS_CTL_ID =
			f.SYS_CTL_ID
			UNION ALL
			select b.SYS_CTL_ID,
				b.PARENT_I,
				f.FEEDBACK_FLAG,
				f.LOGIC_DELETE_FLAG,
		        <!-- upd by gcj 20160809 Release V1.0 NO.79 start-->
				f.OPERATING_STATE,
				f.REPORT_FLAG
		        <!-- upd by gcj 20160809 Release V1.0 NO.79 end-->
			from ${SUBSYSTEM_SCHEMA}CCI_ORGINFO_IMPORT_REL_COR b
			LEFT join ${SUBSYSTEM_SCHEMA}CCI_REPORT_SYSTEM_CTL f on b.SYS_CTL_ID =
			f.SYS_CTL_ID
			UNION ALL
			select b.SYS_CTL_ID,
				b.PARENT_I,
				f.FEEDBACK_FLAG,
				f.LOGIC_DELETE_FLAG,
		        <!-- upd by gcj 20160809 Release V1.0 NO.79 start-->
				f.OPERATING_STATE,
				f.REPORT_FLAG
		        <!-- upd by gcj 20160809 Release V1.0 NO.79 end-->
			from ${SUBSYSTEM_SCHEMA}CCI_ORGINFO_IMPORT_S_H b
			LEFT join ${SUBSYSTEM_SCHEMA}CCI_REPORT_SYSTEM_CTL f on b.SYS_CTL_ID =
			f.SYS_CTL_ID
		) a
		where 1=1
		<dynamic>
			<isNotEmpty prepend="and" property="sysCtlId">
				a.PARENT_I = #sysCtlId:VARCHAR#
			</isNotEmpty>
			<isNotEmpty prepend="and" property="opStsList">
				<iterate property="opStsList" open="a.OPERATING_STATE NOT IN ("
					close=")" conjunction=",">
					#opStsList[]#
				</iterate>
            <!-- upd by gcj 20160809 Release V1.0 NO.79 start-->
			</isNotEmpty>
			<isNotEmpty prepend="and" property="reportFlag">
				a.REPORT_FLAG = #reportFlag:VARCHAR#
			</isNotEmpty>
			<!-- upd by gcj 20160809 Release V1.0 NO.79 end-->
		</dynamic>
		AND a.FEEDBACK_FLAG != '4'
		AND a.LOGIC_DELETE_FLAG != '1'
	</select>
	
	<!-- update by ld at 20160926 Release V1.0 NO.143 start -->
	<select id="selectSubBusi" resultClass="java.lang.String"
		parameterClass="com.synesoft.cci.app.form.obm.CciOrginfoBasicForm">
		SELECT distinct a.BUSI_NAME
		FROM (
			select b.SYS_CTL_ID,
				b.PARENT_I,
				f.FEEDBACK_FLAG,
				f.LOGIC_DELETE_FLAG,
		        <!-- upd by gcj 20160809 Release V1.0 NO.79 start-->
				f.OPERATING_STATE,
				f.REPORT_FLAG,
				'机构基本属性信息' as BUSI_NAME
		        <!-- upd by gcj 20160809 Release V1.0 NO.79 end-->
			from ${SUBSYSTEM_SCHEMA}CCI_ORGINFO_BASIC_PROPERTY b
			LEFT join ${SUBSYSTEM_SCHEMA}CCI_REPORT_SYSTEM_CTL f on b.SYS_CTL_ID =
			f.SYS_CTL_ID
			UNION ALL
			select b.SYS_CTL_ID,
				b.PARENT_I,
				f.FEEDBACK_FLAG,
				f.LOGIC_DELETE_FLAG,
		        <!-- upd by gcj 20160809 Release V1.0 NO.79 start-->
				f.OPERATING_STATE,
				f.REPORT_FLAG,
				'机构联络信息' as BUSI_NAME
		        <!-- upd by gcj 20160809 Release V1.0 NO.79 end-->
			from ${SUBSYSTEM_SCHEMA}CCI_ORGINFO_CONTACT b
			LEFT join ${SUBSYSTEM_SCHEMA}CCI_REPORT_SYSTEM_CTL f on b.SYS_CTL_ID =
			f.SYS_CTL_ID
			UNION ALL
			select b.SYS_CTL_ID,
				b.PARENT_I,
				f.FEEDBACK_FLAG,
				f.LOGIC_DELETE_FLAG,
		        <!-- upd by gcj 20160809 Release V1.0 NO.79 start-->
				f.OPERATING_STATE,
				f.REPORT_FLAG,
				'机构状态信息' as BUSI_NAME
		        <!-- upd by gcj 20160809 Release V1.0 NO.79 end-->
			from ${SUBSYSTEM_SCHEMA}CCI_ORGINFO_ORG_STATUS b
			LEFT join ${SUBSYSTEM_SCHEMA}CCI_REPORT_SYSTEM_CTL f on b.SYS_CTL_ID =
			f.SYS_CTL_ID
			UNION ALL
			select b.SYS_CTL_ID,
				b.PARENT_I,
				f.FEEDBACK_FLAG,
				f.LOGIC_DELETE_FLAG,
		        <!-- upd by gcj 20160809 Release V1.0 NO.79 start-->
				f.OPERATING_STATE,
				f.REPORT_FLAG,
				'机构上级机构信息' as BUSI_NAME
		        <!-- upd by gcj 20160809 Release V1.0 NO.79 end-->
			from ${SUBSYSTEM_SCHEMA}CCI_ORGINFO_SUPERIOR_MECH b
			LEFT join ${SUBSYSTEM_SCHEMA}CCI_REPORT_SYSTEM_CTL f on b.SYS_CTL_ID =
			f.SYS_CTL_ID
			UNION ALL
			select b.SYS_CTL_ID,
				b.PARENT_I,
				f.FEEDBACK_FLAG,
				f.LOGIC_DELETE_FLAG,
		        <!-- upd by gcj 20160809 Release V1.0 NO.79 start-->
				f.OPERATING_STATE,
				f.REPORT_FLAG,
				'机构高管信息' as BUSI_NAME
		        <!-- upd by gcj 20160809 Release V1.0 NO.79 end-->
			from ${SUBSYSTEM_SCHEMA}CCI_ORGINFO_EXECUTIVE_RELA b
			LEFT join ${SUBSYSTEM_SCHEMA}CCI_REPORT_SYSTEM_CTL f on b.SYS_CTL_ID =
			f.SYS_CTL_ID
			UNION ALL
			select b.SYS_CTL_ID,
				b.PARENT_I,
				f.FEEDBACK_FLAG,
				f.LOGIC_DELETE_FLAG,
		        <!-- upd by gcj 20160809 Release V1.0 NO.79 start-->
				f.OPERATING_STATE,
				f.REPORT_FLAG,
				'机构关联企业信息	' as BUSI_NAME
		        <!-- upd by gcj 20160809 Release V1.0 NO.79 end-->
			from ${SUBSYSTEM_SCHEMA}CCI_ORGINFO_IMPORT_REL_COR b
			LEFT join ${SUBSYSTEM_SCHEMA}CCI_REPORT_SYSTEM_CTL f on b.SYS_CTL_ID =
			f.SYS_CTL_ID
			UNION ALL
			select b.SYS_CTL_ID,
				b.PARENT_I,
				f.FEEDBACK_FLAG,
				f.LOGIC_DELETE_FLAG,
		        <!-- upd by gcj 20160809 Release V1.0 NO.79 start-->
				f.OPERATING_STATE,
				f.REPORT_FLAG,
				'机构重要股东信息' as BUSI_NAME
		        <!-- upd by gcj 20160809 Release V1.0 NO.79 end-->
			from ${SUBSYSTEM_SCHEMA}CCI_ORGINFO_IMPORT_S_H b
			LEFT join ${SUBSYSTEM_SCHEMA}CCI_REPORT_SYSTEM_CTL f on b.SYS_CTL_ID =
			f.SYS_CTL_ID
		) a
		where 1=1
		<dynamic>
			<isNotEmpty prepend="and" property="sysCtlId">
				a.PARENT_I = #sysCtlId:VARCHAR#
			</isNotEmpty>
			<isNotEmpty prepend="and" property="opStsList">
				<iterate property="opStsList" open="a.OPERATING_STATE NOT IN ("
					close=")" conjunction=",">
					#opStsList[]#
				</iterate>
            <!-- upd by gcj 20160809 Release V1.0 NO.79 start-->
			</isNotEmpty>
			<isNotEmpty prepend="and" property="reportFlag">
				a.REPORT_FLAG = #reportFlag:VARCHAR#
			</isNotEmpty>
			<!-- upd by gcj 20160809 Release V1.0 NO.79 end-->
		</dynamic>
		AND a.FEEDBACK_FLAG != '4'
		AND a.LOGIC_DELETE_FLAG != '1'
	</select>
	<!-- update by ld at 20160926 Release V1.0 NO.143 end -->
	<!-- gy 20161125 Release V1.0 NO.B2 --> 
	<!-- update by gy at 20161128 Release V1.0 NO.B2 start -->
	<select id="selectSubBusiLessDate" resultClass="java.lang.String"
		parameterClass="com.synesoft.cci.app.form.obm.CciOrginfoBasicForm">
		SELECT distinct a.BUSI_NAME
		FROM (
			select b.SYS_CTL_ID,
				b.PARENT_I,
				f.FEEDBACK_FLAG,
				f.LOGIC_DELETE_FLAG,
		        <!-- upd by gcj 20160809 Release V1.0 NO.79 start-->
				f.OPERATING_STATE,
				f.REPORT_FLAG,
				'机构基本属性信息' as BUSI_NAME
		        <!-- upd by gcj 20160809 Release V1.0 NO.79 end-->
			from ${SUBSYSTEM_SCHEMA}CCI_ORGINFO_BASIC_PROPERTY b
			LEFT join ${SUBSYSTEM_SCHEMA}CCI_REPORT_SYSTEM_CTL f on b.SYS_CTL_ID =
			f.SYS_CTL_ID
				where <![CDATA[b.INFORMATION_UPDATE_DATE_B <=]]> #dataAbstractDate#
			UNION ALL
			select b.SYS_CTL_ID,
				b.PARENT_I,
				f.FEEDBACK_FLAG,
				f.LOGIC_DELETE_FLAG,
		        <!-- upd by gcj 20160809 Release V1.0 NO.79 start-->
				f.OPERATING_STATE,
				f.REPORT_FLAG,
				'机构联络信息' as BUSI_NAME
		        <!-- upd by gcj 20160809 Release V1.0 NO.79 end-->
			from ${SUBSYSTEM_SCHEMA}CCI_ORGINFO_CONTACT b
			LEFT join ${SUBSYSTEM_SCHEMA}CCI_REPORT_SYSTEM_CTL f on b.SYS_CTL_ID =
			f.SYS_CTL_ID
				where <![CDATA[b.INFORMATION_UPDATE_DATE_C <=]]> #dataAbstractDate#
			UNION ALL
			select b.SYS_CTL_ID,
				b.PARENT_I,
				f.FEEDBACK_FLAG,
				f.LOGIC_DELETE_FLAG,
		        <!-- upd by gcj 20160809 Release V1.0 NO.79 start-->
				f.OPERATING_STATE,
				f.REPORT_FLAG,
				'机构状态信息' as BUSI_NAME
		        <!-- upd by gcj 20160809 Release V1.0 NO.79 end-->
			from ${SUBSYSTEM_SCHEMA}CCI_ORGINFO_ORG_STATUS b
			LEFT join ${SUBSYSTEM_SCHEMA}CCI_REPORT_SYSTEM_CTL f on b.SYS_CTL_ID =
			f.SYS_CTL_ID
				where <![CDATA[b.INFORMATION_UPDATE_DATE_D <=]]> #dataAbstractDate#
			UNION ALL
			select b.SYS_CTL_ID,
				b.PARENT_I,
				f.FEEDBACK_FLAG,
				f.LOGIC_DELETE_FLAG,
		        <!-- upd by gcj 20160809 Release V1.0 NO.79 start-->
				f.OPERATING_STATE,
				f.REPORT_FLAG,
				'机构上级机构信息' as BUSI_NAME
		        <!-- upd by gcj 20160809 Release V1.0 NO.79 end-->
			from ${SUBSYSTEM_SCHEMA}CCI_ORGINFO_SUPERIOR_MECH b
			LEFT join ${SUBSYSTEM_SCHEMA}CCI_REPORT_SYSTEM_CTL f on b.SYS_CTL_ID =
			f.SYS_CTL_ID
				where <![CDATA[b.INFORMATION_UPDATE_DATE_E <=]]> #dataAbstractDate#
			UNION ALL
			select b.SYS_CTL_ID,
				b.PARENT_I,
				f.FEEDBACK_FLAG,
				f.LOGIC_DELETE_FLAG,
		        <!-- upd by gcj 20160809 Release V1.0 NO.79 start-->
				f.OPERATING_STATE,
				f.REPORT_FLAG,
				'机构高管信息' as BUSI_NAME
		        <!-- upd by gcj 20160809 Release V1.0 NO.79 end-->
			from ${SUBSYSTEM_SCHEMA}CCI_ORGINFO_EXECUTIVE_RELA b
			LEFT join ${SUBSYSTEM_SCHEMA}CCI_REPORT_SYSTEM_CTL f on b.SYS_CTL_ID =
			f.SYS_CTL_ID
				where <![CDATA[b.INFORMATION_UPDATE_DATE <=]]> #dataAbstractDate#
			UNION ALL
			select b.SYS_CTL_ID,
				b.PARENT_I,
				f.FEEDBACK_FLAG,
				f.LOGIC_DELETE_FLAG,
		        <!-- upd by gcj 20160809 Release V1.0 NO.79 start-->
				f.OPERATING_STATE,
				f.REPORT_FLAG,
				'机构关联企业信息	' as BUSI_NAME
		        <!-- upd by gcj 20160809 Release V1.0 NO.79 end-->
			from ${SUBSYSTEM_SCHEMA}CCI_ORGINFO_IMPORT_REL_COR b
			LEFT join ${SUBSYSTEM_SCHEMA}CCI_REPORT_SYSTEM_CTL f on b.SYS_CTL_ID =
			f.SYS_CTL_ID
				where <![CDATA[b.INFORMATION_UPDATE_DATE <=]]> #dataAbstractDate#
			UNION ALL
			select b.SYS_CTL_ID,
				b.PARENT_I,
				f.FEEDBACK_FLAG,
				f.LOGIC_DELETE_FLAG,
		        <!-- upd by gcj 20160809 Release V1.0 NO.79 start-->
				f.OPERATING_STATE,
				f.REPORT_FLAG,
				'机构重要股东信息' as BUSI_NAME
		        <!-- upd by gcj 20160809 Release V1.0 NO.79 end-->
			from ${SUBSYSTEM_SCHEMA}CCI_ORGINFO_IMPORT_S_H b
			LEFT join ${SUBSYSTEM_SCHEMA}CCI_REPORT_SYSTEM_CTL f on b.SYS_CTL_ID =
			f.SYS_CTL_ID
				where <![CDATA[b.INFORMATION_UPDATE_DATE <=]]> #dataAbstractDate#
		) a
		where 1=1
		<dynamic>
			<isNotEmpty prepend="and" property="sysCtlId">
				a.PARENT_I = #sysCtlId:VARCHAR#
			</isNotEmpty>
			<isNotEmpty prepend="and" property="opStsList">
				<iterate property="opStsList" open="a.OPERATING_STATE NOT IN ("
					close=")" conjunction=",">
					#opStsList[]#
				</iterate>
            <!-- upd by gcj 20160809 Release V1.0 NO.79 start-->
			</isNotEmpty>
			<isNotEmpty prepend="and" property="reportFlag">
				a.REPORT_FLAG = #reportFlag:VARCHAR#
			</isNotEmpty>
			<!-- upd by gcj 20160809 Release V1.0 NO.79 end-->
		</dynamic>
		AND a.FEEDBACK_FLAG != '4'
		AND a.LOGIC_DELETE_FLAG != '1'
	</select>
	<!-- update by gy at 20161128 Release V1.0 NO.B2 end -->
	
	<!--add by gcj 20160817 Release V1.0 NO.86 机构管理行代码存不存在校验 start-->
	<select id="selectBranchIdFromSysOrgInfo" resultClass="java.lang.String"
		parameterClass="com.synesoft.cci.app.form.obm.CciOrginfoBasicForm">
		select BANKID from ${UMP_SCHEMA}SYS_ORG_INF a
		where 1=1
		<dynamic>
			<isNotEmpty prepend="and" property="managementRowCode">
				${DB_FUNC_TRIM}(a.BANKID) =
				${DB_FUNC_TRIM}(#managementRowCode:VARCHAR#)
			</isNotEmpty>
		</dynamic>
	</select>
	<!--add by gcj 20160817 Release V1.0 NO.86 机构管理行代码存不存在校验 end-->
	
	<!--add by gcj 20161229 Release V1.0 NO.294 同一贷款卡编码不能对应多个客户 start-->
	<select id="selectCntByLoanCard" resultClass="java.lang.String"
		parameterClass="java.util.HashMap">
		<!--add by gcj 20161229 Release V1.0 NO.315 同一贷款卡编码不能对应多个客户优化 start-->
		SELECT a.LOAN_CARD_NO
		from ${SUBSYSTEM_SCHEMA}CCI_CUSTOMERNO_LOANCARDNO_VIEW a
		GROUP BY a.LOAN_CARD_NO
		HAVING count(DISTINCT a.CUSTOMER_CODE) > 1
		<!--add by gcj 20161229 Release V1.0 NO.315 同一贷款卡编码不能对应多个客户优化 end-->
	</select>
	<!--add by gcj 20161229 Release V1.0 NO.294 同一贷款卡编码不能对应多个用户 end-->

	<!-- add by gcj 20170516 Release V1.0 NO.457 start -->
	<select id="qryCustomerCodeByBlur" resultMap="CciOrginfoBasicFormResult"
		parameterClass="com.synesoft.cci.app.form.obm.CciOrginfoBasicForm">
		<!-- update by ld at 20160902 Release V1.0 NO.109-->
		select a.*, ORG_CN_NAME, ORG_EN_NAME
		<include refid="CCI_COM_REPORT_SYSTEM_FIELD.selectReportField"/>
		from ${SUBSYSTEM_SCHEMA}CCI_ORGINFO_BASIC a
		<!-- add by gcj 20160622 Release V1.0 NO.39 start -->
		LEFT JOIN ${SUBSYSTEM_SCHEMA}CCI_REPORT_SYSTEM_CTL f on a.SYS_CTL_ID =
		f.SYS_CTL_ID
		LEFT JOIN (
		select
			ROW_NUMBER() over(partition by b.CUSTOMER_CODE order by b.INFORMATION_UPDATE_DATE_B desc) AS rankNum,
			b.CUSTOMER_CODE AS CUSTOMER_CODE,
			b.ORG_CN_NAME AS ORG_CN_NAME,
			b.ORG_EN_NAME AS ORG_EN_NAME
		from ${SUBSYSTEM_SCHEMA}CCI_ORGINFO_BASIC_PROPERTY b<!-- upd by gy 20171016 Release V1.0 NO.547 -->
		INNER JOIN ${SUBSYSTEM_SCHEMA}CCI_REPORT_SYSTEM_CTL d<!-- upd by gy 20171016 Release V1.0 NO.547 -->
		on d.SYS_CTL_ID = b.SYS_CTL_ID
		and d.LOGIC_DELETE_FLAG != '1'
		and d.FEEDBACK_FLAG != '4'
		) c
		ON a.CUSTOMER_CODE = c.CUSTOMER_CODE
		AND c.rankNum = 1
		<!-- add by gcj 20160622 Release V1.0 NO.39 end -->
		where 1=1
		<dynamic>
			<isNotEmpty prepend="and" property="orgInfList">
				<iterate property="orgInfList" open="f.BRANCH_NO IN ("
					close=")" conjunction=",">
					#orgInfList[]#
				</iterate>
			</isNotEmpty>
			<isNotEmpty prepend="and" property="branchId">
				f.BRANCH_ID =
				#branchId:VARCHAR#
			</isNotEmpty>
			<!-- add by yb 2016-12-01 Release V1.0 NO.B9 start -->
			<isNotEmpty prepend="and" property="dataAbstractDateStart">
				<![CDATA[a.DATA_ABSTRACT_DATE >=]]> #dataAbstractDateStart#
			</isNotEmpty>
			<isNotEmpty prepend="and" property="dataAbstractDateEnd">
				<![CDATA[a.DATA_ABSTRACT_DATE <=]]> #dataAbstractDateEnd#
			</isNotEmpty>
			<isNotEmpty prepend="and" property="fileSendDateStart">
				<![CDATA[f.FILE_SEND_DATE >=]]> #fileSendDateStart#
			</isNotEmpty>
			<isNotEmpty prepend="and" property="fileSendDateEnd">
				<![CDATA[f.FILE_SEND_DATE <=]]> #fileSendDateEnd#
			</isNotEmpty>
			<!-- add by yb 2016-12-01 Release V1.0 NO.B9 end -->
			<isNotEmpty prepend="and" property="customerCode">
				a.CUSTOMER_CODE =
				#customerCode:VARCHAR#
			</isNotEmpty>
			<isNotEmpty prepend="and" property="customerType">
				a.CUSTOMER_TYPE =
				#customerType:VARCHAR#
			</isNotEmpty>
			<isNotEmpty prepend="and" property="orgCnName">
				b.ORG_CN_NAME =
				#orgCnName:VARCHAR#
			</isNotEmpty>
			<isNotEmpty prepend="and" property="orgEnName">
				b.ORG_EN_NAME =
				#orgEnName:VARCHAR#
			</isNotEmpty>
			<isNotEmpty prepend="and" property="feedbackFlag">
				f.FEEDBACK_FLAG =
				#feedbackFlag:VARCHAR#
			</isNotEmpty>
			<isNotEmpty prepend="and" property="operatingState">
				f.OPERATING_STATE =
				#operatingState:VARCHAR#
			</isNotEmpty>
			<isNotEmpty prepend="and" property="reportFlag">
				f.REPORT_FLAG =
				#reportFlag:VARCHAR#
			</isNotEmpty>
			<isNotEmpty prepend="and" property="opStsList">
				<iterate property="opStsList" open="f.OPERATING_STATE IN ("
					close=")" conjunction=",">
					#opStsList[]#
				</iterate>
			</isNotEmpty>
			<isNotEmpty prepend="and" property="feedbackFlagList">
				<iterate property="feedbackFlagList" open="f.FEEDBACK_FLAG IN ("
					close=")" conjunction=",">
					#feedbackFlagList[]#
				</iterate>
			</isNotEmpty>
			<isNotEmpty prepend="and" property="loanCardNo">
				a.LOAN_CARD_NO =
				#loanCardNo:VARCHAR#
			</isNotEmpty>
		</dynamic>
		AND f.LOGIC_DELETE_FLAG NOT IN ('1')
		ORDER BY
		<!-- add by gl 20160612 Release V1.0 NO.6 start-->
		f.LAST_UPDATE_TIME DESC,
		<!-- add by gl 20160612 Release V1.0 NO.6 end-->
		a.SYS_CTL_ID DESC
	</select>
	<!-- add by gcj 20170516 Release V1.0 NO.457 end -->
</sqlMap>