<?xml version="1.0" encoding="UTF-8" ?>
<!DOCTYPE sqlMap PUBLIC "-//ibatis.apache.org//DTD SQL Map 2.0//EN" "http://ibatis.apache.org/dtd/sql-map-2.dtd" >
<sqlMap namespace="CCI_CONTRACT_AMOUNT_INFO_H">
	<resultMap id="cciContractAmountInfoResult"
		class="com.synesoft.cci.domain.model.CciContractAmountInfo">
		<!-- WARNING - This element is automatically generated by Abator for iBATIS, 
			do not modify. This element was generated on Fri Oct 30 15:02:45 CST 2015. -->

		<result column="PARENT_I" property="parentI" jdbcType="VARCHAR" />

		<result column="SERIAL_NO" property="serialNo" jdbcType="VARCHAR" />
		<result column="SYS_CTL_ID" property="sysCtlId" jdbcType="VARCHAR" />
		<result column="LOAN_CONTRACT_NO" property="loanContractNo"
			jdbcType="VARCHAR" />
		<result column="CURRENCY" property="currency" jdbcType="VARCHAR" />
		<result column="AMOUNT" property="amount" jdbcType="DECIMAL" />
		<result column="BALANCE" property="balance" jdbcType="DECIMAL" />
		<result column="STATUS_FLAG" property="statusFlag" jdbcType="VARCHAR" />
		<!-- add by sjh 20171116 Release V1.0 NO.557 start -->
		<result column="SEQ_NUM" property="seqNum" jdbcType="VARCHAR" />
		<!-- add by sjh 20171116 Release V1.0 NO.557 end -->
	</resultMap>

	<select id="selectByParent" parameterClass="com.synesoft.cci.domain.model.CciContractAmountInfo"
		resultMap="cciContractAmountInfoResult">
		select *
		from ${SUBSYSTEM_SCHEMA}CCI_CONTRACT_AMOUNT_INFO_H
		where 1 = 1
		and PARENT_I = #parentI#
		and SEQ_NUM = #seqNum#
	</select>
	<!-- add by sjh 20171116 Release V1.0 NO.557 start -->
	<sql id="whereCondNoDel">
		<dynamic>
			<isNotEmpty prepend="and" property="orgInfList">
				<iterate property="orgInfList" open="b.BRANCH_NO IN ("
					close=")" conjunction=",">
					#orgInfList[]#
				</iterate>
			</isNotEmpty>
			<isNotEmpty prepend="and" property="branchId">
				b.BRANCH_ID =
				#branchId#
			</isNotEmpty>
			<isNotEmpty prepend="and" property="busiDateStart">
				<![CDATA[a.BUSI_DATE >=]]> #busiDateStart#
			</isNotEmpty>
			<isNotEmpty prepend="and" property="busiDateEnd">
				<![CDATA[a.BUSI_DATE <=]]> #busiDateEnd#
			</isNotEmpty>
			<isNotEmpty prepend="and" property="fileSendDateStart">
				<![CDATA[b.FILE_SEND_DATE >=]]> #fileSendDateStart#
			</isNotEmpty>
			<isNotEmpty prepend="and" property="fileSendDateEnd">
				<![CDATA[b.FILE_SEND_DATE <=]]> #fileSendDateEnd#
			</isNotEmpty>
			<isNotEmpty prepend="and" property="customerCode">
				a.CUSTOMER_CODE =
				#customerCode#
			</isNotEmpty>
			<isNotEmpty prepend="and" property="loanCardNo">
				a.LOAN_CARD_NO =
				#loanCardNo#
			</isNotEmpty>
			<isNotEmpty prepend="and" property="contractEffectiveState">
				a.CONTRACT_EFFECTIVE_STATE = 
				#contractEffectiveState#
			</isNotEmpty>
			<isNotEmpty prepend="and" property="loanContractNo">
				a.LOAN_CONTRACT_NO =
				#loanContractNo#
			</isNotEmpty>
			<isNotEmpty prepend="and" property="borrowerName">
				a.BORROWER_NAME =
				#borrowerName#
			</isNotEmpty>
			<isNotEmpty prepend="and" property="busiDate">
				a.BUSI_DATE =
				#busiDate#
			</isNotEmpty>
			<isNotEmpty prepend="and" property="opStsList">
				<iterate property="opStsList" open="b.OPERATING_STATE IN ("
					close=")" conjunction=",">
					#opStsList[]#
				</iterate>
			</isNotEmpty>
			<isNotEmpty prepend="and" property="feedbackFlagList">
				<iterate property="feedbackFlagList" open="b.FEEDBACK_FLAG IN ("
					close=")" conjunction=",">
					#feedbackFlagList[]#
				</iterate>
			</isNotEmpty>
			<isNotEmpty prepend="and" property="reportFlag">
				b.REPORT_FLAG =
				#reportFlag#
			</isNotEmpty>
			<isNotEmpty prepend="and" property="feedbackFlag">
				b.FEEDBACK_FLAG =
				#feedbackFlag#
			</isNotEmpty>
			<!-- 部门过滤 -->
			<isNotEmpty prepend="and" property="deptId">
				b.DEPT_ID = #deptId#
			</isNotEmpty>
			<isNotEmpty prepend="and" property="fileSendDate">
				b.FILE_SEND_DATE = #fileSendDate#
			</isNotEmpty>
			<isNotEmpty prepend="and" property="reportBatchNo">
				b.REPORT_BATCH_NO = #reportBatchNo#
			</isNotEmpty>
		</dynamic>
	</sql>
	<sql id="whereCond">
        <include refid="whereCondNoDel" />
		<isNotEmpty prepend="and" property="logicDeleteFlag">
			b.LOGIC_DELETE_FLAG = #logicDeleteFlag#
		</isNotEmpty>
	</sql>

	<sql id="queryCondition">
		from ${SUBSYSTEM_SCHEMA}CCI_CONTRACT_INFO_H a
		left join(
			select * from ${SUBSYSTEM_SCHEMA}CCI_REPORT_SYSTEM_CTL_H 
			union all
			select * from ${SUBSYSTEM_SCHEMA}CCI_REPORT_SYSTEM_CTL_DEL_H
		)b
		on a.sys_ctl_id=b.sys_ctl_id
		and a.seq_num=b.seq_num
		where 1=1
		<include refid="whereCond" />
		<isNotEmpty prepend="and" property="seqNum">
			a.SEQ_NUM = #seqNum#
		</isNotEmpty>
	</sql>

	<sql id="queryBizCondition">
		from ${SUBSYSTEM_SCHEMA}CCI_CONTRACT_INFO a
		left join
		${SUBSYSTEM_SCHEMA}CCI_REPORT_SYSTEM_CTL b
		on a.sys_ctl_id=b.sys_ctl_id
		where 1=1
		AND b.FEEDBACK_FLAG = '0'
		<include refid="whereCond" />
	</sql>

	<sql id="queryConditionNoDel">
		from ${SUBSYSTEM_SCHEMA}CCI_CONTRACT_INFO_H a
		left join
		${SUBSYSTEM_SCHEMA}CCI_REPORT_SYSTEM_CTL_H b
		on a.sys_ctl_id=b.sys_ctl_id
		and a.seq_num=b.seq_num
		where 1=1
		AND b.LOGIC_DELETE_FLAG != '1'
		AND b.MSG_RECORD_OPERATE_TYPE != '4'
		<include refid="whereCondNoDel" />
		<isNotEmpty prepend="and" property="seqNum">
			a.SEQ_NUM = #seqNum#
		</isNotEmpty>
	</sql>

	<sql id="queryBizConditionNoDel">
		from ${SUBSYSTEM_SCHEMA}CCI_CONTRACT_INFO a
		left join
		${SUBSYSTEM_SCHEMA}CCI_REPORT_SYSTEM_CTL b
		on a.sys_ctl_id=b.sys_ctl_id
		where 1=1
		AND b.LOGIC_DELETE_FLAG != '1'
		AND b.MSG_RECORD_OPERATE_TYPE != '4'
		AND b.FEEDBACK_FLAG = '0'
		<include refid="whereCondNoDel" />
	</sql>
	
	<sql id="showLatestCond">
		INNER JOIN (
			SELECT
                CASE WHEN MAX(a.SEQ_NUM) = 'busi'
                    THEN null
                    ELSE MAX(a.SEQ_NUM)
                END AS SEQ_NUM,
				a.BRANCH_ID AS BRANCH_ID,
				a.LOAN_CARD_NO AS LOAN_CARD_NO,
				a.LOAN_CONTRACT_NO AS LOAN_CONTRACT_NO,
				MAX(a.BUSI_DATE) AS BUSI_DATE
			FROM (
				select a.SEQ_NUM,
				b.BRANCH_ID AS BRANCH_ID,
				a.LOAN_CARD_NO AS LOAN_CARD_NO,
				a.LOAN_CONTRACT_NO AS LOAN_CONTRACT_NO,
				a.BUSI_DATE AS BUSI_DATE
				<include refid="queryCondition" />
				UNION ALL
				SELECT 'busi' AS SEQ_NUM,
				b.BRANCH_ID AS BRANCH_ID,
				a.LOAN_CARD_NO AS LOAN_CARD_NO,
				a.LOAN_CONTRACT_NO AS LOAN_CONTRACT_NO,
				a.BUSI_DATE AS BUSI_DATE
                <include refid="queryBizCondition" />
			) a
			GROUP BY a.BRANCH_ID,
			a.LOAN_CARD_NO,
			a.LOAN_CONTRACT_NO
		) d
		ON (
		b.SEQ_NUM = d.SEQ_NUM
		OR (NULLIF(b.SEQ_NUM,'') IS NULL and NULLIF(d.SEQ_NUM,'') IS NULL)
		)
		AND b.BRANCH_ID = d.BRANCH_ID
		AND b.LOAN_CARD_NO = d.LOAN_CARD_NO
		AND b.LOAN_CONTRACT_NO = d.LOAN_CONTRACT_NO
		AND b.BUSI_DATE = d.BUSI_DATE
	</sql>
	
	<sql id="showLatestCondNoDel">
		INNER JOIN (
			SELECT
                CASE WHEN MAX(a.SEQ_NUM) = 'busi'
                    THEN null
                    ELSE MAX(a.SEQ_NUM)
                END AS SEQ_NUM,
				a.BRANCH_ID AS BRANCH_ID,
				a.LOAN_CARD_NO AS LOAN_CARD_NO,
				a.LOAN_CONTRACT_NO AS LOAN_CONTRACT_NO,
				MAX(a.BUSI_DATE) AS BUSI_DATE
			FROM (
				select a.SEQ_NUM,
				b.BRANCH_ID AS BRANCH_ID,
				a.LOAN_CARD_NO AS LOAN_CARD_NO,
				a.LOAN_CONTRACT_NO AS LOAN_CONTRACT_NO,
				a.BUSI_DATE AS BUSI_DATE
				<include refid="queryConditionNoDel" />
				UNION ALL
				SELECT 'busi' AS SEQ_NUM,
				b.BRANCH_ID AS BRANCH_ID,
				a.LOAN_CARD_NO AS LOAN_CARD_NO,
				a.LOAN_CONTRACT_NO AS LOAN_CONTRACT_NO,
				a.BUSI_DATE AS BUSI_DATE
                <include refid="queryBizConditionNoDel" />
			) a
			GROUP BY a.BRANCH_ID,
			a.LOAN_CARD_NO,
			a.LOAN_CONTRACT_NO
		) d
		ON (
		b.SEQ_NUM = d.SEQ_NUM
		OR (NULLIF(b.SEQ_NUM,'') IS NULL and NULLIF(d.SEQ_NUM,'') IS NULL)
		)
		AND b.BRANCH_ID = d.BRANCH_ID
		AND b.LOAN_CARD_NO = d.LOAN_CARD_NO
		AND b.LOAN_CONTRACT_NO = d.LOAN_CONTRACT_NO
		AND b.BUSI_DATE = d.BUSI_DATE
	</sql>
	<sql id="busiCompleteCond">
		<!-- 结清 -->
			SELECT d.*
			FROM (
				select a.SEQ_NUM,
				b.BRANCH_ID AS BRANCH_ID,
				a.LOAN_CARD_NO AS LOAN_CARD_NO,
				a.LOAN_CONTRACT_NO AS LOAN_CONTRACT_NO,
				a.BUSI_DATE AS BUSI_DATE,
				a.CONTRACT_EFFECTIVE_STATE AS CONTRACT_EFFECTIVE_STATE
				<include refid="queryConditionNoDel" />
				UNION ALL
				SELECT null AS SEQ_NUM,
				b.BRANCH_ID AS BRANCH_ID,
				a.LOAN_CARD_NO AS LOAN_CARD_NO,
				a.LOAN_CONTRACT_NO AS LOAN_CONTRACT_NO,
				a.BUSI_DATE AS BUSI_DATE,
				a.CONTRACT_EFFECTIVE_STATE AS CONTRACT_EFFECTIVE_STATE
                <include refid="queryBizConditionNoDel" />
			) b
			<include refid="showLatestCondNoDel"/>
			<isEqual prepend="and" property="squareMark" compareValue="1">
				b.CONTRACT_EFFECTIVE_STATE != '2'
			</isEqual>
			<isEqual prepend="and" property="squareMark" compareValue="2">
				b.CONTRACT_EFFECTIVE_STATE = '2'
			</isEqual>
	</sql>
    <sql id="showHistoryAndBusiCompleteCond">
		<isNotEmpty property="squareMark">
			INNER JOIN (
				<include refid="busiCompleteCond"/>
			) d
			ON b.BRANCH_ID = d.BRANCH_ID
			AND b.LOAN_CARD_NO = d.LOAN_CARD_NO
			AND b.LOAN_CONTRACT_NO = d.LOAN_CONTRACT_NO
            <isNotEqual property="showHistory" compareValue="1">
			AND b.BUSI_DATE = d.BUSI_DATE
            AND (
                b.SEQ_NUM = d.SEQ_NUM
                OR (NULLIF(b.SEQ_NUM,'') IS NULL and NULLIF(d.SEQ_NUM,'') IS NULL)
                )
            </isNotEqual>
        </isNotEmpty>
		<isEmpty property="squareMark">
			<isEqual property="showHistory" compareValue="2">
				<include refid="showLatestCondNoDel"/>
			</isEqual>
		</isEmpty>
    </sql>
	<select id="selectList" parameterClass="com.synesoft.cci.app.form.cbm.CciContractInfoForm"
		resultMap="cciContractAmountInfoResult">
		select t1.* from 
			(select * from ${SUBSYSTEM_SCHEMA}CCI_CONTRACT_AMOUNT_INFO_H UNION ALL
			select null as SEQ_NUM,t.* from ${SUBSYSTEM_SCHEMA}CCI_CONTRACT_AMOUNT_INFO t) t1 
			inner join(
			SELECT *
			FROM (
				select b.*
				<include refid="queryCondition" />
				UNION ALL
				SELECT null AS SEQ_NUM,
					b.*
				<include refid="queryBizCondition"/>
				) b
				<include refid="showHistoryAndBusiCompleteCond" />
			) t2 
			on t1.PARENT_I = t2.SYS_CTL_ID
			and (t1.SEQ_NUM = t2.SEQ_NUM or (t1.SEQ_NUM is null and  t2.SEQ_NUM is null))
	</select>
	
	<!-- add by sjh 20171116 Release V1.0 NO.557 end -->

</sqlMap>