<?xml version="1.0" encoding="UTF-8" ?>
<!DOCTYPE sqlMap PUBLIC "-//ibatis.apache.org//DTD SQL Map 2.0//EN" "http://ibatis.apache.org/dtd/sql-map-2.dtd" >
<sqlMap namespace="CCI_FUNCTION_MAPPING">
	<resultMap id="CciFunctionMappingResult"
		class="com.synesoft.cci.domain.model.CciFunctionMapping">

		<result column="MESSAGE_TYPE" property="messageType" jdbcType="VARCHAR" />
		<result column="EDITION" property="edition" jdbcType="VARCHAR" />
		<result column="IMP_TABLE" property="impTable" jdbcType="VARCHAR" />

		<result column="TABLE_NO" property="tableNo" jdbcType="VARCHAR" />
		<result column="TABLE_NAME" property="tableName" jdbcType="VARCHAR" />
		<result column="FUNC_NAME" property="funcName" jdbcType="VARCHAR" />
		<result column="BUSI_NAME" property="busiName" jdbcType="VARCHAR" />
		<result column="RECORD_TYPE" property="recordType" jdbcType="VARCHAR" />
		<result column="FILE_TYPE" property="fileType" jdbcType="VARCHAR" />
		<result column="BUSI_KEY" property="busiKey" jdbcType="VARCHAR" />
		<result column="KEY_METHOD" property="keyMethod" jdbcType="VARCHAR" />
		<result column="TABLE_TYPE" property="tableType" jdbcType="VARCHAR" />
		<result column="KEY_NAME" property="keyName" jdbcType="VARCHAR" />
	</resultMap>

	<select id="selectList" parameterClass="com.synesoft.cci.domain.model.CciFunctionMapping"
		resultMap="CciFunctionMappingResult">
		select * from ${SUBSYSTEM_SCHEMA}CCI_FUNCTION_MAPPING a
		where 1=1
		<dynamic>
			<isNotEmpty prepend="and" property="funcName">
				a.FUNC_NAME =
				#funcName#
			</isNotEmpty>
			<isNotEmpty prepend="and" property="tableName">
				a.TABLE_NAME =
				#tableName#
			</isNotEmpty>
		</dynamic>
	</select>
	
	<select id="selectTableName" parameterClass="java.lang.String"
		resultClass="java.lang.String">
		select t.TABLE_NAME from ${SUBSYSTEM_SCHEMA}CCI_FUNCTION_MAPPING t
		where RECORD_TYPE = #recordType#
	</select>
	
	<!-- add by ld at 20161125 Release V1.0 NO.B5 start -->
	<select id="selectBusiKey" parameterClass="java.lang.String"
		resultClass="java.lang.String">
		select t.BUSI_KEY from ${SUBSYSTEM_SCHEMA}CCI_FUNCTION_MAPPING t
		where TABLE_NAME = #tableName#
	</select>
	<!-- add by ld at 20161125 Release V1.0 NO.B5 start -->
    
    <!--/* add by gcj 20161115 Release V1.0 NO.210 start */-->
    <select id="selectByWhereSql" parameterClass="java.lang.String"
        resultMap="CciFunctionMappingResult">
        select * from ${SUBSYSTEM_SCHEMA}CCI_FUNCTION_MAPPING
        <!-- upd by sjh 20171114 Release V1.0 NO.554 start -->
        where nullif(FILE_TYPE,'') is not null
        <!-- upd by sjh 20171114 Release V1.0 NO.554 end -->
        <dynamic>
            <isNotEmpty prepend="and">
                $whereSql$
            </isNotEmpty>
        </dynamic>
    </select>
    <!--/* add by gcj 20161115 Release V1.0 NO.210 end */-->

</sqlMap>