<?xml version="1.0" encoding="UTF-8" ?>
<!DOCTYPE sqlMap PUBLIC "-//ibatis.apache.org//DTD SQL Map 2.0//EN" "http://ibatis.apache.org/dtd/sql-map-2.dtd" >
<sqlMap namespace="CCI_CONTRACT_AMOUNT_INFO">
	<resultMap id="cciContractAmountInfoResult"
		class="com.synesoft.cci.domain.model.CciContractAmountInfo">
		<!-- WARNING - This element is automatically generated by Abator for iBATIS, 
			do not modify. This element was generated on Fri Oct 30 15:02:45 CST 2015. -->

		<result column="PARENT_I" property="parentI" jdbcType="VARCHAR" />

		<result column="SERIAL_NO" property="serialNo" jdbcType="VARCHAR" />
		<result column="SYS_CTL_ID" property="sysCtlId" jdbcType="VARCHAR" />
		<result column="LOAN_CONTRACT_NO" property="loanContractNo"
			jdbcType="VARCHAR" />
		<result column="CURRENCY" property="currency" jdbcType="VARCHAR" />
		<result column="AMOUNT" property="amount" jdbcType="DECIMAL" />
		<result column="BALANCE" property="balance" jdbcType="DECIMAL" />
		<result column="STATUS_FLAG" property="statusFlag" jdbcType="VARCHAR" />
	</resultMap>

	<insert id="insert" parameterClass="com.synesoft.cci.domain.model.CciContractAmountInfo">
		<!-- WARNING - This element is automatically generated by Abator for iBATIS, 
			do not modify. This element was generated on Fri Oct 30 15:02:45 CST 2015. -->
		insert into ${SUBSYSTEM_SCHEMA}CCI_CONTRACT_AMOUNT_INFO (
		PARENT_I,
		SERIAL_NO,
		SYS_CTL_ID, LOAN_CONTRACT_NO, CURRENCY, AMOUNT,
		BALANCE,
		STATUS_FLAG)
		values (
		#parentI#,
		#serialNo:VARCHAR#, #sysCtlId:VARCHAR#,
		#loanContractNo:VARCHAR#,
		#currency:VARCHAR#,
		#amount:DECIMAL#,
		#balance:DECIMAL#, #statusFlag:VARCHAR#)
	</insert>

	<update id="updateByPrimaryKey" parameterClass="com.synesoft.cci.domain.model.CciContractAmountInfo">
		<!-- WARNING - This element is automatically generated by Abator for iBATIS, 
			do not modify. This element was generated on Fri Oct 30 15:02:45 CST 2015. -->
		update ${SUBSYSTEM_SCHEMA}CCI_CONTRACT_AMOUNT_INFO
		<dynamic prepend="set">
			<isNotNull prepend="," property="parentI">
				PARENT_I = #parentI#
			</isNotNull>

			<isNotNull prepend="," property="loanContractNo">
				LOAN_CONTRACT_NO =
				#loanContractNo:VARCHAR#
			</isNotNull>
			<isNotNull prepend="," property="currency">
				CURRENCY =
				#currency:VARCHAR#
			</isNotNull>
			<isNotNull prepend="," property="amount">
				AMOUNT = #amount:DECIMAL#
			</isNotNull>
			<isNotNull prepend="," property="balance">
				BALANCE = #balance:DECIMAL#
			</isNotNull>
			<isNotNull prepend="," property="statusFlag">
				STATUS_FLAG =
				#statusFlag:VARCHAR#
			</isNotNull>
			<isNotEmpty prepend="," property="batDate">
			    BAT_DATE = #batDate#
		    </isNotEmpty>
		</dynamic>
		where 1=1
		<dynamic>
			<isNotEmpty prepend="and" property="sysCtlId">
				sys_ctl_id = #sysCtlId#
			</isNotEmpty>
		</dynamic>
	</update>
    
    <!-- add by gcj Release V1.0 NO.90 金额更新成null 画面后台直连更新专用20160819 start-->
	<update id="updateByPrimaryKeyAll" parameterClass="com.synesoft.cci.domain.model.CciContractAmountInfo">
		<!-- WARNING - This element is automatically generated by Abator for iBATIS,
			do not modify. This element was generated on Fri Oct 30 15:02:45 CST 2015. -->
		update ${SUBSYSTEM_SCHEMA}CCI_CONTRACT_AMOUNT_INFO
		<dynamic prepend="set">
			PARENT_I = #parentI#,
			LOAN_CONTRACT_NO =
			#loanContractNo:VARCHAR#,
			CURRENCY =
			#currency:VARCHAR#,
			AMOUNT = #amount:DECIMAL#,
			BALANCE = #balance:DECIMAL#,
			STATUS_FLAG =
			#statusFlag:VARCHAR#
			<!-- add by gcj 20170103 Release V1.0 NO.299 start -->
			<isNotEmpty property="taskId">
				,TASK_ID=
				#taskId#
			</isNotEmpty>
			<isNotEmpty property="stepId">
				,STEP_ID =
				#stepId#
			</isNotEmpty>
			<isNotEmpty property="batDate">
				,BAT_DATE =
				#batDate#
			</isNotEmpty>
			<!-- add by gcj 20170103 Release V1.0 NO.299 end -->
		</dynamic>
		where 1=1
		<dynamic>
			<isNotEmpty prepend="and" property="sysCtlId">
				sys_ctl_id = #sysCtlId#
			</isNotEmpty>
		</dynamic>
	</update>
    <!-- add by gcj Release V1.0 NO.90 金额更新成null 画面后台直连更新专用20160819 end-->

	<select id="selectByParent" parameterClass="com.synesoft.cci.domain.model.CciContractAmountInfo"
		resultMap="cciContractAmountInfoResult">
		select * from ${SUBSYSTEM_SCHEMA}CCI_CONTRACT_AMOUNT_INFO
		where PARENT_I = #parentI#
	</select>
	
	<!--// upd by gcj 20170320 Release V1.0 NO.390 start-->
	<select id="selectByParents" parameterClass="java.util.Map"
		resultMap="cciContractAmountInfoResult">
		select * from ${SUBSYSTEM_SCHEMA}CCI_CONTRACT_AMOUNT_INFO
		where 1=1
		<dynamic>
			<isNotEmpty prepend="and" property="sysCtlIdList">
				<iterate property="sysCtlIdList" open="PARENT_I in (" close=")" conjunction=",">
					#sysCtlIdList[]#
				</iterate>
			</isNotEmpty>
		</dynamic>
	</select>
	<!--// upd by gcj 20170320 Release V1.0 NO.390 end-->

	<delete id="deleteByParent" parameterClass="com.synesoft.cci.domain.model.CciContractAmountInfo">
		<!-- WARNING - This element is automatically generated by Abator for iBATIS, 
			do not modify. This element was generated on Fri Oct 30 15:02:45 CST 2015. -->
		delete from ${SUBSYSTEM_SCHEMA}CCI_CONTRACT_AMOUNT_INFO
		where 1 = 1
		and
		PARENT_I = #parentI#
	</delete>
	
	<select id="getReportData" parameterClass="java.lang.String" resultMap="cciContractAmountInfoResult">
		select * from ${SUBSYSTEM_SCHEMA}CCI_CONTRACT_AMOUNT_INFO t1
		where 1 = 1 and t1.PARENT_I = #sysCtl#
	</select>
</sqlMap>
