<?xml version="1.0" encoding="UTF-8" ?>
<!DOCTYPE sqlMap PUBLIC "-//ibatis.apache.org//DTD SQL Map 2.0//EN" "http://ibatis.apache.org/dtd/sql-map-2.dtd" >
<sqlMap namespace="CCI_ORGINFO_EXECUTIVE_RELA">
	<resultMap id="cciOrginfoExecutiveRelaFormResult"
		class="com.synesoft.cci.app.form.obm.CciOrginfoExecutiveRelaForm">
		<!-- WARNING - This element is automatically generated by Abator for iBATIS, 
			do not modify. This element was generated on Fri Oct 30 15:02:47 CST 2015. -->
		<result column="SERIAL_NO" property="serialNo" jdbcType="VARCHAR" />
		<result column="RELATION_FEEDBACK_ID" property="relationFeedbackId" jdbcType="VARCHAR"/>
		<result column="SYS_CTL_ID" property="sysCtlId" jdbcType="VARCHAR" />
		<result column="RELATION_PARTY_TYPE" property="relationPartyType"
			jdbcType="VARCHAR" />
		<result column="NAME" property="name" jdbcType="VARCHAR" />
		<result column="PAPER_TYPE" property="paperType" jdbcType="VARCHAR" />
		<result column="PAPER_CODE" property="paperCode" jdbcType="VARCHAR" />
		<result column="INFORMATION_UPDATE_DATE" property="informationUpdateDate"
			jdbcType="VARCHAR" />
		<result column="RSV_1" property="rsv1" jdbcType="VARCHAR" />
		<result column="CUSTOMER_CODE" property="customerCode"
			jdbcType="VARCHAR" />
		<result column="STATE_FLAG" property="stateFlag" jdbcType="VARCHAR" />
		<result column="PARENT_I" property="parentI" jdbcType="VARCHAR" />
		<result column="FILE_SEND_DATE" property="fileSendDate"
			jdbcType="VARCHAR" />
		<result column="REPORT_BATCH_NO" property="reportBatchNo"
			jdbcType="VARCHAR" />
		<result column="MSG_RECORD_TRACKING_NO" property="msgRecordTrackingNo"
			jdbcType="VARCHAR" />
		<result column="MSG_RECORD_OPERATE_TYPE" property="msgRecordOperateType"
			jdbcType="VARCHAR" />
		<result column="MSG_RECORD_ROW" property="msgRecordRow"
			jdbcType="VARCHAR" />
		<result column="REPORT_FLAG" property="reportFlag" jdbcType="VARCHAR" />
		<result column="FEEDBACK_FLAG" property="feedbackFlag"
			jdbcType="VARCHAR" />
		<result column="DEPT_ID" property="deptId" jdbcType="VARCHAR" />
		<result column="OPERATING_STATE" property="operatingState"
			jdbcType="VARCHAR" />
		<result column="REPORT_FILE_TYPE" property="reportFileType"
			jdbcType="VARCHAR" />
		<result column="MSG_RECORD_TYPE" property="msgRecordType"
			jdbcType="VARCHAR" />
		<result column="BRANCH_ID" property="branchId" jdbcType="VARCHAR" />
		<result column="BRANCH_NO" property="branchNo" jdbcType="VARCHAR" />
		<result column="RELATION_SYS_CTL_ID" property="relationSysCtlId"
			jdbcType="VARCHAR" />
		<result column="ORG_BASIC_FEEDBACK_FLAG" property="orgBasicFeedbackFlag"
			jdbcType="VARCHAR" />
		<result column="OPERATE_TIME" property="operateTime" jdbcType="VARCHAR" />
		<result column="OPERATER" property="operater" jdbcType="VARCHAR" />
		<result column="CHECK_TIME" property="checkTime" jdbcType="VARCHAR" />
		<result column="CHECK_OPERATOR" property="checkOperator"
			jdbcType="VARCHAR" />
		<result column="CHECK_ADD_MSG" property="checkAddMsg" jdbcType="VARCHAR" />
		<result column="LAST_UPDATE_TIME" property="lastUpdateTime"
			jdbcType="VARCHAR" />
		<result column="LAST_UPDATER" property="lastUpdater" jdbcType="VARCHAR" />
		<result column="LOGIC_DELETE_FLAG" property="logicDeleteFlag"
			jdbcType="VARCHAR" />
		<result column="RECORD_STATUS_FLAG" property="recordStatusFlag"
			jdbcType="VARCHAR" />
		<result column="MESSAGE_TYPE" property="messageType" jdbcType="VARCHAR" />
		<result column="DTL_NUM_A" property="dtlNumA" jdbcType="VARCHAR" />
		<result column="DTL_NUM_B" property="dtlNumB" jdbcType="VARCHAR" />
		<result column="DTL_NUM_C" property="dtlNumC" jdbcType="VARCHAR" />
		<result column="DTL_NUM_D" property="dtlNumD" jdbcType="VARCHAR" />
	</resultMap>
	
	<!-- add by yb 2017-05-04 Release V1.0 NO.444 start -->
	<sql id="queryCondition">
	    from ${SUBSYSTEM_SCHEMA}CCI_ORGINFO_EXECUTIVE_RELA a 
		inner join ${SUBSYSTEM_SCHEMA}CCI_REPORT_SYSTEM_CTL b
		on a.SYS_CTL_ID =
		b.SYS_CTL_ID
		where 1=1
		<dynamic>
			<isNotEmpty prepend="and" property="orgInfList">
				<iterate property="orgInfList" open="b.BRANCH_NO IN ("
					close=")" conjunction=",">
					#orgInfList[]#
				</iterate>
			</isNotEmpty>
			<isNotEmpty prepend="and" property="branchId">
				b.BRANCH_ID =
				#branchId:VARCHAR#
			</isNotEmpty>
			<!-- add by yb 2016-12-01 Release V1.0 NO.B9 start -->
			<isNotEmpty prepend="and" property="informationUpdateDateStart">
				<![CDATA[a.INFORMATION_UPDATE_DATE >=]]> #informationUpdateDateStart# 
			</isNotEmpty>
			<isNotEmpty prepend="and" property="informationUpdateDateEnd">
				<![CDATA[a.INFORMATION_UPDATE_DATE <=]]> #informationUpdateDateEnd#
			</isNotEmpty>
			<isNotEmpty prepend="and" property="fileSendDateStart">
				<![CDATA[b.FILE_SEND_DATE >=]]> #fileSendDateStart# 
			</isNotEmpty>
			<isNotEmpty prepend="and" property="fileSendDateEnd">
				<![CDATA[b.FILE_SEND_DATE <=]]> #fileSendDateEnd#
			</isNotEmpty>
			<!-- add by yb 2016-12-01 Release V1.0 NO.B9 end -->
			<isNotEmpty prepend="and" property="customerCode">
				a.CUSTOMER_CODE =
				#customerCode:VARCHAR#
			</isNotEmpty>
			<isNotEmpty prepend="and" property="name">
				a.NAME = #name:VARCHAR#
			</isNotEmpty>
			<isNotEmpty prepend="and" property="paperType">
				a.PAPER_TYPE =
				#paperType:VARCHAR#
			</isNotEmpty>
			<isNotEmpty prepend="and" property="paperCode">
				a.PAPER_CODE =
				#paperCode:VARCHAR#
			</isNotEmpty>
			<isNotEmpty prepend="and" property="feedbackFlag">
				b.FEEDBACK_FLAG =
				#feedbackFlag:VARCHAR#
			</isNotEmpty>
			<isNotEmpty prepend="and" property="operatingState">
				b.OPERATING_STATE =
				#operatingState:VARCHAR#
			</isNotEmpty>
			<isNotEmpty prepend="and" property="reportFlag">
				b.REPORT_FLAG =
				#reportFlag:VARCHAR#
			</isNotEmpty>
			<isNotEmpty prepend="and" property="opStsList">
				<iterate property="opStsList" open="b.OPERATING_STATE IN ("
					close=")" conjunction=",">
					#opStsList[]#
				</iterate>
			</isNotEmpty>
			<isNotEmpty prepend="and" property="feedbackFlagList">
				<iterate property="feedbackFlagList" open="b.FEEDBACK_FLAG IN ("
					close=")" conjunction=",">
					#feedbackFlagList[]#
				</iterate>
			</isNotEmpty>
			<isNotEmpty prepend="and" property="parentI">
				a.parent_I = #parentI#
			</isNotEmpty>
			<!--add by gcj 20160707 Release V1.0 NO.53 机构修改 start-->
			<isNotEmpty prepend="and" property="msgRecordOperateType">
				b.MSG_RECORD_OPERATE_TYPE = #msgRecordOperateType#
			</isNotEmpty>
			<!--add by gcj 20160707 Release V1.0 NO.53 机构修改 end-->
		</dynamic>
		AND b.LOGIC_DELETE_FLAG NOT IN ('1')
	</sql>
	<!-- add by yb 2017-05-04 Release V1.0 NO.444 end -->
	<select id="selectByPrimaryKey" resultMap="cciOrginfoExecutiveRelaFormResult"
		parameterClass="com.synesoft.cci.app.form.obm.CciOrginfoExecutiveRelaForm">
		<!-- update by ld at 20160902 Release V1.0 NO.109-->
		select a.*
		<include refid="CCI_COM_REPORT_SYSTEM_FIELD.selectReportField"/>
		from ${SUBSYSTEM_SCHEMA}CCI_ORGINFO_EXECUTIVE_RELA a 
		inner join ${SUBSYSTEM_SCHEMA}CCI_REPORT_SYSTEM_CTL b
		on a.SYS_CTL_ID = b.SYS_CTL_ID
		where 1=1
		<dynamic>
			<isNotEmpty prepend="and" property="sysCtlId">
				a.SYS_CTL_ID =
				#sysCtlId:VARCHAR#
			</isNotEmpty>
		</dynamic>
	</select>

	<select id="selectCounts"
		parameterClass="com.synesoft.cci.app.form.obm.CciOrginfoExecutiveRelaForm"
		resultClass="java.lang.Integer">
		select count(*)
		<!-- add by yb 2017-05-04 Release V1.0 NO.444 start -->
		<include refid="queryCondition"/>
		<!-- add by yb 2017-05-04 Release V1.0 NO.444 end -->
	</select>

	<select id="selectList" resultMap="cciOrginfoExecutiveRelaFormResult"
		parameterClass="com.synesoft.cci.app.form.obm.CciOrginfoExecutiveRelaForm">
		<!-- update by ld at 20160902 Release V1.0 NO.109-->
		select a.*
		<include refid="CCI_COM_REPORT_SYSTEM_FIELD.selectReportField"/>
		<!-- add by yb 2017-05-04 Release V1.0 NO.444 start -->
		<include refid="queryCondition"/>
		<!-- add by yb 2017-05-04 Release V1.0 NO.444 end -->
		ORDER BY
			<!-- add by gl 20160612 Release V1.0 NO.6 start--> 
			b.LAST_UPDATE_TIME DESC,
			<!-- add by gl 20160612 Release V1.0 NO.6 end-->
			a.SYS_CTL_ID DESC
	</select>
	<insert id="insert"
		parameterClass="com.synesoft.cci.app.form.obm.CciOrginfoExecutiveRelaForm">
		<!-- WARNING - This element is automatically generated by Abator for iBATIS, 
			do not modify. This element was generated on Fri Oct 30 15:02:47 CST 2015. -->
		insert into ${SUBSYSTEM_SCHEMA}CCI_ORGINFO_EXECUTIVE_RELA (SERIAL_NO,
		SYS_CTL_ID, RELATION_PARTY_TYPE, NAME,
		PAPER_TYPE, PAPER_CODE,
		INFORMATION_UPDATE_DATE, RSV_1, CUSTOMER_CODE,
		STATE_FLAG, PARENT_I)
		values (#serialNo:VARCHAR#, #sysCtlId:VARCHAR#,
		#relationPartyType:VARCHAR#,
		#name:VARCHAR#,
		#paperType:VARCHAR#,
		#paperCode:VARCHAR#, #informationUpdateDate:VARCHAR#, #rsv1:VARCHAR#,
		#customerCode:VARCHAR#, #stateFlag:VARCHAR#, #parentI:VARCHAR#)
	</insert>


	<update id="updateByPrimaryKey"
		parameterClass="com.synesoft.cci.app.form.obm.CciOrginfoExecutiveRelaForm">
		<!-- WARNING - This element is automatically generated by Abator for iBATIS, 
			do not modify. This element was generated on Fri Oct 30 15:02:47 CST 2015. -->
		update ${SUBSYSTEM_SCHEMA}CCI_ORGINFO_EXECUTIVE_RELA
		<dynamic prepend="set">
			<isNotNull prepend="," property="relationPartyType">
				RELATION_PARTY_TYPE = #relationPartyType:VARCHAR#
			</isNotNull>
			<isNotNull prepend="," property="name">
				NAME = #name:VARCHAR#
			</isNotNull>
			<isNotNull prepend="," property="paperType">
				PAPER_TYPE = #paperType:VARCHAR#
			</isNotNull>
			<isNotNull prepend="," property="paperCode">
				PAPER_CODE = #paperCode:VARCHAR#
			</isNotNull>
			<isNotNull prepend="," property="informationUpdateDate">
				INFORMATION_UPDATE_DATE = #informationUpdateDate:VARCHAR#
			</isNotNull>
			<isNotNull prepend="," property="rsv1">
				RSV_1 = #rsv1:VARCHAR#
			</isNotNull>
			<isNotNull prepend="," property="customerCode">
				CUSTOMER_CODE = #customerCode:VARCHAR#
			</isNotNull>
			<isNotNull prepend="," property="stateFlag">
				STATE_FLAG = #stateFlag:VARCHAR#
			</isNotNull>
			<isNotNull prepend="," property="parentI">
				PARENT_I = #parentI#
			</isNotNull>
			<isNotEmpty prepend="," property="batDate">
			BAT_DATE = #batDate#
	    	</isNotEmpty>
		</dynamic>
		where 1=1
		<dynamic>
			<isNotEmpty prepend="and" property="sysCtlId">
				sys_ctl_id = #sysCtlId#
			</isNotEmpty>
		</dynamic>
	</update>
    
    
    
    <!-- add by gcj Release V1.0 NO.90 金额更新成null 画面后台直连更新专用20160819 start-->
	<update id="updateByPrimaryKeyAll"
		parameterClass="com.synesoft.cci.app.form.obm.CciOrginfoExecutiveRelaForm">
		<!-- WARNING - This element is automatically generated by Abator for iBATIS,
			do not modify. This element was generated on Fri Oct 30 15:02:47 CST 2015. -->
		update ${SUBSYSTEM_SCHEMA}CCI_ORGINFO_EXECUTIVE_RELA
		<dynamic prepend="set">
			RELATION_PARTY_TYPE = #relationPartyType:VARCHAR#,
			NAME = #name:VARCHAR#,
			PAPER_TYPE = #paperType:VARCHAR#,
			PAPER_CODE = #paperCode:VARCHAR#,
			INFORMATION_UPDATE_DATE = #informationUpdateDate:VARCHAR#,
			RSV_1 = #rsv1:VARCHAR#,
			CUSTOMER_CODE = #customerCode:VARCHAR#,
			STATE_FLAG = #stateFlag:VARCHAR#,
			PARENT_I = #parentI#
			<!-- add by gcj 20170103 Release V1.0 NO.299 start -->
			<isNotEmpty property="taskId">
				,TASK_ID=
				#taskId#
			</isNotEmpty>
			<isNotEmpty property="stepId">
				,STEP_ID =
				#stepId#
			</isNotEmpty>
			<isNotEmpty property="batDate">
				,BAT_DATE =
				#batDate#
			</isNotEmpty>
			<!-- add by gcj 20170103 Release V1.0 NO.299 end -->
		</dynamic>
		where 1=1
		<dynamic>
			<isNotEmpty prepend="and" property="sysCtlId">
				sys_ctl_id = #sysCtlId#
			</isNotEmpty>
		</dynamic>
	</update>
    <!-- add by gcj Release V1.0 NO.90 金额更新成null 画面后台直连更新专用20160819 end-->
	
	<update id="updateBySuperKey"
		parameterClass="com.synesoft.cci.app.form.obm.CciOrginfoExecutiveRelaForm">
		UPDATE ${SUBSYSTEM_SCHEMA}CCI_ORGINFO_EXECUTIVE_RELA
		<dynamic prepend="set">
			<isNotNull prepend="," property="customerCode">
				CUSTOMER_CODE =
				#customerCode#
			</isNotNull>
			<isNotNull prepend="," property="stateFlag">
				STATE_FLAG = #stateFlag:VARCHAR#
			</isNotNull>
		</dynamic>
		where 1=1
		<dynamic>
			<isNotEmpty prepend="and" property="parentI">
				PARENT_I = #parentI#
			</isNotEmpty>
	  	<!--add by gcj 20160707 Release V1.0 NO.53 机构修改 start-->
			<isNotEmpty prepend="and" property="relationPartyType">
				RELATION_PARTY_TYPE = #relationPartyType#
			</isNotEmpty>
		</dynamic>
		and EXISTS (
			SELECT 1
			FROM ${SUBSYSTEM_SCHEMA}CCI_REPORT_SYSTEM_CTL b
			WHERE CCI_ORGINFO_EXECUTIVE_RELA.sys_ctl_id = b.sys_ctl_id
			AND b.logic_delete_flag !='1'
			AND b.FEEDBACK_FLAG != '4'
		)
		<!--add by gcj 20160707 Release V1.0 NO.53 机构修改 end-->
	</update>

	<!-- 更新控制表父sysCtlId的dtlNum -->
	<update id="updateParentBySuperKey"
		parameterClass="com.synesoft.cci.app.form.obm.CciOrginfoExecutiveRelaForm">
		UPDATE ${SUBSYSTEM_SCHEMA}CCI_REPORT_SYSTEM_CTL
		SET
		DTL_NUM_B = (
		select
		count(*) from ${SUBSYSTEM_SCHEMA}cci_report_system_ctl
		where sys_ctl_id in (
		select
		t.sys_ctl_id from ${SUBSYSTEM_SCHEMA}CCI_ORGINFO_EXECUTIVE_RELA t
		where 1=1
		<dynamic>
			<isNotEmpty prepend="and" property="parentI">
				t.parent_I=#parentI#
			</isNotEmpty>
		</dynamic>
		)
		and operating_state ='21'
		and logic_delete_flag !='1'
		)
		where 1=1
		<isNotEmpty prepend="and" property="parentI">
			sys_ctl_id = #parentI#
			<!-- add by gcj 20160617 Release V1.0 NO.27 start -->
			AND DTL_NUM_B != (
				select
				count(*) from ${SUBSYSTEM_SCHEMA}cci_report_system_ctl
				where sys_ctl_id in (
					select
					t.sys_ctl_id from ${SUBSYSTEM_SCHEMA}CCI_ORGINFO_EXECUTIVE_RELA t
					where t.parent_I=#parentI#
				)
				and operating_state ='21'
				and logic_delete_flag !='1'
			)
			<!-- add by gcj 20160617 Release V1.0 NO.27 end -->
		</isNotEmpty>
	</update>
	<select id="selectParentCounts"
		parameterClass="com.synesoft.cci.app.form.obm.CciOrginfoExecutiveRelaForm"
		resultClass="java.lang.Integer">
		select COUNT(*) from ${SUBSYSTEM_SCHEMA}CCI_ORGINFO_EXECUTIVE_RELA a
		left join ${SUBSYSTEM_SCHEMA}CCI_REPORT_SYSTEM_CTL b
		on
		a.sys_ctl_id=b.sys_ctl_id
		where 1=1
		<dynamic>
			<isNotEmpty prepend="and" property="parentI">
				a.parent_I = #parentI#
			</isNotEmpty>
			<isNotEmpty prepend="and" property="opStsList">
				<iterate property="opStsList" open="b.OPERATING_STATE NOT IN ("
					close=")" conjunction=",">
					#opStsList[]#
				</iterate>
			</isNotEmpty>
		</dynamic>
		<!-- 逻辑删除标志 -->
		AND b.LOGIC_DELETE_FLAG NOT IN ('1')
	</select>

	<delete id="deleteByPrimaryKeyLogic"
		parameterClass="com.synesoft.cci.app.form.obm.CciOrginfoExecutiveRelaForm">
		<!-- WARNING - This element is automatically generated by Abator for iBATIS, 
			do not modify. This element was generated on Fri Oct 30 15:02:44 CST 2015. -->
		update ${SUBSYSTEM_SCHEMA}CCI_REPORT_SYSTEM_CTL set
		LOGIC_DELETE_FLAG =
		#logicDeleteFlag:VARCHAR#
		where SYS_CTL_ID = #sysCtlId:VARCHAR#
	</delete>

	<delete id="deleteByPrimaryKey"
		parameterClass="com.synesoft.cci.app.form.obm.CciOrginfoExecutiveRelaForm">
		<!-- WARNING - This element is automatically generated by Abator for iBATIS, 
			do not modify. This element was generated on Fri Oct 30 15:02:44 CST 2015. -->
		delete from ${SUBSYSTEM_SCHEMA}CCI_ORGINFO_EXECUTIVE_RELA
		where SYS_CTL_ID =
		#sysCtlId:VARCHAR#
	</delete>

	<update id="optState"
		parameterClass="com.synesoft.cci.app.form.obm.CciOrginfoExecutiveRelaForm">
		<!-- WARNING - This element is automatically generated by Abator for iBATIS, 
			do not modify. This element was generated on Fri Oct 30 15:02:44 CST 2015. -->
		update ${SUBSYSTEM_SCHEMA}CCI_REPORT_SYSTEM_CTL set
		LOGIC_DELETE_FLAG =
		#logicDeleteFlag:VARCHAR#
		where SYS_CTL_ID = #sysCtlId:VARCHAR#
	</update>
	
	<select id="getReportData" parameterClass="java.util.Map" resultMap="cciOrginfoExecutiveRelaFormResult">
		select *
		from ${SUBSYSTEM_SCHEMA}CCI_ORGINFO_EXECUTIVE_RELA t1
		join ${SUBSYSTEM_SCHEMA}CCI_REPORT_SYSTEM_CTL t2
		on t1.SYS_CTL_ID = t2.SYS_CTL_ID
		where 1 = 1
		and t1.PARENT_I = #sysCtl#
	</select>
</sqlMap>