<?xml version="1.0" encoding="UTF-8" ?>
<!DOCTYPE sqlMap PUBLIC "-//ibatis.apache.org//DTD SQL Map 2.0//EN" "http://ibatis.apache.org/dtd/sql-map-2.dtd" >
<sqlMap namespace="CCI_PROFIT_DISTRIBUT_2002">
	<resultMap id="cciProfitDistribut2002Result"
		class="com.synesoft.cci.domain.model.CciProfitDistribut2002">
		<!-- WARNING - This element is automatically generated by Abator for iBATIS, 
			do not modify. This element was generated on Fri Oct 30 15:02:48 CST 2015. -->
		<result column="SYS_CTL_ID" property="sysCtlId" jdbcType="VARCHAR" />
		<result column="MAIN_BUSI_INCOME" property="mainBusiIncome"
			jdbcType="DECIMAL" />
		<result column="MAIN_BUSI_INCOME_EXPORT" property="mainBusiIncomeExport"
			jdbcType="DECIMAL" />
		<result column="MAIN_BUSI_INCOME_IMPORT" property="mainBusiIncomeImport"
			jdbcType="DECIMAL" />
		<result column="DISCOUNT_REMOVAL" property="discountRemoval"
			jdbcType="DECIMAL" />
		<result column="MAIN_BUSI_INCOME_NET" property="mainBusiIncomeNet"
			jdbcType="DECIMAL" />
		<result column="MAIN_BUSI_COST" property="mainBusiCost"
			jdbcType="DECIMAL" />
		<result column="MAIN_BUSI_COST_EXPORT" property="mainBusiCostExport"
			jdbcType="DECIMAL" />
		<result column="MAIN_BUSI_TAX_ADD" property="mainBusiTaxAdd"
			jdbcType="DECIMAL" />
		<result column="OPERATING_EXPENSE" property="operatingExpense"
			jdbcType="DECIMAL" />
		<result column="OTHER1" property="other1" jdbcType="DECIMAL" />
		<result column="DEFERRED_REVENUE" property="deferredRevenue"
			jdbcType="DECIMAL" />
		<result column="PURCHASING_AGENCY_REVENUE" property="purchasingAgencyRevenue"
			jdbcType="DECIMAL" />
		<result column="OTHER2" property="other2" jdbcType="DECIMAL" />
		<result column="MAIN_BUSI_PROFIT" property="mainBusiProfit"
			jdbcType="DECIMAL" />
		<result column="OTHER_BUSI_PROFIT" property="otherBusiProfit"
			jdbcType="DECIMAL" />
		<result column="BUSI_EXPENSE" property="busiExpense" jdbcType="DECIMAL" />
		<result column="MANAGE_EXPENSE" property="manageExpense"
			jdbcType="DECIMAL" />
		<result column="FINANCIAL_EXPENSE" property="financialExpense"
			jdbcType="DECIMAL" />
		<result column="OTHER3" property="other3" jdbcType="DECIMAL" />
		<result column="BUSI_PROFIT" property="busiProfit" jdbcType="DECIMAL" />
		<result column="INVEST_INCOME" property="investIncome"
			jdbcType="DECIMAL" />
		<result column="FUTURES_INCOME" property="futuresIncome"
			jdbcType="DECIMAL" />
		<result column="SUBSIDIES_INCOME" property="subsidiesIncome"
			jdbcType="DECIMAL" />
		<result column="PRE_SUBSIDIES_INCOME" property="preSubsidiesIncome"
			jdbcType="DECIMAL" />
		<result column="BESIDE_BUSI_INCOME" property="besideBusiIncome"
			jdbcType="DECIMAL" />
		<result column="BESIDE_FIXED_ASSETS_NET" property="besideFixedAssetsNet"
			jdbcType="DECIMAL" />
		<result column="BESIDE_NONMONETARY_NET" property="besideNonmonetaryNet"
			jdbcType="DECIMAL" />
		<result column="BESIDE_INTANGIBLE_ASSETS_NET" property="besideIntangibleAssetsNet"
			jdbcType="DECIMAL" />
		<result column="BESIDE_FINE_NET" property="besideFineNet"
			jdbcType="DECIMAL" />
		<result column="OTHER4" property="other4" jdbcType="DECIMAL" />
		<result column="WAGE_SAVING_PROFIT" property="wageSavingProfit"
			jdbcType="DECIMAL" />
		<result column="BESIDE_BUSI_EXPENSE" property="besideBusiExpense"
			jdbcType="DECIMAL" />
		<result column="BESIDE_FIXED_ASSETS_LOSS" property="besideFixedAssetsLoss"
			jdbcType="DECIMAL" />
		<result column="BESIDE_DEBT_RESTRUCTURING_LOSS" property="besideDebtRestructuringLoss"
			jdbcType="DECIMAL" />
		<result column="BESIDE_FINE_EXPENSE" property="besideFineExpense"
			jdbcType="DECIMAL" />
		<result column="BESIDE_DONATE_EXPENSE" property="besideDonateExpense"
			jdbcType="DECIMAL" />
		<result column="OTHER_LOSS" property="otherLoss" jdbcType="DECIMAL" />
		<result column="OTHER_EXPENSE_BALANCE" property="otherExpenseBalance"
			jdbcType="DECIMAL" />
		<result column="TOTAL_PROFIT" property="totalProfit" jdbcType="DECIMAL" />
		<result column="INCOME_TAX" property="incomeTax" jdbcType="DECIMAL" />
		<result column="SHAREHOLDERS_PROFIT_OR_LOSS" property="shareholdersProfitOrLoss"
			jdbcType="DECIMAL" />
		<result column="UNRECOGNIZED_INVESTMENT_LOSS" property="unrecognizedInvestmentLoss"
			jdbcType="DECIMAL" />
		<result column="NET_PROFIT" property="netProfit" jdbcType="DECIMAL" />
		<result column="UNDISTRIBUTED_PROFIT_BEGIN" property="undistributedProfitBegin"
			jdbcType="DECIMAL" />
		<result column="SURP_RESE_LOSS_SUPP" property="surpReseLossSupp"
			jdbcType="DECIMAL" />
		<result column="OTHER_ADJUSTMENT_FACTOR" property="otherAdjustmentFactor"
			jdbcType="DECIMAL" />
		<result column="PROFIT_ABLE_TO_DISTRIBUTE" property="profitAbleToDistribute"
			jdbcType="DECIMAL" />
		<result column="SINGLE_RETAINED_PROFIT" property="singleRetainedProfit"
			jdbcType="DECIMAL" />
		<result column="SUPPLEMENTAL_LIQUIDITY" property="supplementalLiquidity"
			jdbcType="DECIMAL" />
		<result column="EXTR_STAT_SURP_RESE" property="extrStatSurpRese"
			jdbcType="DECIMAL" />
		<result column="EXTRACT_STATUTORY_WELFARE" property="extractStatutoryWelfare"
			jdbcType="DECIMAL" />
		<result column="EXTRACT_REWARD_WELFARE_FUND" property="extractRewardWelfareFund"
			jdbcType="DECIMAL" />
		<result column="EXTRACT_RESERVE_FUND" property="extractReserveFund"
			jdbcType="DECIMAL" />
		<result column="EXTR_ENTE_DEVE_FUND" property="extrEnteDeveFund"
			jdbcType="DECIMAL" />
		<result column="PROFIT_RETURN_INVESTMENT" property="profitReturnInvestment"
			jdbcType="DECIMAL" />
		<result column="OTHER5" property="other5" jdbcType="DECIMAL" />
		<result column="PROFIT_FOR_INVESTORS_ABLE" property="profitForInvestorsAble"
			jdbcType="DECIMAL" />
		<result column="PREF_STOC_DIVI_TO_PAY" property="prefStocDiviToPay"
			jdbcType="DECIMAL" />
		<result column="EXTRACT_ANY_SURPLUS_RESERVE" property="extractAnySurplusReserve"
			jdbcType="DECIMAL" />
		<result column="COMMON_STOCK_DIVIDENDS_TO_PAY" property="commonStockDividendsToPay"
			jdbcType="DECIMAL" />
		<result column="COMMON_STOCK_DIVIDENDS_SWITCH" property="commonStockDividendsSwitch"
			jdbcType="DECIMAL" />
		<result column="OTHER6" property="other6" jdbcType="DECIMAL" />
		<result column="PROFIT_NOT_DISTRIBUTED" property="profitNotDistributed"
			jdbcType="DECIMAL" />
		<result column="PROFIT_NOT_DISTRIBUTED_OFFSET" property="profitNotDistributedOffset"
			jdbcType="DECIMAL" />
		<result column="CUSTOMER_CODE" property="customerCode"
			jdbcType="VARCHAR" />
		<result column="REPORT_YEAR" property="reportYear" jdbcType="VARCHAR" />
		<result column="REPORT_TYPE" property="reportType" jdbcType="VARCHAR" />
		<result column="REPORT_TYPE_SUBDIVISION" property="reportTypeSubdivision"
			jdbcType="VARCHAR" />
		<result column="BORROWER_NAME" property="borrowerName"
			jdbcType="VARCHAR" />
		<result column="LOAN_CARD_NO" property="loanCardNo" jdbcType="VARCHAR" />
		<result column="AUDIT_FIRM_NAME" property="auditFirmName"
			jdbcType="VARCHAR" />
		<result column="AUDITOR_NAME" property="auditorName" jdbcType="VARCHAR" />
		<result column="CHECK_TIME_C" property="checkTimeC" jdbcType="VARCHAR" />
		<result column="BUSI_DATE" property="busiDate" jdbcType="VARCHAR" />
	</resultMap>

	<resultMap id="cciProfitDistribut2002FormResult"
		class="com.synesoft.cci.app.form.bbm.CciProfitDistribut2002Form">
		<!-- WARNING - This element is automatically generated by Abator for iBATIS, 
			do not modify. This element was generated on Fri Oct 30 15:02:48 CST 2015. -->
		<result column="SYS_CTL_ID" property="sysCtlId" jdbcType="VARCHAR" />
		<result column="RELATION_FEEDBACK_ID" property="relationFeedbackId" jdbcType="VARCHAR"/>
		<result column="MAIN_BUSI_INCOME" property="mainBusiIncome"
			jdbcType="DECIMAL" />
		<result column="MAIN_BUSI_INCOME_EXPORT" property="mainBusiIncomeExport"
			jdbcType="DECIMAL" />
		<result column="MAIN_BUSI_INCOME_IMPORT" property="mainBusiIncomeImport"
			jdbcType="DECIMAL" />
		<result column="DISCOUNT_REMOVAL" property="discountRemoval"
			jdbcType="DECIMAL" />
		<result column="MAIN_BUSI_INCOME_NET" property="mainBusiIncomeNet"
			jdbcType="DECIMAL" />
		<result column="MAIN_BUSI_COST" property="mainBusiCost"
			jdbcType="DECIMAL" />
		<result column="MAIN_BUSI_COST_EXPORT" property="mainBusiCostExport"
			jdbcType="DECIMAL" />
		<result column="MAIN_BUSI_TAX_ADD" property="mainBusiTaxAdd"
			jdbcType="DECIMAL" />
		<result column="OPERATING_EXPENSE" property="operatingExpense"
			jdbcType="DECIMAL" />
		<result column="OTHER1" property="other1" jdbcType="DECIMAL" />
		<result column="DEFERRED_REVENUE" property="deferredRevenue"
			jdbcType="DECIMAL" />
		<result column="PURCHASING_AGENCY_REVENUE" property="purchasingAgencyRevenue"
			jdbcType="DECIMAL" />
		<result column="OTHER2" property="other2" jdbcType="DECIMAL" />
		<result column="MAIN_BUSI_PROFIT" property="mainBusiProfit"
			jdbcType="DECIMAL" />
		<result column="OTHER_BUSI_PROFIT" property="otherBusiProfit"
			jdbcType="DECIMAL" />
		<result column="BUSI_EXPENSE" property="busiExpense" jdbcType="DECIMAL" />
		<result column="MANAGE_EXPENSE" property="manageExpense"
			jdbcType="DECIMAL" />
		<result column="FINANCIAL_EXPENSE" property="financialExpense"
			jdbcType="DECIMAL" />
		<result column="OTHER3" property="other3" jdbcType="DECIMAL" />
		<result column="BUSI_PROFIT" property="busiProfit" jdbcType="DECIMAL" />
		<result column="INVEST_INCOME" property="investIncome"
			jdbcType="DECIMAL" />
		<result column="FUTURES_INCOME" property="futuresIncome"
			jdbcType="DECIMAL" />
		<result column="SUBSIDIES_INCOME" property="subsidiesIncome"
			jdbcType="DECIMAL" />
		<result column="PRE_SUBSIDIES_INCOME" property="preSubsidiesIncome"
			jdbcType="DECIMAL" />
		<result column="BESIDE_BUSI_INCOME" property="besideBusiIncome"
			jdbcType="DECIMAL" />
		<result column="BESIDE_FIXED_ASSETS_NET" property="besideFixedAssetsNet"
			jdbcType="DECIMAL" />
		<result column="BESIDE_NONMONETARY_NET" property="besideNonmonetaryNet"
			jdbcType="DECIMAL" />
		<result column="BESIDE_INTANGIBLE_ASSETS_NET" property="besideIntangibleAssetsNet"
			jdbcType="DECIMAL" />
		<result column="BESIDE_FINE_NET" property="besideFineNet"
			jdbcType="DECIMAL" />
		<result column="OTHER4" property="other4" jdbcType="DECIMAL" />
		<result column="WAGE_SAVING_PROFIT" property="wageSavingProfit"
			jdbcType="DECIMAL" />
		<result column="BESIDE_BUSI_EXPENSE" property="besideBusiExpense"
			jdbcType="DECIMAL" />
		<result column="BESIDE_FIXED_ASSETS_LOSS" property="besideFixedAssetsLoss"
			jdbcType="DECIMAL" />
		<result column="BESIDE_DEBT_RESTRUCTURING_LOSS" property="besideDebtRestructuringLoss"
			jdbcType="DECIMAL" />
		<result column="BESIDE_FINE_EXPENSE" property="besideFineExpense"
			jdbcType="DECIMAL" />
		<result column="BESIDE_DONATE_EXPENSE" property="besideDonateExpense"
			jdbcType="DECIMAL" />
		<result column="OTHER_LOSS" property="otherLoss" jdbcType="DECIMAL" />
		<result column="OTHER_EXPENSE_BALANCE" property="otherExpenseBalance"
			jdbcType="DECIMAL" />
		<result column="TOTAL_PROFIT" property="totalProfit" jdbcType="DECIMAL" />
		<result column="INCOME_TAX" property="incomeTax" jdbcType="DECIMAL" />
		<result column="SHAREHOLDERS_PROFIT_OR_LOSS" property="shareholdersProfitOrLoss"
			jdbcType="DECIMAL" />
		<result column="UNRECOGNIZED_INVESTMENT_LOSS" property="unrecognizedInvestmentLoss"
			jdbcType="DECIMAL" />
		<result column="NET_PROFIT" property="netProfit" jdbcType="DECIMAL" />
		<result column="UNDISTRIBUTED_PROFIT_BEGIN" property="undistributedProfitBegin"
			jdbcType="DECIMAL" />
		<result column="SURP_RESE_LOSS_SUPP" property="surpReseLossSupp"
			jdbcType="DECIMAL" />
		<result column="OTHER_ADJUSTMENT_FACTOR" property="otherAdjustmentFactor"
			jdbcType="DECIMAL" />
		<result column="PROFIT_ABLE_TO_DISTRIBUTE" property="profitAbleToDistribute"
			jdbcType="DECIMAL" />
		<result column="SINGLE_RETAINED_PROFIT" property="singleRetainedProfit"
			jdbcType="DECIMAL" />
		<result column="SUPPLEMENTAL_LIQUIDITY" property="supplementalLiquidity"
			jdbcType="DECIMAL" />
		<result column="EXTR_STAT_SURP_RESE" property="extrStatSurpRese"
			jdbcType="DECIMAL" />
		<result column="EXTRACT_STATUTORY_WELFARE" property="extractStatutoryWelfare"
			jdbcType="DECIMAL" />
		<result column="EXTRACT_REWARD_WELFARE_FUND" property="extractRewardWelfareFund"
			jdbcType="DECIMAL" />
		<result column="EXTRACT_RESERVE_FUND" property="extractReserveFund"
			jdbcType="DECIMAL" />
		<result column="EXTR_ENTE_DEVE_FUND" property="extrEnteDeveFund"
			jdbcType="DECIMAL" />
		<result column="PROFIT_RETURN_INVESTMENT" property="profitReturnInvestment"
			jdbcType="DECIMAL" />
		<result column="OTHER5" property="other5" jdbcType="DECIMAL" />
		<result column="PROFIT_FOR_INVESTORS_ABLE" property="profitForInvestorsAble"
			jdbcType="DECIMAL" />
		<result column="PREF_STOC_DIVI_TO_PAY" property="prefStocDiviToPay"
			jdbcType="DECIMAL" />
		<result column="EXTRACT_ANY_SURPLUS_RESERVE" property="extractAnySurplusReserve"
			jdbcType="DECIMAL" />
		<result column="COMMON_STOCK_DIVIDENDS_TO_PAY" property="commonStockDividendsToPay"
			jdbcType="DECIMAL" />
		<result column="COMMON_STOCK_DIVIDENDS_SWITCH" property="commonStockDividendsSwitch"
			jdbcType="DECIMAL" />
		<result column="OTHER6" property="other6" jdbcType="DECIMAL" />
		<result column="PROFIT_NOT_DISTRIBUTED" property="profitNotDistributed"
			jdbcType="DECIMAL" />
		<result column="PROFIT_NOT_DISTRIBUTED_OFFSET" property="profitNotDistributedOffset"
			jdbcType="DECIMAL" />
		<result column="CUSTOMER_CODE" property="customerCode"
			jdbcType="VARCHAR" />
		<result column="REPORT_YEAR" property="reportYear" jdbcType="VARCHAR" />
		<result column="REPORT_TYPE" property="reportType" jdbcType="VARCHAR" />
		<result column="REPORT_TYPE_SUBDIVISION" property="reportTypeSubdivision"
			jdbcType="VARCHAR" />
		<result column="BORROWER_NAME" property="borrowerName"
			jdbcType="VARCHAR" />
		<result column="LOAN_CARD_NO" property="loanCardNo" jdbcType="VARCHAR" />
		<result column="AUDIT_FIRM_NAME" property="auditFirmName"
			jdbcType="VARCHAR" />
		<result column="AUDITOR_NAME" property="auditorName" jdbcType="VARCHAR" />
		<result column="CHECK_TIME_C" property="checkTimeC" jdbcType="VARCHAR" />
		<result column="BUSI_DATE" property="busiDate" jdbcType="VARCHAR" />
		<result column="FILE_SEND_DATE" property="fileSendDate"
			jdbcType="VARCHAR" />
		<result column="REPORT_BATCH_NO" property="reportBatchNo"
			jdbcType="VARCHAR" />
		<result column="MSG_RECORD_TRACKING_NO" property="msgRecordTrackingNo"
			jdbcType="VARCHAR" />
		<result column="MSG_RECORD_OPERATE_TYPE" property="msgRecordOperateType"
			jdbcType="VARCHAR" />
		<result column="MSG_RECORD_ROW" property="msgRecordRow"
			jdbcType="VARCHAR" />
		<result column="REPORT_FLAG" property="reportFlag" jdbcType="VARCHAR" />
		<result column="FEEDBACK_FLAG" property="feedbackFlag"
			jdbcType="VARCHAR" />
		<result column="DEPT_ID" property="deptId" jdbcType="VARCHAR" />
		<result column="OPERATING_STATE" property="operatingState"
			jdbcType="VARCHAR" />
		<result column="REPORT_FILE_TYPE" property="reportFileType"
			jdbcType="VARCHAR" />
		<result column="MSG_RECORD_TYPE" property="msgRecordType"
			jdbcType="VARCHAR" />
		<result column="BRANCH_ID" property="branchId" jdbcType="VARCHAR" />
		<result column="BRANCH_NO" property="branchNo" jdbcType="VARCHAR" />
		<result column="RELATION_SYS_CTL_ID" property="relationSysCtlId"
			jdbcType="VARCHAR" />
		<result column="ORG_BASIC_FEEDBACK_FLAG" property="orgBasicFeedbackFlag"
			jdbcType="VARCHAR" />
		<result column="OPERATE_TIME" property="operateTime" jdbcType="VARCHAR" />
		<result column="OPERATER" property="operater" jdbcType="VARCHAR" />
		<result column="CHECK_TIME" property="checkTime" jdbcType="VARCHAR" />
		<result column="CHECK_OPERATOR" property="checkOperator"
			jdbcType="VARCHAR" />
		<result column="CHECK_ADD_MSG" property="checkAddMsg" jdbcType="VARCHAR" />
		<result column="LAST_UPDATE_TIME" property="lastUpdateTime"
			jdbcType="VARCHAR" />
		<result column="LAST_UPDATER" property="lastUpdater" jdbcType="VARCHAR" />
		<result column="LOGIC_DELETE_FLAG" property="logicDeleteFlag"
			jdbcType="VARCHAR" />
		<result column="RECORD_STATUS_FLAG" property="recordStatusFlag"
			jdbcType="VARCHAR" />
		<result column="MESSAGE_TYPE" property="messageType" jdbcType="VARCHAR" />
	</resultMap>
	
	<!-- add by yb 2017-05-04 Release V1.0 NO.444 start -->
	<sql id="queryCondition">
	    from ${SUBSYSTEM_SCHEMA}CCI_PROFIT_DISTRIBUT_2002 a 
		inner join ${SUBSYSTEM_SCHEMA}CCI_REPORT_SYSTEM_CTL b
		on a.SYS_CTL_ID =
		b.SYS_CTL_ID
		where 1=1
		<dynamic>
			<isNotEmpty prepend="and" property="orgInfList">
				<iterate property="orgInfList" open="b.BRANCH_NO IN ("
					close=")" conjunction=",">
					#orgInfList[]#
				</iterate>
			</isNotEmpty>
			<isNotEmpty prepend="and" property="branchId">
				b.BRANCH_ID =
				#branchId:VARCHAR#
			</isNotEmpty>
			<!-- add by yb 2016-11-30 Release V1.0 NO.B9 start -->
			<isNotEmpty prepend="and" property="busiDateStart">
				<![CDATA[a.BUSI_DATE >=]]> #busiDateStart# 
			</isNotEmpty>
			<isNotEmpty prepend="and" property="busiDateEnd">
				<![CDATA[a.BUSI_DATE <=]]> #busiDateEnd#
			</isNotEmpty>
			<isNotEmpty prepend="and" property="fileSendDateStart">
				<![CDATA[b.FILE_SEND_DATE >=]]> #fileSendDateStart# 
			</isNotEmpty>
			<isNotEmpty prepend="and" property="fileSendDateEnd">
				<![CDATA[b.FILE_SEND_DATE <=]]> #fileSendDateEnd#
			</isNotEmpty>
			<!-- add by yb 2016-11-30 Release V1.0 NO.B9 end -->
			<isNotEmpty prepend="and" property="customerCode">
				a.CUSTOMER_CODE =
				#customerCode:VARCHAR#
			</isNotEmpty>
			<isNotEmpty prepend="and" property="reportYear">
				a.REPORT_YEAR =
				#reportYear:VARCHAR#
			</isNotEmpty>
			<isNotEmpty prepend="and" property="reportType">
				a.REPORT_TYPE =
				#reportType:VARCHAR#
			</isNotEmpty>
			<isNotEmpty prepend="and" property="reportTypeSubdivision">
				a.REPORT_TYPE_SUBDIVISION = #reportTypeSubdivision:VARCHAR#
			</isNotEmpty>
			<isNotEmpty prepend="and" property="feedbackFlag">
				b.FEEDBACK_FLAG =
				#feedbackFlag:VARCHAR#
			</isNotEmpty>
			<isNotEmpty prepend="and" property="operatingState">
				b.OPERATING_STATE =
				#operatingState:VARCHAR#
			</isNotEmpty>
			<isNotEmpty prepend="and" property="reportFlag">
				b.REPORT_FLAG =
				#reportFlag:VARCHAR#
			</isNotEmpty>
			<isNotEmpty prepend="and" property="opStsList">
				<iterate property="opStsList" open="b.OPERATING_STATE IN ("
					close=")" conjunction=",">
					#opStsList[]#
				</iterate>
			</isNotEmpty>
			<isNotEmpty prepend="and" property="feedbackFlagList">
				<iterate property="feedbackFlagList" open="b.FEEDBACK_FLAG IN ("
					close=")" conjunction=",">
					#feedbackFlagList[]#
				</iterate>
			</isNotEmpty>
		</dynamic>
		AND b.LOGIC_DELETE_FLAG NOT IN ('1')
	</sql>
	<!-- add by yb 2017-05-04 Release V1.0 NO.444 end -->

	<select id="selectByPrimaryKey" resultMap="cciProfitDistribut2002FormResult"
		parameterClass="com.synesoft.cci.app.form.bbm.CciProfitDistribut2002Form">
		<!-- update by ld at 20160902 Release V1.0 NO.109-->
		select a.*
		<include refid="CCI_COM_REPORT_SYSTEM_FIELD.selectReportField"/>
		from ${SUBSYSTEM_SCHEMA}CCI_PROFIT_DISTRIBUT_2002 a 
		inner join ${SUBSYSTEM_SCHEMA}CCI_REPORT_SYSTEM_CTL b
		on a.SYS_CTL_ID = b.SYS_CTL_ID
		where 1=1
		<dynamic>
			<isNotEmpty prepend="and" property="sysCtlId">
				a.SYS_CTL_ID =
				#sysCtlId:VARCHAR#
			</isNotEmpty>
		</dynamic>
	</select>

	<select id="selectCounts"
		parameterClass="com.synesoft.cci.app.form.bbm.CciProfitDistribut2002Form"
		resultClass="java.lang.Integer">
		select count(*) 
		<!-- add by yb 2017-05-04 Release V1.0 NO.444 start -->
		<include refid="queryCondition"/>
		<!-- add by yb 2017-05-04 Release V1.0 NO.444 end -->
	</select>

	<select id="selectList" resultMap="cciProfitDistribut2002FormResult"
		parameterClass="com.synesoft.cci.app.form.bbm.CciProfitDistribut2002Form">
		<!-- update by ld at 20160902 Release V1.0 NO.109-->
		select a.*
		<include refid="CCI_COM_REPORT_SYSTEM_FIELD.selectReportField"/>
		<!-- add by yb 2017-05-04 Release V1.0 NO.444 start -->
		<include refid="queryCondition"/>
		<!-- add by yb 2017-05-04 Release V1.0 NO.444 end -->
		ORDER BY
			<!-- add by gl 20160612 Release V1.0 NO.6 start--> 
			b.LAST_UPDATE_TIME DESC,
			<!-- add by gl 20160612 Release V1.0 NO.6 end-->
			a.SYS_CTL_ID DESC
	</select>

	<insert id="insert"
		parameterClass="com.synesoft.cci.app.form.bbm.CciProfitDistribut2002Form">
		<!-- WARNING - This element is automatically generated by Abator for iBATIS, 
			do not modify. This element was generated on Fri Oct 30 15:02:48 CST 2015. -->
		insert into ${SUBSYSTEM_SCHEMA}CCI_PROFIT_DISTRIBUT_2002 (SYS_CTL_ID,
		MAIN_BUSI_INCOME, MAIN_BUSI_INCOME_EXPORT,
		MAIN_BUSI_INCOME_IMPORT,
		DISCOUNT_REMOVAL, MAIN_BUSI_INCOME_NET, MAIN_BUSI_COST,
		MAIN_BUSI_COST_EXPORT, MAIN_BUSI_TAX_ADD, OPERATING_EXPENSE, OTHER1,
		DEFERRED_REVENUE,
		PURCHASING_AGENCY_REVENUE, OTHER2, MAIN_BUSI_PROFIT,
		OTHER_BUSI_PROFIT, BUSI_EXPENSE,
		MANAGE_EXPENSE, FINANCIAL_EXPENSE,
		OTHER3, BUSI_PROFIT, INVEST_INCOME,
		FUTURES_INCOME,
		SUBSIDIES_INCOME,
		PRE_SUBSIDIES_INCOME, BESIDE_BUSI_INCOME, BESIDE_FIXED_ASSETS_NET,
		BESIDE_NONMONETARY_NET, BESIDE_INTANGIBLE_ASSETS_NET, BESIDE_FINE_NET,
		OTHER4,
		WAGE_SAVING_PROFIT, BESIDE_BUSI_EXPENSE,
		BESIDE_FIXED_ASSETS_LOSS,
		BESIDE_DEBT_RESTRUCTURING_LOSS,
		BESIDE_FINE_EXPENSE,
		BESIDE_DONATE_EXPENSE, OTHER_LOSS,
		OTHER_EXPENSE_BALANCE, TOTAL_PROFIT, INCOME_TAX,
		SHAREHOLDERS_PROFIT_OR_LOSS,
		UNRECOGNIZED_INVESTMENT_LOSS, NET_PROFIT,
		UNDISTRIBUTED_PROFIT_BEGIN,
		SURP_RESE_LOSS_SUPP,
		OTHER_ADJUSTMENT_FACTOR, PROFIT_ABLE_TO_DISTRIBUTE,
		SINGLE_RETAINED_PROFIT,
		SUPPLEMENTAL_LIQUIDITY, EXTR_STAT_SURP_RESE,
		EXTRACT_STATUTORY_WELFARE,
		EXTRACT_REWARD_WELFARE_FUND,
		EXTRACT_RESERVE_FUND, EXTR_ENTE_DEVE_FUND,
		PROFIT_RETURN_INVESTMENT,
		OTHER5, PROFIT_FOR_INVESTORS_ABLE, PREF_STOC_DIVI_TO_PAY,
		EXTRACT_ANY_SURPLUS_RESERVE, COMMON_STOCK_DIVIDENDS_TO_PAY,
		COMMON_STOCK_DIVIDENDS_SWITCH,
		OTHER6, PROFIT_NOT_DISTRIBUTED,
		PROFIT_NOT_DISTRIBUTED_OFFSET, CUSTOMER_CODE,
		REPORT_YEAR,
		REPORT_TYPE,
		REPORT_TYPE_SUBDIVISION, BORROWER_NAME, LOAN_CARD_NO,
		AUDIT_FIRM_NAME,
		AUDITOR_NAME, CHECK_TIME_C, BUSI_DATE)
		values (#sysCtlId:VARCHAR#,
		#mainBusiIncome:DECIMAL#,
		#mainBusiIncomeExport:DECIMAL#,
		#mainBusiIncomeImport:DECIMAL#, #discountRemoval:DECIMAL#,
		#mainBusiIncomeNet:DECIMAL#,
		#mainBusiCost:DECIMAL#,
		#mainBusiCostExport:DECIMAL#,
		#mainBusiTaxAdd:DECIMAL#,
		#operatingExpense:DECIMAL#, #other1:DECIMAL#,
		#deferredRevenue:DECIMAL#,
		#purchasingAgencyRevenue:DECIMAL#,
		#other2:DECIMAL#,
		#mainBusiProfit:DECIMAL#,
		#otherBusiProfit:DECIMAL#,
		#busiExpense:DECIMAL#, #manageExpense:DECIMAL#,
		#financialExpense:DECIMAL#, #other3:DECIMAL#, #busiProfit:DECIMAL#,
		#investIncome:DECIMAL#,
		#futuresIncome:DECIMAL#,
		#subsidiesIncome:DECIMAL#, #preSubsidiesIncome:DECIMAL#,
		#besideBusiIncome:DECIMAL#, #besideFixedAssetsNet:DECIMAL#,
		#besideNonmonetaryNet:DECIMAL#,
		#besideIntangibleAssetsNet:DECIMAL#,
		#besideFineNet:DECIMAL#, #other4:DECIMAL#,
		#wageSavingProfit:DECIMAL#,
		#besideBusiExpense:DECIMAL#,
		#besideFixedAssetsLoss:DECIMAL#,
		#besideDebtRestructuringLoss:DECIMAL#, #besideFineExpense:DECIMAL#,
		#besideDonateExpense:DECIMAL#, #otherLoss:DECIMAL#,
		#otherExpenseBalance:DECIMAL#,
		#totalProfit:DECIMAL#,
		#incomeTax:DECIMAL#, #shareholdersProfitOrLoss:DECIMAL#,
		#unrecognizedInvestmentLoss:DECIMAL#, #netProfit:DECIMAL#,
		#undistributedProfitBegin:DECIMAL#,
		#surpReseLossSupp:DECIMAL#,
		#otherAdjustmentFactor:DECIMAL#, #profitAbleToDistribute:DECIMAL#,
		#singleRetainedProfit:DECIMAL#, #supplementalLiquidity:DECIMAL#,
		#extrStatSurpRese:DECIMAL#,
		#extractStatutoryWelfare:DECIMAL#,
		#extractRewardWelfareFund:DECIMAL#,
		#extractReserveFund:DECIMAL#,
		#extrEnteDeveFund:DECIMAL#, #profitReturnInvestment:DECIMAL#,
		#other5:DECIMAL#, #profitForInvestorsAble:DECIMAL#,
		#prefStocDiviToPay:DECIMAL#,
		#extractAnySurplusReserve:DECIMAL#,
		#commonStockDividendsToPay:DECIMAL#,
		#commonStockDividendsSwitch:DECIMAL#, #other6:DECIMAL#,
		#profitNotDistributed:DECIMAL#,
		#profitNotDistributedOffset:DECIMAL#,
		#customerCode:VARCHAR#, #reportYear:VARCHAR#,
		#reportType:VARCHAR#,
		#reportTypeSubdivision:VARCHAR#, #borrowerName:VARCHAR#,
		#loanCardNo:VARCHAR#, #auditFirmName:VARCHAR#, #auditorName:VARCHAR#,
		#checkTimeC:VARCHAR#,
		#busiDate:VARCHAR#)
	</insert>
	<update id="updateByPrimaryKey"
		parameterClass="com.synesoft.cci.app.form.bbm.CciProfitDistribut2002Form">
		<!-- WARNING - This element is automatically generated by Abator for iBATIS, 
			do not modify. This element was generated on Fri Oct 30 15:02:48 CST 2015. -->
		update ${SUBSYSTEM_SCHEMA}CCI_PROFIT_DISTRIBUT_2002
		set
		MAIN_BUSI_INCOME = #mainBusiIncome:DECIMAL#,
		MAIN_BUSI_INCOME_EXPORT =
		#mainBusiIncomeExport:DECIMAL#,
		MAIN_BUSI_INCOME_IMPORT =
		#mainBusiIncomeImport:DECIMAL#,
		DISCOUNT_REMOVAL =
		#discountRemoval:DECIMAL#,
		MAIN_BUSI_INCOME_NET =
		#mainBusiIncomeNet:DECIMAL#,
		MAIN_BUSI_COST = #mainBusiCost:DECIMAL#,
		MAIN_BUSI_COST_EXPORT = #mainBusiCostExport:DECIMAL#,
		MAIN_BUSI_TAX_ADD = #mainBusiTaxAdd:DECIMAL#,
		OPERATING_EXPENSE =
		#operatingExpense:DECIMAL#,
		OTHER1 = #other1:DECIMAL#,
		DEFERRED_REVENUE
		= #deferredRevenue:DECIMAL#,
		PURCHASING_AGENCY_REVENUE =
		#purchasingAgencyRevenue:DECIMAL#,
		OTHER2 = #other2:DECIMAL#,
		MAIN_BUSI_PROFIT = #mainBusiProfit:DECIMAL#,
		OTHER_BUSI_PROFIT =
		#otherBusiProfit:DECIMAL#,
		BUSI_EXPENSE = #busiExpense:DECIMAL#,
		MANAGE_EXPENSE = #manageExpense:DECIMAL#,
		FINANCIAL_EXPENSE =
		#financialExpense:DECIMAL#,
		OTHER3 = #other3:DECIMAL#,
		BUSI_PROFIT =
		#busiProfit:DECIMAL#,
		INVEST_INCOME = #investIncome:DECIMAL#,
		FUTURES_INCOME = #futuresIncome:DECIMAL#,
		SUBSIDIES_INCOME =
		#subsidiesIncome:DECIMAL#,
		PRE_SUBSIDIES_INCOME =
		#preSubsidiesIncome:DECIMAL#,
		BESIDE_BUSI_INCOME =
		#besideBusiIncome:DECIMAL#,
		BESIDE_FIXED_ASSETS_NET =
		#besideFixedAssetsNet:DECIMAL#,
		BESIDE_NONMONETARY_NET =
		#besideNonmonetaryNet:DECIMAL#,
		BESIDE_INTANGIBLE_ASSETS_NET =
		#besideIntangibleAssetsNet:DECIMAL#,
		BESIDE_FINE_NET =
		#besideFineNet:DECIMAL#,
		OTHER4 = #other4:DECIMAL#,
		WAGE_SAVING_PROFIT =
		#wageSavingProfit:DECIMAL#,
		BESIDE_BUSI_EXPENSE =
		#besideBusiExpense:DECIMAL#,
		BESIDE_FIXED_ASSETS_LOSS =
		#besideFixedAssetsLoss:DECIMAL#,
		BESIDE_DEBT_RESTRUCTURING_LOSS =
		#besideDebtRestructuringLoss:DECIMAL#,
		BESIDE_FINE_EXPENSE =
		#besideFineExpense:DECIMAL#,
		BESIDE_DONATE_EXPENSE =
		#besideDonateExpense:DECIMAL#,
		OTHER_LOSS = #otherLoss:DECIMAL#,
		OTHER_EXPENSE_BALANCE = #otherExpenseBalance:DECIMAL#,
		TOTAL_PROFIT =
		#totalProfit:DECIMAL#,
		INCOME_TAX = #incomeTax:DECIMAL#,
		SHAREHOLDERS_PROFIT_OR_LOSS = #shareholdersProfitOrLoss:DECIMAL#,
		UNRECOGNIZED_INVESTMENT_LOSS = #unrecognizedInvestmentLoss:DECIMAL#,
		NET_PROFIT = #netProfit:DECIMAL#,
		UNDISTRIBUTED_PROFIT_BEGIN =
		#undistributedProfitBegin:DECIMAL#,
		SURP_RESE_LOSS_SUPP =
		#surpReseLossSupp:DECIMAL#,
		OTHER_ADJUSTMENT_FACTOR =
		#otherAdjustmentFactor:DECIMAL#,
		PROFIT_ABLE_TO_DISTRIBUTE =
		#profitAbleToDistribute:DECIMAL#,
		SINGLE_RETAINED_PROFIT =
		#singleRetainedProfit:DECIMAL#,
		SUPPLEMENTAL_LIQUIDITY =
		#supplementalLiquidity:DECIMAL#,
		EXTR_STAT_SURP_RESE =
		#extrStatSurpRese:DECIMAL#,
		EXTRACT_STATUTORY_WELFARE =
		#extractStatutoryWelfare:DECIMAL#,
		EXTRACT_REWARD_WELFARE_FUND =
		#extractRewardWelfareFund:DECIMAL#,
		EXTRACT_RESERVE_FUND =
		#extractReserveFund:DECIMAL#,
		EXTR_ENTE_DEVE_FUND =
		#extrEnteDeveFund:DECIMAL#,
		PROFIT_RETURN_INVESTMENT =
		#profitReturnInvestment:DECIMAL#,
		OTHER5 = #other5:DECIMAL#,
		PROFIT_FOR_INVESTORS_ABLE = #profitForInvestorsAble:DECIMAL#,
		PREF_STOC_DIVI_TO_PAY = #prefStocDiviToPay:DECIMAL#,
		EXTRACT_ANY_SURPLUS_RESERVE = #extractAnySurplusReserve:DECIMAL#,
		COMMON_STOCK_DIVIDENDS_TO_PAY = #commonStockDividendsToPay:DECIMAL#,
		COMMON_STOCK_DIVIDENDS_SWITCH = #commonStockDividendsSwitch:DECIMAL#,
		OTHER6 = #other6:DECIMAL#,
		PROFIT_NOT_DISTRIBUTED =
		#profitNotDistributed:DECIMAL#,
		PROFIT_NOT_DISTRIBUTED_OFFSET =
		#profitNotDistributedOffset:DECIMAL#,
		CUSTOMER_CODE =
		#customerCode:VARCHAR#,
		REPORT_YEAR = #reportYear:VARCHAR#,
		REPORT_TYPE
		= #reportType:VARCHAR#,
		REPORT_TYPE_SUBDIVISION =
		#reportTypeSubdivision:VARCHAR#,
		BORROWER_NAME =
		#borrowerName:VARCHAR#,
		LOAN_CARD_NO = #loanCardNo:VARCHAR#,
		AUDIT_FIRM_NAME = #auditFirmName:VARCHAR#,
		AUDITOR_NAME =
		#auditorName:VARCHAR#,
		CHECK_TIME_C = #checkTimeC:VARCHAR#,
		BUSI_DATE =
		#busiDate:VARCHAR#
		<isNotEmpty prepend="," property="batDate">
			BAT_DATE = #batDate#
		</isNotEmpty>
		where SYS_CTL_ID = #sysCtlId:VARCHAR#
	</update>
    <!-- add by gcj Release V1.0 NO.90 金额更新成null 画面后台直连更新专用20160819 start-->
	<update id="updateByPrimaryKeyAll"
		parameterClass="com.synesoft.cci.app.form.bbm.CciProfitDistribut2002Form">
		<!-- WARNING - This element is automatically generated by Abator for iBATIS,
			do not modify. This element was generated on Fri Oct 30 15:02:48 CST 2015. -->
		update ${SUBSYSTEM_SCHEMA}CCI_PROFIT_DISTRIBUT_2002
		set
		MAIN_BUSI_INCOME = #mainBusiIncome:DECIMAL#,
		MAIN_BUSI_INCOME_EXPORT =
		#mainBusiIncomeExport:DECIMAL#,
		MAIN_BUSI_INCOME_IMPORT =
		#mainBusiIncomeImport:DECIMAL#,
		DISCOUNT_REMOVAL =
		#discountRemoval:DECIMAL#,
		MAIN_BUSI_INCOME_NET =
		#mainBusiIncomeNet:DECIMAL#,
		MAIN_BUSI_COST = #mainBusiCost:DECIMAL#,
		MAIN_BUSI_COST_EXPORT = #mainBusiCostExport:DECIMAL#,
		MAIN_BUSI_TAX_ADD = #mainBusiTaxAdd:DECIMAL#,
		OPERATING_EXPENSE =
		#operatingExpense:DECIMAL#,
		OTHER1 = #other1:DECIMAL#,
		DEFERRED_REVENUE
		= #deferredRevenue:DECIMAL#,
		PURCHASING_AGENCY_REVENUE =
		#purchasingAgencyRevenue:DECIMAL#,
		OTHER2 = #other2:DECIMAL#,
		MAIN_BUSI_PROFIT = #mainBusiProfit:DECIMAL#,
		OTHER_BUSI_PROFIT =
		#otherBusiProfit:DECIMAL#,
		BUSI_EXPENSE = #busiExpense:DECIMAL#,
		MANAGE_EXPENSE = #manageExpense:DECIMAL#,
		FINANCIAL_EXPENSE =
		#financialExpense:DECIMAL#,
		OTHER3 = #other3:DECIMAL#,
		BUSI_PROFIT =
		#busiProfit:DECIMAL#,
		INVEST_INCOME = #investIncome:DECIMAL#,
		FUTURES_INCOME = #futuresIncome:DECIMAL#,
		SUBSIDIES_INCOME =
		#subsidiesIncome:DECIMAL#,
		PRE_SUBSIDIES_INCOME =
		#preSubsidiesIncome:DECIMAL#,
		BESIDE_BUSI_INCOME =
		#besideBusiIncome:DECIMAL#,
		BESIDE_FIXED_ASSETS_NET =
		#besideFixedAssetsNet:DECIMAL#,
		BESIDE_NONMONETARY_NET =
		#besideNonmonetaryNet:DECIMAL#,
		BESIDE_INTANGIBLE_ASSETS_NET =
		#besideIntangibleAssetsNet:DECIMAL#,
		BESIDE_FINE_NET =
		#besideFineNet:DECIMAL#,
		OTHER4 = #other4:DECIMAL#,
		WAGE_SAVING_PROFIT =
		#wageSavingProfit:DECIMAL#,
		BESIDE_BUSI_EXPENSE =
		#besideBusiExpense:DECIMAL#,
		BESIDE_FIXED_ASSETS_LOSS =
		#besideFixedAssetsLoss:DECIMAL#,
		BESIDE_DEBT_RESTRUCTURING_LOSS =
		#besideDebtRestructuringLoss:DECIMAL#,
		BESIDE_FINE_EXPENSE =
		#besideFineExpense:DECIMAL#,
		BESIDE_DONATE_EXPENSE =
		#besideDonateExpense:DECIMAL#,
		OTHER_LOSS = #otherLoss:DECIMAL#,
		OTHER_EXPENSE_BALANCE = #otherExpenseBalance:DECIMAL#,
		TOTAL_PROFIT =
		#totalProfit:DECIMAL#,
		INCOME_TAX = #incomeTax:DECIMAL#,
		SHAREHOLDERS_PROFIT_OR_LOSS = #shareholdersProfitOrLoss:DECIMAL#,
		UNRECOGNIZED_INVESTMENT_LOSS = #unrecognizedInvestmentLoss:DECIMAL#,
		NET_PROFIT = #netProfit:DECIMAL#,
		UNDISTRIBUTED_PROFIT_BEGIN =
		#undistributedProfitBegin:DECIMAL#,
		SURP_RESE_LOSS_SUPP =
		#surpReseLossSupp:DECIMAL#,
		OTHER_ADJUSTMENT_FACTOR =
		#otherAdjustmentFactor:DECIMAL#,
		PROFIT_ABLE_TO_DISTRIBUTE =
		#profitAbleToDistribute:DECIMAL#,
		SINGLE_RETAINED_PROFIT =
		#singleRetainedProfit:DECIMAL#,
		SUPPLEMENTAL_LIQUIDITY =
		#supplementalLiquidity:DECIMAL#,
		EXTR_STAT_SURP_RESE =
		#extrStatSurpRese:DECIMAL#,
		EXTRACT_STATUTORY_WELFARE =
		#extractStatutoryWelfare:DECIMAL#,
		EXTRACT_REWARD_WELFARE_FUND =
		#extractRewardWelfareFund:DECIMAL#,
		EXTRACT_RESERVE_FUND =
		#extractReserveFund:DECIMAL#,
		EXTR_ENTE_DEVE_FUND =
		#extrEnteDeveFund:DECIMAL#,
		PROFIT_RETURN_INVESTMENT =
		#profitReturnInvestment:DECIMAL#,
		OTHER5 = #other5:DECIMAL#,
		PROFIT_FOR_INVESTORS_ABLE = #profitForInvestorsAble:DECIMAL#,
		PREF_STOC_DIVI_TO_PAY = #prefStocDiviToPay:DECIMAL#,
		EXTRACT_ANY_SURPLUS_RESERVE = #extractAnySurplusReserve:DECIMAL#,
		COMMON_STOCK_DIVIDENDS_TO_PAY = #commonStockDividendsToPay:DECIMAL#,
		COMMON_STOCK_DIVIDENDS_SWITCH = #commonStockDividendsSwitch:DECIMAL#,
		OTHER6 = #other6:DECIMAL#,
		PROFIT_NOT_DISTRIBUTED =
		#profitNotDistributed:DECIMAL#,
		PROFIT_NOT_DISTRIBUTED_OFFSET =
		#profitNotDistributedOffset:DECIMAL#,
		CUSTOMER_CODE =
		#customerCode:VARCHAR#,
		REPORT_YEAR = #reportYear:VARCHAR#,
		REPORT_TYPE
		= #reportType:VARCHAR#,
		REPORT_TYPE_SUBDIVISION =
		#reportTypeSubdivision:VARCHAR#,
		BORROWER_NAME =
		#borrowerName:VARCHAR#,
		LOAN_CARD_NO = #loanCardNo:VARCHAR#,
		AUDIT_FIRM_NAME = #auditFirmName:VARCHAR#,
		AUDITOR_NAME =
		#auditorName:VARCHAR#,
		CHECK_TIME_C = #checkTimeC:VARCHAR#,
		BUSI_DATE =
		#busiDate:VARCHAR#
		<!-- add by gcj 20170103 Release V1.0 NO.299 start -->
			<isNotEmpty property="taskId">
				,TASK_ID=
				#taskId#
			</isNotEmpty>
			<isNotEmpty property="stepId">
				,STEP_ID =
				#stepId#
			</isNotEmpty>
			<isNotEmpty property="batDate">
				,BAT_DATE =
				#batDate#
			</isNotEmpty>
			<!-- add by gcj 20170103 Release V1.0 NO.299 end -->
		where SYS_CTL_ID = #sysCtlId:VARCHAR#
	</update>
    <!-- add by gcj Release V1.0 NO.90 金额更新成null 画面后台直连更新专用20160819 end-->

	<delete id="deleteByPrimaryKeyLogic"
		parameterClass="com.synesoft.cci.app.form.bbm.CciProfitDistribut2002Form">
		<!-- WARNING - This element is automatically generated by Abator for iBATIS, 
			do not modify. This element was generated on Fri Oct 30 15:02:44 CST 2015. -->
		update ${SUBSYSTEM_SCHEMA}CCI_REPORT_SYSTEM_CTL set
		LOGIC_DELETE_FLAG =
		#logicDeleteFlag:VARCHAR#
		where SYS_CTL_ID = #sysCtlId:VARCHAR#
	</delete>

	<delete id="deleteByPrimaryKey"
		parameterClass="com.synesoft.cci.app.form.bbm.CciProfitDistribut2002Form">
		<!-- WARNING - This element is automatically generated by Abator for iBATIS, 
			do not modify. This element was generated on Fri Oct 30 15:02:44 CST 2015. -->
		delete from ${SUBSYSTEM_SCHEMA}CCI_PROFIT_DISTRIBUT_2002
		where SYS_CTL_ID =
		#sysCtlId:VARCHAR#
	</delete>

	<update id="optState"
		parameterClass="com.synesoft.cci.app.form.bbm.CciProfitDistribut2002Form">
		<!-- WARNING - This element is automatically generated by Abator for iBATIS, 
			do not modify. This element was generated on Fri Oct 30 15:02:44 CST 2015. -->
		update ${SUBSYSTEM_SCHEMA}CCI_REPORT_SYSTEM_CTL set
		LOGIC_DELETE_FLAG =
		#logicDeleteFlag:VARCHAR#
		where SYS_CTL_ID = #sysCtlId:VARCHAR#
	</update>

	<select id="getReportData" parameterClass="java.lang.String"
		resultMap="cciProfitDistribut2002FormResult">
		select *
		from ${SUBSYSTEM_SCHEMA}CCI_PROFIT_DISTRIBUT_2002 t1
		join ${SUBSYSTEM_SCHEMA}CCI_REPORT_SYSTEM_CTL t2
		on t1.SYS_CTL_ID =
		t2.SYS_CTL_ID
		where 1 = 1
		and t2.RELATION_SYS_CTL_ID = #sysCtl#
		and
		t2.REPORT_FLAG = '3'
	</select>

</sqlMap>