<?xml version="1.0" encoding="UTF-8" ?>
<!DOCTYPE sqlMap PUBLIC "-//ibatis.apache.org//DTD SQL Map 2.0//EN" "http://ibatis.apache.org/dtd/sql-map-2.dtd" >
<sqlMap namespace="CCI_REPORT_INFO_TYPE_CONFIG">
	<resultMap id="cciReportInfoTypeConfigResult" class="com.synesoft.cci.domain.model.CciReportInfoTypeConfig">
		<result column="FILE_CONFIGURE_CTL_NO" property="fileConfigureCtlNo" jdbcType="VARCHAR" />
		<result column="RECORD_FORM_TYPE" property="recordFormType" jdbcType="VARCHAR" />
		<result column="DATA_SOURCE_TABLE_NAME" property="dataSourceTableName" jdbcType="VARCHAR" />
		<result column="DATA_SOURCE_TABLE_PHYSIC_NAME" property="dataSourceTablePhysicName" jdbcType="VARCHAR" />
		<result column="RECORD_FORM_TYPE_CYCLE_FLAG" property="recordFormTypeCycleFlag" jdbcType="VARCHAR" />
		<result column="COLUMN_OUTPUT_SEQUENCE" property="columnOutputSequence" jdbcType="DECIMAL" />
		<result column="RECORD_TOTAL_LENGTH" property="recordTotalLength" jdbcType="DECIMAL" />
		<result column="OPERATE_TIME" property="operateTime" jdbcType="VARCHAR" />
		<result column="OPERATER" property="operater" jdbcType="VARCHAR" />
		<result column="LAST_UPDATE_TIME" property="lastUpdateTime" jdbcType="VARCHAR" />
		<result column="LAST_UPDATER" property="lastUpdater" jdbcType="VARCHAR" />
		<result column="LOGIC_DELETE_FLAG" property="logicDeleteFlag" jdbcType="VARCHAR" />
		<result column="CHANGE_SEG_FLAG" property="changeSegFlag" jdbcType="VARCHAR" />
		<result column="RELATION" property="relation" jdbcType="VARCHAR" />
	</resultMap>

	<select id="getReportInfoListByFileType" parameterClass="java.lang.String" resultMap="cciReportInfoTypeConfigResult">
		SELECT *
		FROM ${SUBSYSTEM_SCHEMA}CCI_REPORT_INFO_TYPE_CONFIG T
		WHERE 1 = 1
		AND T.LOGIC_DELETE_FLAG = '0'
		AND T.FILE_CONFIGURE_CTL_NO = #sysCtl#
		ORDER BY T.COLUMN_OUTPUT_SEQUENCE
	</select>


</sqlMap>