<?xml version="1.0" encoding="UTF-8" ?>
<!DOCTYPE sqlMap PUBLIC "-//ibatis.apache.org//DTD SQL Map 2.0//EN" "http://ibatis.apache.org/dtd/sql-map-2.dtd" >
<sqlMap namespace="CCI_UPDATE_GUARANT_STATE">
	<update id="updateContractEffectState" parameterClass="java.util.Map" >
		update ${SUBSYSTEM_SCHEMA}$tableName$ 
		set CONTRACT_EFFECTIVE_STATE ='2' 
        where 1=1 and SYS_CTL_ID in
        <dynamic>
            <iterate open="(" conjunction="," close=")" property="sysCtlIds">
                #sysCtlIds[]#
            </iterate>
        </dynamic>
	</update>
	
	<update id="updateOperatingState" parameterClass="java.util.Map">
	   update ${SUBSYSTEM_SCHEMA}CCI_REPORT_SYSTEM_CTL 
	   set OPERATING_STATE ='21'
	   ,FEEDBACK_FLAG = '0'
	   ,REPORT_FLAG = '0'
	  where 1=1 and SYS_CTL_ID in
        <dynamic>
            <iterate open="(" conjunction="," close=")" property="sysCtlIds">
                #sysCtlIds[]#
            </iterate>
        </dynamic>
	</update>
	
	<select id="selectSysCtlIdInTable"  parameterClass="java.util.Map" resultClass="java.lang.String">
	        select tb1.sys_ctl_id
               from ${SUBSYSTEM_SCHEMA}$tableName$ tb1
               join ${SUBSYSTEM_SCHEMA}CCI_REPORT_SYSTEM_CTL tb2
               on tb1.SYS_CTL_ID = tb2.SYS_CTL_ID
               and tb1.MAJOR_CONTRACT_NO = #busiNo#
               and tb2.MSG_RECORD_OPERATE_TYPE !='4'
               and tb2.FEEDBACK_FLAG !='4'
               and tb2.LOGIC_DELETE_FLAG !='1'
               and tb1.BUSI_TYPE = #busiType#
               and tb1.CONTRACT_EFFECTIVE_STATE ='1'
	</select>
</sqlMap>