<?xml version="1.0" encoding="UTF-8" ?>
<!DOCTYPE sqlMap PUBLIC "-//ibatis.apache.org//DTD SQL Map 2.0//EN" "http://ibatis.apache.org/dtd/sql-map-2.dtd" >
<sqlMap namespace="CCI_ERROR_CODE">
	<resultMap id="cciErrorCodeResult" class="com.synesoft.cci.domain.model.CciErrorCode">
		<!-- WARNING - This element is automatically generated by Abator for iBATIS, 
			do not modify. This element was generated on Tue Dec 22 15:59:18 CST 2015. -->
		<result column="EDITION" property="edition" jdbcType="VARCHAR" />
		<result column="ERROR_TYPE" property="errorType" jdbcType="VARCHAR" />
		<result column="ERROR_CODE" property="errorCode" jdbcType="VARCHAR" />
		<result column="ERROR_DESCRIBE" property="errorDescribe"
			jdbcType="VARCHAR" />
		<result column="EFFECTIVE" property="effective" jdbcType="VARCHAR" />
	</resultMap>

	<select id="selectList" parameterClass="com.synesoft.cci.domain.model.CciErrorCode"
		resultMap="cciErrorCodeResult">
		select * from ${SUBSYSTEM_SCHEMA}CCI_ERROR_CODE t
		where 1=1
		<dynamic>
			<!-- 有效位为1表示为反馈信息 -->
			<isNotEmpty prepend="and" property="effective">
				t.EFFECTIVE =
				#effective#
			</isNotEmpty>
			<isNotEmpty prepend="and" property="edition">
				t.EDITION =
				#edition#
			</isNotEmpty>
		</dynamic>
	</select>

</sqlMap>