<?xml version="1.0" encoding="UTF-8" ?>
<!DOCTYPE sqlMap PUBLIC "-//ibatis.apache.org//DTD SQL Map 2.0//EN" "http://ibatis.apache.org/dtd/sql-map-2.dtd" >
<sqlMap namespace="CCI_REPORT_SYSTEM_CTL_H">
	<resultMap id="CciReportSystemCtlFormResult"
			class="com.synesoft.cci.business.sys.form.CciReportSystemCtlForm">
		<!-- WARNING - This element is automatically generated by Abator for iBATIS,
			do not modify. This element was generated on Fri Oct 30 15:02:49 CST 2015. -->
		<result column="SYS_CTL_ID" property="sysCtlId" jdbcType="VARCHAR" />
		<result column="FILE_SEND_DATE" property="fileSendDate"
				jdbcType="VARCHAR" />
		<result column="REPORT_BATCH_NO" property="reportBatchNo"
				jdbcType="VARCHAR" />
		<result column="MSG_RECORD_TRACKING_NO" property="msgRecordTrackingNo"
				jdbcType="VARCHAR" />
		<result column="MSG_RECORD_OPERATE_TYPE" property="msgRecordOperateType"
				jdbcType="VARCHAR" />
		<result column="MSG_RECORD_ROW" property="msgRecordRow"
				jdbcType="VARCHAR" />
		<result column="REPORT_FLAG" property="reportFlag" jdbcType="VARCHAR" />
		<result column="FEEDBACK_FLAG" property="feedbackFlag"
				jdbcType="VARCHAR" />
		<result column="DEPT_ID" property="deptId" jdbcType="VARCHAR" />
		<result column="OPERATING_STATE" property="operatingState"
				jdbcType="VARCHAR" />
		<result column="REPORT_FILE_TYPE" property="reportFileType"
				jdbcType="VARCHAR" />
		<result column="MSG_RECORD_TYPE" property="msgRecordType"
				jdbcType="VARCHAR" />
		<result column="BRANCH_ID" property="branchId" jdbcType="VARCHAR" />
		<result column="BRANCH_NO" property="branchNo" jdbcType="VARCHAR" />
		<result column="RELATION_SYS_CTL_ID" property="relationSysCtlId"
				jdbcType="VARCHAR" />
		<result column="ORG_BASIC_FEEDBACK_FLAG" property="orgBasicFeedbackFlag"
				jdbcType="VARCHAR" />
		<result column="OPERATE_TIME" property="operateTime" jdbcType="VARCHAR" />
		<result column="OPERATER" property="operater" jdbcType="VARCHAR" />
		<result column="CHECK_TIME" property="checkTime" jdbcType="VARCHAR" />
		<result column="CHECK_OPERATOR" property="checkOperator"
				jdbcType="VARCHAR" />
		<result column="CHECK_ADD_MSG" property="checkAddMsg" jdbcType="VARCHAR" />
		<result column="LAST_UPDATE_TIME" property="lastUpdateTime"
				jdbcType="VARCHAR" />
		<result column="LAST_UPDATER" property="lastUpdater" jdbcType="VARCHAR" />
		<result column="LOGIC_DELETE_FLAG" property="logicDeleteFlag"
				jdbcType="VARCHAR" />
		<result column="DTL_NUM_A" property="dtlNumA" jdbcType="VARCHAR" />
		<result column="DTL_NUM_B" property="dtlNumB" jdbcType="VARCHAR" />
		<result column="DTL_NUM_C" property="dtlNumC" jdbcType="VARCHAR" />
		<result column="DTL_NUM_D" property="dtlNumD" jdbcType="VARCHAR" />
		<result column="RECORD_STATUS_FLAG" property="recordStatusFlag"
				jdbcType="VARCHAR" />
		<result column="MESSAGE_TYPE" property="messageType" jdbcType="VARCHAR" />
		<result column="START_INDEX" property="startIndex" jdbcType="VARCHAR" />
		<result column="END_INDEX" property="endIndex" jdbcType="VARCHAR" />
		<result column="SEQ_NUM" property="seqNum" jdbcType="VARCHAR" />
	</resultMap>

	<sql id="queryCondition">
		from ${SUBSYSTEM_SCHEMA}CCI_REPORT_SYSTEM_CTL_H b
		where 1=1
		<dynamic>
			<isNotEmpty prepend="and" property="seqNum">
				b.SEQ_NUM = #seqNum#
				</isNotEmpty>
			<isNotEmpty prepend="and" property="orgInfList">
				<iterate property="orgInfList" open="b.BRANCH_NO IN ("
					close=")" conjunction=",">
					#orgInfList[]#
				</iterate>
			</isNotEmpty>
			<isNotEmpty prepend="and" property="branchId">
				b.BRANCH_ID =
				#branchId#
			</isNotEmpty>
			<!-- add by gy 2016-11-18 Release V1.0 NO.221 cover 198 start -->
			<isNotEmpty prepend="and" property="logicDeleteFlag">
				b.LOGIC_DELETE_FLAG = #logicDeleteFlag#
			</isNotEmpty>
			<!-- add by gy 2016-11-18 Release V1.0 NO.221 cover 198 end -->
			<isNotEmpty prepend="and" property="fileSendDate">
				b.FILE_SEND_DATE =
				#fileSendDate#
			</isNotEmpty>
			<isNotEmpty prepend="and" property="reportFileType">
				b.REPORT_FILE_TYPE =
				#reportFileType#
			</isNotEmpty>
			<isNotEmpty prepend="and" property="reportBatchNo">
				b.REPORT_BATCH_NO =
				#reportBatchNo#
			</isNotEmpty>
			<isNotEmpty prepend="and" property="relationSysCtlId">
				b.RELATION_SYS_CTL_ID =
				#relationSysCtlId#
			</isNotEmpty>
			<isNotEmpty prepend="and" property="reportFlag">
				b.REPORT_FLAG =
				#reportFlag#
			</isNotEmpty>
			<isNotEmpty prepend="and" property="feedbackFlag">
				b.FEEDBACK_FLAG =
				#feedbackFlag#
			</isNotEmpty>
			<isNotEmpty prepend="and" property="fileSendDate">
				b.FILE_SEND_DATE = #fileSendDate#
			</isNotEmpty>
			<isNotEmpty prepend="and" property="reportBatchNo">
				b.REPORT_BATCH_NO = #reportBatchNo#
			</isNotEmpty>
		</dynamic>
		
	</sql>

<sql id="queryBizCondition">
		from ${SUBSYSTEM_SCHEMA}CCI_REPORT_SYSTEM_CTL b
		where 1=1
		AND b.FEEDBACK_FLAG = '0'
		<dynamic>
			<!-- add by gy 2016-07-06 Release V1.0 NO.54 start -->
			<isNotEmpty prepend="and" property="logicDeleteFlag">
				b.LOGIC_DELETE_FLAG = #logicDeleteFlag#
			</isNotEmpty>
			<!-- add by gy 2016-11-09 Release V1.0 NO.198 cover 54end -->
			<isNotEmpty prepend="and" property="orgInfList">
				<iterate property="orgInfList" open="b.BRANCH_NO IN ("
					close=")" conjunction=",">
					#orgInfList[]#
				</iterate>
			</isNotEmpty>
			<isNotEmpty prepend="and" property="branchId">
				b.BRANCH_ID =
				#branchId#
			</isNotEmpty>
			<isNotEmpty prepend="and" property="fileSendDate">
				b.FILE_SEND_DATE =
				#fileSendDate#
			</isNotEmpty>
			<isNotEmpty prepend="and" property="reportFileType">
				b.REPORT_FILE_TYPE =
				#reportFileType#
			</isNotEmpty>
			<isNotEmpty prepend="and" property="reportBatchNo">
				b.REPORT_BATCH_NO =
				#reportBatchNo#
			</isNotEmpty>
			<isNotEmpty prepend="and" property="relationSysCtlId">
				b.RELATION_SYS_CTL_ID =
				#relationSysCtlId#
			</isNotEmpty>
			<isNotEmpty prepend="and" property="reportFlag">
				b.REPORT_FLAG =
				#reportFlag#
			</isNotEmpty>
			<isNotEmpty prepend="and" property="feedbackFlag">
				b.FEEDBACK_FLAG =
				#feedbackFlag#
			</isNotEmpty>
			<isNotEmpty prepend="and" property="fileSendDate">
				b.FILE_SEND_DATE = #fileSendDate#
			</isNotEmpty>
			<isNotEmpty prepend="and" property="reportBatchNo">
				b.REPORT_BATCH_NO = #reportBatchNo#
			</isNotEmpty>
		</dynamic>
</sql>
	<select id="selectQryList" parameterClass="com.synesoft.cci.business.sys.form.CciReportSystemCtlForm"
		resultMap="CciReportSystemCtlFormResult">
		SELECT *
		FROM (
		select a.*,
		b.FILE_SEND_DATE,
		b.REPORT_BATCH_NO,
		b.MSG_RECORD_TRACKING_NO,
		b.MSG_RECORD_OPERATE_TYPE,
		b.MSG_RECORD_ROW,
		b.REPORT_FLAG,
		b.FEEDBACK_FLAG,
		b.DEPT_ID,
		b.OPERATING_STATE,
		b.REPORT_FILE_TYPE,
		b.MSG_RECORD_TYPE,
		b.BRANCH_ID,
		b.BRANCH_NO,
		b.RELATION_SYS_CTL_ID,
		b.ORG_BASIC_FEEDBACK_FLAG,
		b.OPERATE_TIME,
		b.OPERATER,
		b.CHECK_TIME,
		b.CHECK_OPERATOR,
		b.CHECK_ADD_MSG,
		b.LAST_UPDATE_TIME,
		b.LAST_UPDATER,
		b.LOGIC_DELETE_FLAG,
		b.DTL_NUM_A,
		b.DTL_NUM_B,
		b.DTL_NUM_C,
		b.DTL_NUM_D,
		b.RECORD_STATUS_FLAG,
		b.MESSAGE_TYPE,
		b.RELATION_FEEDBACK_ID,
		b.START_INDEX,
		b.END_INDEX
		<include refid="queryCondition" />
		UNION ALL
		SELECT '' AS SEQ_NUM,
		a.*,
		b.FILE_SEND_DATE,
		b.REPORT_BATCH_NO,
		b.MSG_RECORD_TRACKING_NO,
		b.MSG_RECORD_OPERATE_TYPE,
		b.MSG_RECORD_ROW,
		b.REPORT_FLAG,
		b.FEEDBACK_FLAG,
		b.DEPT_ID,
		b.OPERATING_STATE,
		b.REPORT_FILE_TYPE,
		b.MSG_RECORD_TYPE,
		b.BRANCH_ID,
		b.BRANCH_NO,
		b.RELATION_SYS_CTL_ID,
		b.ORG_BASIC_FEEDBACK_FLAG,
		b.OPERATE_TIME,
		b.OPERATER,
		b.CHECK_TIME,
		b.CHECK_OPERATOR,
		b.CHECK_ADD_MSG,
		b.LAST_UPDATE_TIME,
		b.LAST_UPDATER,
		b.LOGIC_DELETE_FLAG,
		b.DTL_NUM_A,
		b.DTL_NUM_B,
		b.DTL_NUM_C,
		b.DTL_NUM_D,
		b.RECORD_STATUS_FLAG,
		b.MESSAGE_TYPE,
		b.RELATION_FEEDBACK_ID,
		b.START_INDEX,
		b.END_INDEX
		<include refid="queryBizCondition" />
		) b
		ORDER BY b.SEQ_NUM DESC,
		b.FILE_SEND_DATE DESC,
		b.REPORT_BATCH_NO DESC
	</select>

	<select id="selectQryCounts" parameterClass="com.synesoft.cci.business.sys.form.CciReportSystemCtlForm"
		resultClass="java.lang.Integer">
		select count(*)
		FROM (
			<!-- add by gl 20160612 Release V1.0 NO.5 start -->
			select a.sys_ctl_id 
			<include refid="queryCondition" />
			UNION ALL
			SELECT 
				a.sys_ctl_id
		<!-- add by gl 20160612 Release V1.0 NO.5 end -->
			<include refid="queryBizCondition"/>
		) c
	</select>

	<select id="selectList" parameterClass="com.synesoft.cci.business.sys.form.CciReportSystemCtlForm"
		resultMap="CciReportSystemCtlFormResult">
		select *
		<include refid="queryCondition" />
		ORDER BY b.seqNum DESC
	</select>

	<select id="selectCounts" parameterClass="com.synesoft.cci.business.sys.form.CciReportSystemCtlForm"
		resultClass="java.lang.Integer">
		select count(*)
		<include refid="queryCondition" />
	</select>

     <!-- add by ld 20160831  Release V1.0 NO.103 start-->
     <select id="selectCountsbyFeedback" parameterClass="java.util.Map" 
     	resultClass="java.lang.Integer">
        select count(*) 
        from ${SUBSYSTEM_SCHEMA}CCI_REPORT_SYSTEM_CTL_H 
        where sys_ctl_id=#sysCtlId# and feedback_flag='1'  
     </select>
     

</sqlMap>