<?xml version="1.0" encoding="UTF-8" ?>
<!DOCTYPE sqlMap PUBLIC "-//ibatis.apache.org//DTD SQL Map 2.0//EN" "http://ibatis.apache.org/dtd/sql-map-2.dtd" >
<sqlMap namespace="CCI_BANK_ACCEPT_BUSI_INFO_H">
	<resultMap id="CciBankAcceptBusiInfoFormResult"
		class="com.synesoft.cci.app.form.cbm.CciBankAcceptBusiInfoForm">
		<!-- WARNING - This element is automatically generated by Abator for iBATIS, 
			do not modify. This element was generated on Fri Oct 30 15:02:44 CST 2015. -->
		<result column="BORROWER_NAME" property="borrowerName"
			jdbcType="VARCHAR" />
		<result column="RELATION_FEEDBACK_ID" property="relationFeedbackId" jdbcType="VARCHAR"/>
		<result column="SYS_CTL_ID" property="sysCtlId" jdbcType="VARCHAR" />
		<result column="ACCEPTANCE_AGREEMENT_NO" property="acceptanceAgreementNo"
			jdbcType="VARCHAR" />
		<result column="DRAFT_NO" property="draftNo" jdbcType="VARCHAR" />
		<result column="CREDIT_AGREEMENT_NO" property="creditAgreementNo"
			jdbcType="VARCHAR" />
		<result column="BUSI_DATE" property="busiDate" jdbcType="VARCHAR" />
		<result column="DRAWER_NAME" property="drawerName" jdbcType="VARCHAR" />
		<result column="LOAN_CARD_NO" property="loanCardNo" jdbcType="VARCHAR" />
		<result column="CURRENCY" property="currency" jdbcType="VARCHAR" />
		<result column="DRAFT_AMOUNT" property="draftAmount" jdbcType="DECIMAL" />
		<result column="DRAFT_ACCEPTANCE_DATE" property="draftAcceptanceDate"
			jdbcType="VARCHAR" />
		<result column="DRAFT_EXPIRY_DATE" property="draftExpiryDate"
			jdbcType="VARCHAR" />
		<result column="DRAFT_PAYMENT_DATE" property="draftPaymentDate"
			jdbcType="VARCHAR" />
		<result column="MARGIN_RATIO" property="marginRatio" jdbcType="DECIMAL" />
		<result column="GUARANTEE_FLAG" property="guaranteeFlag"
			jdbcType="VARCHAR" />
		<result column="ADVANCE_FLAG" property="advanceFlag" jdbcType="VARCHAR" />
		<result column="DRAFT_STATUS" property="draftStatus" jdbcType="VARCHAR" />
		<result column="FIVE_STAGE_CLASSIFICATION" property="fiveStageClassification"
			jdbcType="VARCHAR" />
		<result column="CUSTOMER_CODE" property="customerCode"
			jdbcType="VARCHAR" />
		<result column="SYS_CTL_ID" property="sysCtlId" jdbcType="VARCHAR" />
		<result column="FILE_SEND_DATE" property="fileSendDate"
			jdbcType="VARCHAR" />
		<result column="REPORT_BATCH_NO" property="reportBatchNo"
			jdbcType="VARCHAR" />
		<result column="MSG_RECORD_TRACKING_NO" property="msgRecordTrackingNo"
			jdbcType="VARCHAR" />
		<result column="MSG_RECORD_OPERATE_TYPE" property="msgRecordOperateType"
			jdbcType="VARCHAR" />
		<result column="MSG_RECORD_ROW" property="msgRecordRow"
			jdbcType="VARCHAR" />
		<result column="REPORT_FLAG" property="reportFlag" jdbcType="VARCHAR" />
		<result column="FEEDBACK_FLAG" property="feedbackFlag"
			jdbcType="VARCHAR" />
		<result column="DEPT_ID" property="deptId" jdbcType="VARCHAR" />
		<result column="OPERATING_STATE" property="operatingState"
			jdbcType="VARCHAR" />
		<result column="REPORT_FILE_TYPE" property="reportFileType"
			jdbcType="VARCHAR" />
		<result column="MSG_RECORD_TYPE" property="msgRecordType"
			jdbcType="VARCHAR" />
		<result column="BRANCH_ID" property="branchId" jdbcType="VARCHAR" />
		<result column="BRANCH_NO" property="branchNo" jdbcType="VARCHAR" />
		<result column="RELATION_SYS_CTL_ID" property="relationSysCtlId"
			jdbcType="VARCHAR" />
		<result column="ORG_BASIC_FEEDBACK_FLAG" property="orgBasicFeedbackFlag"
			jdbcType="VARCHAR" />
		<result column="OPERATE_TIME" property="operateTime" jdbcType="VARCHAR" />
		<result column="OPERATER" property="operater" jdbcType="VARCHAR" />
		<result column="CHECK_TIME" property="checkTime" jdbcType="VARCHAR" />
		<result column="CHECK_OPERATOR" property="checkOperator"
			jdbcType="VARCHAR" />
		<result column="CHECK_ADD_MSG" property="checkAddMsg" jdbcType="VARCHAR" />
		<result column="LAST_UPDATE_TIME" property="lastUpdateTime"
			jdbcType="VARCHAR" />
		<result column="LAST_UPDATER" property="lastUpdater" jdbcType="VARCHAR" />
		<result column="LOGIC_DELETE_FLAG" property="logicDeleteFlag"
			jdbcType="VARCHAR" />
		<result column="RECORD_STATUS_FLAG" property="recordStatusFlag"
			jdbcType="VARCHAR" />
		<result column="MESSAGE_TYPE" property="messageType" jdbcType="VARCHAR" />
		<result column="DTL_NUM_A" property="dtlNumA" jdbcType="VARCHAR" />
		<result column="DTL_NUM_B" property="dtlNumB" jdbcType="VARCHAR" />
		<result column="DTL_NUM_C" property="dtlNumC" jdbcType="VARCHAR" />
		<result column="DTL_NUM_D" property="dtlNumD" jdbcType="VARCHAR" />
		
		<result column="SEQ_NUM" property="seqNum" jdbcType="VARCHAR" />
		<!-- add by sjh 20170831 Release V1.0 NO.536 start -->
		<result column="RSV_05" property="rsv05" jdbcType="VARCHAR" />
		<!-- add by sjh 20170831 Release V1.0 NO.536 end -->
		
	</resultMap>

	<!-- update gcj 2017-04-06 Release V1.0 NO.403 start -->
	<sql id="whereCondNoDel">
		<dynamic>
			<isNotEmpty prepend="and" property="orgInfList">
				<iterate property="orgInfList" open="b.BRANCH_NO IN ("
					close=")" conjunction=",">
					#orgInfList[]#
				</iterate>
			</isNotEmpty>
			<isNotEmpty prepend="and" property="branchId">
				b.BRANCH_ID =
				#branchId#
			</isNotEmpty>
			<!-- add by gy 2016-09-08 Release V1.0 NO.120 start -->
			<isNotEmpty prepend="and" property="busiDateStart">
				<![CDATA[a.BUSI_DATE >=]]> #busiDateStart# 
			</isNotEmpty>
			<isNotEmpty prepend="and" property="busiDateEnd">
				<![CDATA[a.BUSI_DATE <=]]> #busiDateEnd#
			</isNotEmpty>
			<isNotEmpty prepend="and" property="fileSendDateStart">
				<![CDATA[b.FILE_SEND_DATE >=]]> #fileSendDateStart# 
			</isNotEmpty>
			<isNotEmpty prepend="and" property="fileSendDateEnd">
				<![CDATA[b.FILE_SEND_DATE <=]]> #fileSendDateEnd#
			</isNotEmpty>
			<!-- add by gy 2016-09-08 Release V1.0 NO.120 end -->
			<isNotEmpty prepend="and" property="customerCode">
				a.CUSTOMER_CODE =
				#customerCode#
			</isNotEmpty>
			<isNotEmpty prepend="and" property="draftNo">
				a.DRAFT_NO = #draftNo#
			</isNotEmpty>
			<isNotEmpty prepend="and" property="drawerName">
				a.DRAWER_NAME =
				#drawerName#
			</isNotEmpty>
			<isNotEmpty prepend="and" property="draftStatus">
				a.DRAFT_STATUS =
				#draftStatus#
			</isNotEmpty>
			<isNotEmpty prepend="and" property="opStsList">
				<iterate property="opStsList" open="b.OPERATING_STATE IN ("
					close=")" conjunction=",">
					#opStsList[]#
				</iterate>
			</isNotEmpty>
			<isNotEmpty prepend="and" property="feedbackFlagList">
				<iterate property="feedbackFlagList" open="b.FEEDBACK_FLAG IN ("
					close=")" conjunction=",">
					#feedbackFlagList[]#
				</iterate>
			</isNotEmpty>
			<isNotEmpty prepend="and" property="reportFlag">
				b.REPORT_FLAG =
				#reportFlag#
			</isNotEmpty>
			<isNotEmpty prepend="and" property="feedbackFlag">
				b.FEEDBACK_FLAG =
				#feedbackFlag#
			</isNotEmpty>
			<!-- 部门过滤 -->
			<isNotEmpty prepend="and" property="deptId">
				b.DEPT_ID = #deptId#
			</isNotEmpty>
			<isNotEmpty prepend="and" property="fileSendDate">
				b.FILE_SEND_DATE = #fileSendDate#
			</isNotEmpty>
			<isNotEmpty prepend="and" property="reportBatchNo">
				b.REPORT_BATCH_NO = #reportBatchNo#
			</isNotEmpty>
			<!-- add by yb 20170726 Release V1.0 NO.508 start -->
			<isNotEmpty prepend="and" property="loanCardNo">
				a.LOAN_CARD_NO = #loanCardNo#
			</isNotEmpty>
			<!-- add by yb 20170726 Release V1.0 NO.508 end -->
			<!-- add by sjh 20170728 Release V1.0 NO.517 start -->
			<isNotEmpty prepend="and" property="advanceFlag">
				a.ADVANCE_FLAG = #advanceFlag#
			</isNotEmpty>
			<!-- add by sjh 20170728 Release V1.0 NO.517 end -->
		</dynamic>
	</sql>
	<sql id="whereCond">
        <include refid="whereCondNoDel" />
		<isNotEmpty prepend="and" property="logicDeleteFlag">
			b.LOGIC_DELETE_FLAG = #logicDeleteFlag#
		</isNotEmpty>
	</sql>
	<sql id="queryCondition">
		from ${SUBSYSTEM_SCHEMA}CCI_BANK_ACCEPT_BUSI_INFO_H a
		<!-- upd sjh 20170822 Release V1.0 NO.530 start-->
		left join(
			select * from ${SUBSYSTEM_SCHEMA}CCI_REPORT_SYSTEM_CTL_H 
			union all<!-- upd by gy 20171013 Release V1.0 NO.546 -->
			select * from ${SUBSYSTEM_SCHEMA}CCI_REPORT_SYSTEM_CTL_DEL_H
		)b
		<!-- upd sjh 20170822 Release V1.0 NO.530 end-->
		on a.sys_ctl_id=b.sys_ctl_id
		and a.seq_num=b.seq_num
		where 1=1
		<include refid="whereCond" />
		<isNotEmpty prepend="and" property="seqNum">
			a.SEQ_NUM = #seqNum#
		</isNotEmpty>
	</sql>

	<sql id="queryBizCondition">
		from ${SUBSYSTEM_SCHEMA}CCI_BANK_ACCEPT_BUSI_INFO a
		left join
		${SUBSYSTEM_SCHEMA}CCI_REPORT_SYSTEM_CTL b
		on a.sys_ctl_id=b.sys_ctl_id
		where 1=1
		AND b.FEEDBACK_FLAG = '0'
		<include refid="whereCond" />
	</sql>
	<sql id="queryConditionNoDel">
		from ${SUBSYSTEM_SCHEMA}CCI_BANK_ACCEPT_BUSI_INFO_H a
		left join
		${SUBSYSTEM_SCHEMA}CCI_REPORT_SYSTEM_CTL_H b
		on a.sys_ctl_id=b.sys_ctl_id
		and a.seq_num=b.seq_num
		where 1=1
		AND b.LOGIC_DELETE_FLAG != '1'
		AND b.MSG_RECORD_OPERATE_TYPE != '4'
		<include refid="whereCondNoDel" />
		<isNotEmpty prepend="and" property="seqNum">
			a.SEQ_NUM = #seqNum#
		</isNotEmpty>
	</sql>

	<sql id="queryBizConditionNoDel">
		from ${SUBSYSTEM_SCHEMA}CCI_BANK_ACCEPT_BUSI_INFO a
		left join
		${SUBSYSTEM_SCHEMA}CCI_REPORT_SYSTEM_CTL b
		on a.sys_ctl_id=b.sys_ctl_id
		where 1=1
		AND b.LOGIC_DELETE_FLAG != '1'
		AND b.MSG_RECORD_OPERATE_TYPE != '4'
		AND b.FEEDBACK_FLAG = '0'
		<include refid="whereCondNoDel" />
	</sql>
	
	<sql id="showLatestCond">
		INNER JOIN (
			SELECT
                CASE WHEN MAX(a.SEQ_NUM) = 'busi'
                    THEN null
                    ELSE MAX(a.SEQ_NUM)
                END AS SEQ_NUM,
				a.BRANCH_ID AS BRANCH_ID,
				a.LOAN_CARD_NO AS LOAN_CARD_NO,
				a.DRAFT_NO AS DRAFT_NO,
				MAX(a.BUSI_DATE) AS BUSI_DATE
			FROM (
				select a.SEQ_NUM,
				b.BRANCH_ID AS BRANCH_ID,
				a.LOAN_CARD_NO AS LOAN_CARD_NO,
				a.DRAFT_NO AS DRAFT_NO,
				a.BUSI_DATE AS BUSI_DATE
				<include refid="queryCondition" />
				UNION ALL
				SELECT 'busi' AS SEQ_NUM,
				b.BRANCH_ID AS BRANCH_ID,
				a.LOAN_CARD_NO AS LOAN_CARD_NO,
				a.DRAFT_NO AS DRAFT_NO,
				a.BUSI_DATE AS BUSI_DATE
				<include refid="queryBizCondition" />
			) a
			GROUP BY a.BRANCH_ID,
			a.LOAN_CARD_NO,
			a.DRAFT_NO
		) d
		ON (
		b.SEQ_NUM = d.SEQ_NUM
		<!-- upd by gy 20171114 Release V1.0 NO.554 start -->
		OR (NULLIF(b.SEQ_NUM,'') IS NULL and NULLIF(d.SEQ_NUM,'') IS NULL)
		<!-- upd by gy 20171114 Release V1.0 NO.554 end -->
		)
		AND b.BRANCH_ID = d.BRANCH_ID
		AND b.LOAN_CARD_NO = d.LOAN_CARD_NO
		AND b.DRAFT_NO = d.DRAFT_NO
		AND b.BUSI_DATE = d.BUSI_DATE
	</sql>
	
	<sql id="showLatestCondNoDel">
		INNER JOIN (
			SELECT
                CASE WHEN MAX(a.SEQ_NUM) = 'busi'
                    THEN null
                    ELSE MAX(a.SEQ_NUM)
                END AS SEQ_NUM,
				a.BRANCH_ID AS BRANCH_ID,
				a.LOAN_CARD_NO AS LOAN_CARD_NO,
				a.DRAFT_NO AS DRAFT_NO,
				MAX(a.BUSI_DATE) AS BUSI_DATE
			FROM (
				select a.SEQ_NUM,
				b.BRANCH_ID AS BRANCH_ID,
				a.LOAN_CARD_NO AS LOAN_CARD_NO,
				a.DRAFT_NO AS DRAFT_NO,
				a.BUSI_DATE AS BUSI_DATE
				<include refid="queryConditionNoDel" />
				UNION ALL
				SELECT 'busi' AS SEQ_NUM,
				b.BRANCH_ID AS BRANCH_ID,
				a.LOAN_CARD_NO AS LOAN_CARD_NO,
				a.DRAFT_NO AS DRAFT_NO,
				a.BUSI_DATE AS BUSI_DATE
				<include refid="queryBizConditionNoDel" />
			) a
			GROUP BY a.BRANCH_ID,
			a.LOAN_CARD_NO,
			a.DRAFT_NO
		) d
		ON (
		b.SEQ_NUM = d.SEQ_NUM
		<!-- upd by gy 20171114 Release V1.0 NO.554 start -->
		OR (NULLIF(b.SEQ_NUM,'') IS NULL and NULLIF(d.SEQ_NUM,'') IS NULL)
		<!-- upd by gy 20171114 Release V1.0 NO.554 end -->
		)
		AND b.BRANCH_ID = d.BRANCH_ID
		AND b.LOAN_CARD_NO = d.LOAN_CARD_NO
		AND b.DRAFT_NO = d.DRAFT_NO
		AND b.BUSI_DATE = d.BUSI_DATE
	</sql>
	<sql id="busiCompleteCond">
		<!-- 结清 -->
			SELECT d.*
			FROM (
				select a.SEQ_NUM,
				b.BRANCH_ID AS BRANCH_ID,
				a.LOAN_CARD_NO AS LOAN_CARD_NO,
				a.DRAFT_NO AS DRAFT_NO,
				a.BUSI_DATE AS BUSI_DATE,
				a.DRAFT_STATUS AS DRAFT_STATUS
				<include refid="queryConditionNoDel" />
				UNION ALL
				SELECT null AS SEQ_NUM,
				b.BRANCH_ID AS BRANCH_ID,
				a.LOAN_CARD_NO AS LOAN_CARD_NO,
				a.DRAFT_NO AS DRAFT_NO,
				a.BUSI_DATE AS BUSI_DATE,
				a.DRAFT_STATUS AS DRAFT_STATUS
                <include refid="queryBizConditionNoDel" />
			) b
			<include refid="showLatestCondNoDel"/>
			<isEqual prepend="and" property="squareMark" compareValue="1">
                    b.DRAFT_STATUS != '3' 
			</isEqual>
			<isEqual prepend="and" property="squareMark" compareValue="2">
                    b.DRAFT_STATUS = '3' 
			</isEqual>
	</sql>
    <sql id="showHistoryAndBusiCompleteCond">
		<isNotEmpty property="squareMark">
			INNER JOIN (
				<include refid="busiCompleteCond"/>
			) d
			ON b.BRANCH_ID = d.BRANCH_ID
			AND b.LOAN_CARD_NO = d.LOAN_CARD_NO
			AND b.DRAFT_NO = d.DRAFT_NO
            <isNotEqual property="showHistory" compareValue="1">
			AND b.BUSI_DATE = d.BUSI_DATE
            AND (
                b.SEQ_NUM = d.SEQ_NUM
                <!-- upd by gy 20171114 Release V1.0 NO.554 start -->
                OR (NULLIF(b.SEQ_NUM,'') IS NULL and NULLIF(d.SEQ_NUM,'') IS NULL)
                <!-- upd by gy 20171114 Release V1.0 NO.554 end -->
                )
            </isNotEqual>
        </isNotEmpty>
		<isEmpty property="squareMark">
			<isEqual property="showHistory" compareValue="2">
				<!-- add by gcj 20170727 Release V1.0 NO.513 start -->
				<include refid="showLatestCondNoDel"/>
				<!-- add by gcj 20170727 Release V1.0 NO.513 end -->
			</isEqual>
		</isEmpty>
    </sql>
	<!-- update gcj 2017-04-06 Release V1.0 NO.403 end -->

	<select id="selectQryList" parameterClass="com.synesoft.cci.app.form.cbm.CciBankAcceptBusiInfoForm"
		resultMap="CciBankAcceptBusiInfoFormResult">
		SELECT *
		FROM (
		select a.*,
		b.FILE_SEND_DATE,
		b.REPORT_BATCH_NO,
		b.MSG_RECORD_TRACKING_NO,
		b.MSG_RECORD_OPERATE_TYPE,
		b.MSG_RECORD_ROW,
		b.REPORT_FLAG,
		b.FEEDBACK_FLAG,
		b.DEPT_ID,
		b.OPERATING_STATE,
		b.REPORT_FILE_TYPE,
		b.MSG_RECORD_TYPE,
		b.BRANCH_ID,
		b.BRANCH_NO,
		b.RELATION_SYS_CTL_ID,
		b.ORG_BASIC_FEEDBACK_FLAG,
		b.OPERATE_TIME,
		b.OPERATER,
		b.CHECK_TIME,
		b.CHECK_OPERATOR,
		b.CHECK_ADD_MSG,
		b.LAST_UPDATE_TIME,
		b.LAST_UPDATER,
		b.LOGIC_DELETE_FLAG,
		b.DTL_NUM_A,
		b.DTL_NUM_B,
		b.DTL_NUM_C,
		b.DTL_NUM_D,
		b.RECORD_STATUS_FLAG,
		b.MESSAGE_TYPE,
		b.RELATION_FEEDBACK_ID,
		b.START_INDEX,
		b.END_INDEX
		<include refid="queryCondition" />
		UNION ALL
		<!-- update gcj 2017-04-06 Release V1.0 NO.403 start -->
		SELECT null AS SEQ_NUM,
		<!-- update gcj 2017-04-06 Release V1.0 NO.403 end -->
		a.*,
		b.FILE_SEND_DATE,
		b.REPORT_BATCH_NO,
		b.MSG_RECORD_TRACKING_NO,
		b.MSG_RECORD_OPERATE_TYPE,
		b.MSG_RECORD_ROW,
		b.REPORT_FLAG,
		b.FEEDBACK_FLAG,
		b.DEPT_ID,
		b.OPERATING_STATE,
		b.REPORT_FILE_TYPE,
		b.MSG_RECORD_TYPE,
		b.BRANCH_ID,
		b.BRANCH_NO,
		b.RELATION_SYS_CTL_ID,
		b.ORG_BASIC_FEEDBACK_FLAG,
		b.OPERATE_TIME,
		b.OPERATER,
		b.CHECK_TIME,
		b.CHECK_OPERATOR,
		b.CHECK_ADD_MSG,
		b.LAST_UPDATE_TIME,
		b.LAST_UPDATER,
		b.LOGIC_DELETE_FLAG,
		b.DTL_NUM_A,
		b.DTL_NUM_B,
		b.DTL_NUM_C,
		b.DTL_NUM_D,
		b.RECORD_STATUS_FLAG,
		b.MESSAGE_TYPE,
		b.RELATION_FEEDBACK_ID,
		b.START_INDEX,
		b.END_INDEX
		<include refid="queryBizCondition" />
		) b
		<!-- update gcj 2017-04-06 Release V1.0 NO.403 start -->
		<include refid="showHistoryAndBusiCompleteCond" />
		<!-- update gcj 2017-04-06 Release V1.0 NO.403 end -->
		ORDER BY b.SEQ_NUM DESC,
		b.FILE_SEND_DATE DESC,
		b.REPORT_BATCH_NO DESC
	</select>

	<select id="selectQryCounts" parameterClass="com.synesoft.cci.app.form.cbm.CciBankAcceptBusiInfoForm"
		resultClass="java.lang.Integer">
		<!-- update gcj 2017-04-06 Release V1.0 NO.403 start -->
		select count(1)
		FROM (
			select a.SEQ_NUM AS SEQ_NUM,
				b.BRANCH_ID AS BRANCH_ID,
				a.LOAN_CARD_NO AS LOAN_CARD_NO,
				a.BUSI_DATE AS BUSI_DATE,
				a.DRAFT_NO AS DRAFT_NO,
                a.DRAFT_STATUS AS DRAFT_STATUS
			<include refid="queryCondition" />
	UNION ALL
	SELECT null AS SEQ_NUM,
	b.BRANCH_ID AS BRANCH_ID,
	a.LOAN_CARD_NO
	AS LOAN_CARD_NO,
	a.BUSI_DATE AS BUSI_DATE,
	a.DRAFT_NO AS
	DRAFT_NO,
	a.DRAFT_STATUS AS DRAFT_STATUS
			<include refid="queryBizCondition"/>
		) b
		<include refid="showHistoryAndBusiCompleteCond" />
		<!-- update gcj 2017-04-06 Release V1.0 NO.403 end -->
	</select>
	
	<select id="selectList"
		parameterClass="com.synesoft.cci.app.form.cbm.CciBankAcceptBusiInfoForm"
		resultMap="CciBankAcceptBusiInfoFormResult">
		<!-- update by ld at 20160902 Release V1.0 NO.109-->
		select a.*
		<include refid="CCI_COM_REPORT_SYSTEM_FIELD.selectReportHistoryField"/>
		<include refid="queryCondition" />
		ORDER BY a.seq_Num DESC
	</select>

	<select id="selectCounts"
		parameterClass="com.synesoft.cci.app.form.cbm.CciBankAcceptBusiInfoForm"
		resultClass="java.lang.Integer">
		select count(*)
		<include refid="queryCondition" />
	</select>
</sqlMap>
