<?xml version="1.0" encoding="UTF-8" ?>
<!DOCTYPE sqlMap PUBLIC "-//ibatis.apache.org//DTD SQL Map 2.0//EN" "http://ibatis.apache.org/dtd/sql-map-2.dtd" >
<sqlMap namespace="CCI_ORGINFO_ORG_STATUS">
	
	<resultMap id="CciOrginfoOrgStatusFormResult1"
		class="com.synesoft.cci.app.form.obm.CciOrginfoOrgStatusForm">
		<result column="SYS_CTL_ID" property="sysCtlId" jdbcType="VARCHAR" />
		<result column="CUSTOMER_CODE" property="customerCode" jdbcType="VARCHAR" />
		<result column="BASIC_STATUS" property="basicStatus" jdbcType="VARCHAR" />
		<result column="ENTERPRISE_SCALE" property="enterpriseScale" jdbcType="VARCHAR" />
		<result column="ORG_STATUS" property="orgStatus" jdbcType="VARCHAR" />
		<result column="INFORMATION_UPDATE_DATE_D" property="informationUpdateDateD" jdbcType="VARCHAR" />
		<result column="RSV_D" property="rsvD" jdbcType="VARCHAR" />
		<result column="PARENT_I" property="parentI" jdbcType="VARCHAR" />
		<result column="FILE_SEND_DATE" property="fileSendDate"
			jdbcType="VARCHAR" />
		<result column="REPORT_BATCH_NO" property="reportBatchNo"
			jdbcType="VARCHAR" />
		<result column="MSG_RECORD_TRACKING_NO" property="msgRecordTrackingNo"
			jdbcType="VARCHAR" />
		<result column="MSG_RECORD_OPERATE_TYPE" property="msgRecordOperateType"
			jdbcType="VARCHAR" />
		<result column="MSG_RECORD_ROW" property="msgRecordRow"
			jdbcType="VARCHAR" />
		<result column="REPORT_FLAG" property="reportFlag" jdbcType="VARCHAR" />
		<result column="FEEDBACK_FLAG" property="feedbackFlag"
			jdbcType="VARCHAR" />
		<result column="DEPT_ID" property="deptId" jdbcType="VARCHAR" />
		<result column="OPERATING_STATE" property="operatingState"
			jdbcType="VARCHAR" />
		<result column="REPORT_FILE_TYPE" property="reportFileType"
			jdbcType="VARCHAR" />
		<result column="MSG_RECORD_TYPE" property="msgRecordType"
			jdbcType="VARCHAR" />
		<result column="BRANCH_ID" property="branchId" jdbcType="VARCHAR" />
		<result column="BRANCH_NO" property="branchNo" jdbcType="VARCHAR" />
		<result column="RELATION_SYS_CTL_ID" property="relationSysCtlId"
			jdbcType="VARCHAR" />
		<result column="RELATION_FEEDBACK_ID" property="relationFeedbackId" jdbcType="VARCHAR"/>
		<result column="ORG_BASIC_FEEDBACK_FLAG" property="orgBasicFeedbackFlag"
			jdbcType="VARCHAR" />
		<result column="OPERATE_TIME" property="operateTime" jdbcType="VARCHAR" />
		<result column="OPERATER" property="operater" jdbcType="VARCHAR" />
		<result column="CHECK_TIME" property="checkTime" jdbcType="VARCHAR" />
		<result column="CHECK_OPERATOR" property="checkOperator"
			jdbcType="VARCHAR" />
		<result column="CHECK_ADD_MSG" property="checkAddMsg" jdbcType="VARCHAR" />
		<result column="LAST_UPDATE_TIME" property="lastUpdateTime"
			jdbcType="VARCHAR" />
		<result column="LAST_UPDATER" property="lastUpdater" jdbcType="VARCHAR" />
		<result column="LOGIC_DELETE_FLAG" property="logicDeleteFlag"
			jdbcType="VARCHAR" />
		<result column="RECORD_STATUS_FLAG" property="recordStatusFlag"
			jdbcType="VARCHAR" />
		<result column="MESSAGE_TYPE" property="messageType" jdbcType="VARCHAR" />
		<result column="DTL_NUM_A" property="dtlNumA" jdbcType="VARCHAR" />
		<result column="DTL_NUM_B" property="dtlNumB" jdbcType="VARCHAR" />
		<result column="DTL_NUM_C" property="dtlNumC" jdbcType="VARCHAR" />
		<result column="DTL_NUM_D" property="dtlNumD" jdbcType="VARCHAR" />
		<result column="STATE_FLAG" property="stateFlag" jdbcType="VARCHAR" />
	</resultMap>
	<resultMap id="CciOrginfoOrgStatusFormResult"
		class="com.synesoft.cci.app.form.obm.CciOrginfoOrgStatusForm" extends="CCI_ORGINFO_ORG_STATUS.CciOrginfoOrgStatusFormResult1">
		<result column="ORG_CN_NAME" property="orgCnName" jdbcType="VARCHAR" />
		<result column="ORG_EN_NAME" property="orgEnName" jdbcType="VARCHAR" />
	</resultMap>
	
	<!-- add by yb 2017-05-04 Release V1.0 NO.444 start -->
	<sql id="queryCondition">
	    where 1=1
		<dynamic>
			<isNotEmpty prepend="and" property="orgInfList">
				<iterate property="orgInfList" open="f.BRANCH_NO IN ("
					close=")" conjunction=",">
					#orgInfList[]#
				</iterate>
			</isNotEmpty>
			<isNotEmpty prepend="and" property="branchId">
				f.BRANCH_ID =
				#branchId:VARCHAR#
			</isNotEmpty>
			<!-- add by yb 2016-12-01 Release V1.0 NO.B9 start -->
			<isNotEmpty prepend="and" property="informationUpdateDateDStart">
				<![CDATA[b.INFORMATION_UPDATE_DATE_D >=]]> #informationUpdateDateDStart# 
			</isNotEmpty>
			<isNotEmpty prepend="and" property="informationUpdateDateDEnd">
				<![CDATA[b.INFORMATION_UPDATE_DATE_D <=]]> #informationUpdateDateDEnd#
			</isNotEmpty>
			<isNotEmpty prepend="and" property="fileSendDateStart">
				<![CDATA[f.FILE_SEND_DATE >=]]> #fileSendDateStart# 
			</isNotEmpty>
			<isNotEmpty prepend="and" property="fileSendDateEnd">
				<![CDATA[f.FILE_SEND_DATE <=]]> #fileSendDateEnd#
			</isNotEmpty>
			<!-- add by yb 2016-12-01 Release V1.0 NO.B9 end -->
			<isNotEmpty prepend="and" property="customerCode">
				b.CUSTOMER_CODE =
				#customerCode:VARCHAR#
			</isNotEmpty>
			<isNotEmpty prepend="and" property="orgCnName">
				c.ORG_CN_NAME =
				#orgCnName:VARCHAR#
			</isNotEmpty>
			<isNotEmpty prepend="and" property="orgEnName">
				c.ORG_EN_NAME =
				#orgEnName:VARCHAR#
			</isNotEmpty>
			<isNotEmpty prepend="and" property="feedbackFlag">
				f.FEEDBACK_FLAG =
				#feedbackFlag:VARCHAR#
			</isNotEmpty>
			<isNotEmpty prepend="and" property="operatingState">
				f.OPERATING_STATE =
				#operatingState:VARCHAR#
			</isNotEmpty>
			<isNotEmpty prepend="and" property="reportFlag">
				f.REPORT_FLAG =
				#reportFlag:VARCHAR#
			</isNotEmpty>
			<isNotEmpty prepend="and" property="opStsList">
				<iterate property="opStsList" open="f.OPERATING_STATE IN ("
					close=")" conjunction=",">
					#opStsList[]#
				</iterate>
			</isNotEmpty>
			<isNotEmpty prepend="and" property="feedbackFlagList">
				<iterate property="feedbackFlagList" open="f.FEEDBACK_FLAG IN ("
					close=")" conjunction=",">
					#feedbackFlagList[]#
				</iterate>
			</isNotEmpty>
		</dynamic>
		AND f.LOGIC_DELETE_FLAG NOT IN ('1')
	</sql>
	<!-- add by yb 2017-05-04 Release V1.0 NO.444 end -->
	
	<sql id="selectFrom">
		from ${SUBSYSTEM_SCHEMA}CCI_ORGINFO_ORG_STATUS b
		LEFT JOIN ${SUBSYSTEM_SCHEMA}CCI_REPORT_SYSTEM_CTL f on b.SYS_CTL_ID =
		f.SYS_CTL_ID
		LEFT JOIN (
			select a.SYS_CTL_ID as asysid,
			b.SYS_CTL_ID as bsysid
			from ${SUBSYSTEM_SCHEMA}CCI_ORGINFO_ORG_STATUS a
			INNER JOIN ${SUBSYSTEM_SCHEMA}CCI_ORGINFO_BASIC_PROPERTY b
			on a.PARENT_I = b.PARENT_I
			INNER JOIN ${SUBSYSTEM_SCHEMA}CCI_REPORT_SYSTEM_CTL d
			on d.SYS_CTL_ID = b.SYS_CTL_ID
			and d.LOGIC_DELETE_FLAG != '1'
			and d.FEEDBACK_FLAG != '4'
		) d
		ON b.SYS_CTL_ID = d.asysid
		LEFT JOIN ${SUBSYSTEM_SCHEMA}CCI_ORGINFO_BASIC_PROPERTY c
		on c.SYS_CTL_ID = d.bsysid
	</sql>
    
    <select id="selectByPrimaryKey" resultMap="CciOrginfoOrgStatusFormResult"
        parameterClass="com.synesoft.cci.app.form.obm.CciOrginfoOrgStatusForm">
		<!-- update by ld at 20160902 Release V1.0 NO.109-->
		select b.*, ORG_CN_NAME, ORG_EN_NAME
		<include refid="CCI_COM_REPORT_SYSTEM_FIELD.selectReportField"/>
        <include refid="selectFrom" />
        where 1=1
        <dynamic>
            <isNotEmpty prepend="and" property="sysCtlId">
                b.SYS_CTL_ID =
                #sysCtlId:VARCHAR#
            </isNotEmpty>
        </dynamic>
    </select>
    
    <select id="selectByCustmerCode" resultMap="CciOrginfoOrgStatusFormResult"
        parameterClass="com.synesoft.cci.app.form.obm.CciOrginfoOrgStatusForm">
		SELECT *
		<include refid="selectFrom" />
        where 1=1
        and f.LOGIC_DELETE_FLAG != '1'
        and f.FEEDBACK_FLAG != '4'
        <dynamic>
            <isNotEmpty prepend="and" property="customerCode">
                b.CUSTOMER_CODE =
                #customerCode:VARCHAR#
            </isNotEmpty>
        </dynamic>
    </select>
	
	<select id="selectCounts" parameterClass="com.synesoft.cci.app.form.obm.CciOrginfoOrgStatusForm"
		resultClass="java.lang.Integer">
		SELECT COUNT(*)
		<include refid="selectFrom" />
		<!-- add by yb 2017-05-04 Release V1.0 NO.444 start -->
		<include refid="queryCondition"/>
		<!-- add by yb 2017-05-04 Release V1.0 NO.444 end -->
	</select>
	
	<select id="selectList" resultMap="CciOrginfoOrgStatusFormResult"
		parameterClass="com.synesoft.cci.app.form.obm.CciOrginfoOrgStatusForm">
		<!-- update by ld at 20160902 Release V1.0 NO.109-->
		select b.*, ORG_CN_NAME, ORG_EN_NAME
		<include refid="CCI_COM_REPORT_SYSTEM_FIELD.selectReportField"/>
		<include refid="selectFrom" />
		<!-- add by yb 2017-05-04 Release V1.0 NO.444 start -->
		<include refid="queryCondition"/>
		<!-- add by yb 2017-05-04 Release V1.0 NO.444 end -->
		ORDER BY
		<!-- add by gl 20160612 Release V1.0 NO.6 start-->
		f.LAST_UPDATE_TIME DESC,
		<!-- add by gl 20160612 Release V1.0 NO.6 end-->
		b.SYS_CTL_ID DESC
	</select>
	
	<insert id="insert" parameterClass="com.synesoft.cci.app.form.obm.CciOrginfoOrgStatusForm">
	insert into ${SUBSYSTEM_SCHEMA}CCI_ORGINFO_ORG_STATUS (SYS_CTL_ID,
	CUSTOMER_CODE, BASIC_STATUS, ENTERPRISE_SCALE,
	ORG_STATUS,
	INFORMATION_UPDATE_DATE_D, RSV_D, STATE_FLAG, PARENT_I)
	values
	(#sysCtlId:VARCHAR#, #customerCode:VARCHAR#, #basicStatus:VARCHAR#,
	#enterpriseScale:VARCHAR#, #orgStatus:VARCHAR#,
	#informationUpdateDateD:VARCHAR#,
	#rsvD:VARCHAR#, #stateFlag:VARCHAR#, #parentI:VARCHAR#)
	</insert>
	
	<update id="updateByPrimaryKey" parameterClass="com.synesoft.cci.app.form.obm.CciOrginfoOrgStatusForm">
	update ${SUBSYSTEM_SCHEMA}CCI_ORGINFO_ORG_STATUS
	<dynamic prepend="set">
		<isNotNull prepend="," property="customerCode">
			CUSTOMER_CODE = #customerCode:VARCHAR#
		</isNotNull>
		<isNotNull prepend="," property="basicStatus">
			BASIC_STATUS = #basicStatus:VARCHAR#
		</isNotNull>
		<isNotNull prepend="," property="enterpriseScale">
			ENTERPRISE_SCALE = #enterpriseScale:VARCHAR#
		</isNotNull>
		<isNotNull prepend="," property="orgStatus">
			ORG_STATUS = #orgStatus:VARCHAR#
		</isNotNull>
		<isNotNull prepend="," property="informationUpdateDateD">
			INFORMATION_UPDATE_DATE_D = #informationUpdateDateD:VARCHAR#
		</isNotNull>
		<isNotNull prepend="," property="rsvD">
			RSV_D = #rsvD:VARCHAR#
		</isNotNull>
		<isNotNull prepend="," property="stateFlag">
			STATE_FLAG = #stateFlag:VARCHAR#
		</isNotNull>
		<isNotNull prepend="," property="parentI">
			PARENT_I = #parentI:VARCHAR#
		</isNotNull>
		<isNotEmpty prepend="," property="batDate">
			BAT_DATE = #batDate#
		</isNotEmpty>
	</dynamic>
	where
		SYS_CTL_ID = #sysCtlId:VARCHAR#
	AND EXISTS (
		select 1 from ${SUBSYSTEM_SCHEMA}CCI_REPORT_SYSTEM_CTL a
		where a.SYS_CTL_ID = CCI_ORGINFO_ORG_STATUS.SYS_CTL_ID
		AND a.FEEDBACK_FLAG != '4'
		AND a.LOGIC_DELETE_FLAG != '1'
	)
	</update>
    <!-- add by gcj Release V1.0 NO.90 金额更新成null 画面后台直连更新专用20160819 start-->
	<update id="updateByPrimaryKeyAll" parameterClass="com.synesoft.cci.app.form.obm.CciOrginfoOrgStatusForm">
		update ${SUBSYSTEM_SCHEMA}CCI_ORGINFO_ORG_STATUS
		<dynamic prepend="set">
			CUSTOMER_CODE = #customerCode:VARCHAR#,
			BASIC_STATUS = #basicStatus:VARCHAR#,
			ENTERPRISE_SCALE = #enterpriseScale:VARCHAR#,
			ORG_STATUS = #orgStatus:VARCHAR#,
			INFORMATION_UPDATE_DATE_D = #informationUpdateDateD:VARCHAR#,
			RSV_D = #rsvD:VARCHAR#,
			STATE_FLAG = #stateFlag:VARCHAR#,
			PARENT_I = #parentI:VARCHAR#
			<!-- add by gcj 20170103 Release V1.0 NO.299 start -->
			<isNotEmpty property="taskId">
				,TASK_ID=
				#taskId#
			</isNotEmpty>
			<isNotEmpty property="stepId">
				,STEP_ID =
				#stepId#
			</isNotEmpty>
			<isNotEmpty property="batDate">
				,BAT_DATE =
				#batDate#
			</isNotEmpty>
			<!-- add by gcj 20170103 Release V1.0 NO.299 end -->
		</dynamic>
		where
		SYS_CTL_ID = #sysCtlId:VARCHAR#
		AND EXISTS (
		select 1 from ${SUBSYSTEM_SCHEMA}CCI_REPORT_SYSTEM_CTL a
		where a.SYS_CTL_ID = CCI_ORGINFO_ORG_STATUS.SYS_CTL_ID
		AND a.FEEDBACK_FLAG != '4'
		AND a.LOGIC_DELETE_FLAG != '1'
		)
	</update>
    <!-- add by gcj Release V1.0 NO.90 金额更新成null 画面后台直连更新专用20160819 end-->
</sqlMap>