<?xml version="1.0" encoding="UTF-8" ?>
<!DOCTYPE sqlMap PUBLIC "-//ibatis.apache.org//DTD SQL Map 2.0//EN" "http://ibatis.apache.org/dtd/sql-map-2.dtd" >
<sqlMap namespace="CCI_BORROWER_CONCERINFO_BI">
	<resultMap id="cciBorrowerConcerinfoBiResult"
		class="com.synesoft.cci.domain.model.CciBorrowerConcerinfoBi">
		<!-- WARNING - This element is automatically generated by Abator for iBATIS, 
			do not modify. This element was generated on Fri Oct 30 15:02:44 CST 2015. -->
		<result column="SERIAL_NO" property="serialNo" jdbcType="VARCHAR" />
		<result column="SYS_CTL_ID" property="sysCtlId" jdbcType="VARCHAR" />
		<result column="IMPORTANT_RECORD_FLOW" property="importantRecordFlow"
			jdbcType="VARCHAR" />
		<result column="IMPORTANT_DESCRIPTION" property="importantDescription"
			jdbcType="VARCHAR" />
		<result column="CUSTOMER_CODE" property="customerCode"
			jdbcType="VARCHAR" />
		<result column="BORROWER_NAME" property="borrowerName"
			jdbcType="VARCHAR" />
		<result column="LOAN_CARD_NO" property="loanCardNo"
			jdbcType="VARCHAR" />
		<result column="BUSI_DATE" property="busiDate"
			jdbcType="VARCHAR" />
		<result column="STATUS_FLAG" property="statusFlag" jdbcType="VARCHAR" />
	</resultMap>

	<resultMap id="cciBorrowerConcerinfoBiFormResult"
		class="com.synesoft.cci.app.form.bbm.CciBorrowerConcerinfoBiForm">
		<!-- WARNING - This element is automatically generated by Abator for iBATIS, 
			do not modify. This element was generated on Fri Oct 30 15:02:44 CST 2015. -->
		<result column="RELATION_FEEDBACK_ID" property="relationFeedbackId" jdbcType="VARCHAR"/>
		<result column="SERIAL_NO" property="serialNo" jdbcType="VARCHAR" />
		<result column="SYS_CTL_ID" property="sysCtlId" jdbcType="VARCHAR" />
		<result column="IMPORTANT_RECORD_FLOW" property="importantRecordFlow"
			jdbcType="VARCHAR" />
		<result column="IMPORTANT_DESCRIPTION" property="importantDescription"
			jdbcType="VARCHAR" />
		<result column="CUSTOMER_CODE" property="customerCode"
			jdbcType="VARCHAR" />
		<result column="BORROWER_NAME" property="borrowerName"
			jdbcType="VARCHAR" />
		<result column="LOAN_CARD_NO" property="loanCardNo"
			jdbcType="VARCHAR" />
		<result column="BUSI_DATE" property="busiDate"
			jdbcType="VARCHAR" />
		<result column="STATUS_FLAG" property="statusFlag" jdbcType="VARCHAR" />
		<result column="FILE_SEND_DATE" property="fileSendDate"
			jdbcType="VARCHAR" />
		<result column="REPORT_BATCH_NO" property="reportBatchNo"
			jdbcType="VARCHAR" />
		<result column="MSG_RECORD_TRACKING_NO" property="msgRecordTrackingNo"
			jdbcType="VARCHAR" />
		<result column="MSG_RECORD_OPERATE_TYPE" property="msgRecordOperateType"
			jdbcType="VARCHAR" />
		<result column="MSG_RECORD_ROW" property="msgRecordRow"
			jdbcType="VARCHAR" />
		<result column="REPORT_FLAG" property="reportFlag" jdbcType="VARCHAR" />
		<result column="FEEDBACK_FLAG" property="feedbackFlag"
			jdbcType="VARCHAR" />
		<result column="DEPT_ID" property="deptId" jdbcType="VARCHAR" />
		<result column="OPERATING_STATE" property="operatingState"
			jdbcType="VARCHAR" />
		<result column="REPORT_FILE_TYPE" property="reportFileType"
			jdbcType="VARCHAR" />
		<result column="MSG_RECORD_TYPE" property="msgRecordType"
			jdbcType="VARCHAR" />
		<result column="BRANCH_ID" property="branchId" jdbcType="VARCHAR" />
		<result column="BRANCH_NO" property="branchNo" jdbcType="VARCHAR" />
		<result column="RELATION_SYS_CTL_ID" property="relationSysCtlId"
			jdbcType="VARCHAR" />
		<result column="ORG_BASIC_FEEDBACK_FLAG" property="orgBasicFeedbackFlag"
			jdbcType="VARCHAR" />
		<result column="OPERATE_TIME" property="operateTime" jdbcType="VARCHAR" />
		<result column="OPERATER" property="operater" jdbcType="VARCHAR" />
		<result column="CHECK_TIME" property="checkTime" jdbcType="VARCHAR" />
		<result column="CHECK_OPERATOR" property="checkOperator"
			jdbcType="VARCHAR" />
		<result column="CHECK_ADD_MSG" property="checkAddMsg" jdbcType="VARCHAR" />
		<result column="LAST_UPDATE_TIME" property="lastUpdateTime"
			jdbcType="VARCHAR" />
		<result column="LAST_UPDATER" property="lastUpdater" jdbcType="VARCHAR" />
		<result column="LOGIC_DELETE_FLAG" property="logicDeleteFlag"
			jdbcType="VARCHAR" />
		<result column="RECORD_STATUS_FLAG" property="recordStatusFlag"
			jdbcType="VARCHAR" />
		<result column="MESSAGE_TYPE" property="messageType" jdbcType="VARCHAR" />
		<result column="DTL_NUM_A" property="dtlNumA" jdbcType="VARCHAR" />
		<result column="DTL_NUM_B" property="dtlNumB" jdbcType="VARCHAR" />
		<result column="DTL_NUM_C" property="dtlNumC" jdbcType="VARCHAR" />
		<result column="DTL_NUM_D" property="dtlNumD" jdbcType="VARCHAR" />
		<result column="PARENT_I" property="parentI" jdbcType="VARCHAR" />
	</resultMap>
	<!-- add by yb 2017-05-04 Release V1.0 NO.444 start -->
	<sql id="queryCondition">
	    from ${SUBSYSTEM_SCHEMA}CCI_BORROWER_CONCERINFO_BI a join
		${SUBSYSTEM_SCHEMA}CCI_REPORT_SYSTEM_CTL b
		on a.SYS_CTL_ID =
		b.SYS_CTL_ID
		where 1=1
		<dynamic>
			<isNotEmpty prepend="and" property="orgInfList">
				<iterate property="orgInfList" open="b.BRANCH_NO IN ("
					close=")" conjunction=",">
					#orgInfList[]#
				</iterate>
			</isNotEmpty>
			<isNotEmpty prepend="and" property="branchId">
				b.BRANCH_ID =
				#branchId:VARCHAR#
			</isNotEmpty>
			<!-- add by yb 2016-11-30 Release V1.0 NO.B9 start -->
			<isNotEmpty prepend="and" property="busiDateStart">
				<![CDATA[a.BUSI_DATE >=]]> #busiDateStart# 
			</isNotEmpty>
			<isNotEmpty prepend="and" property="busiDateEnd">
				<![CDATA[a.BUSI_DATE <=]]> #busiDateEnd#
			</isNotEmpty>
			<isNotEmpty prepend="and" property="fileSendDateStart">
				<![CDATA[b.FILE_SEND_DATE >=]]> #fileSendDateStart# 
			</isNotEmpty>
			<isNotEmpty prepend="and" property="fileSendDateEnd">
				<![CDATA[b.FILE_SEND_DATE <=]]> #fileSendDateEnd#
			</isNotEmpty>
			<!-- add by yb 2016-11-30 Release V1.0 NO.B9 end -->
			<isNotEmpty prepend="and" property="customerCode">
				a.CUSTOMER_CODE =
				#customerCode:VARCHAR#
			</isNotEmpty>
			<isNotEmpty prepend="and" property="importantRecordFlow">
				a.IMPORTANT_RECORD_FLOW = #importantRecordFlow:VARCHAR#
			</isNotEmpty>
			<isNotEmpty prepend="and" property="feedbackFlag">
				b.FEEDBACK_FLAG =
				#feedbackFlag:VARCHAR#
			</isNotEmpty>
			<isNotEmpty prepend="and" property="operatingState">
				b.OPERATING_STATE =
				#operatingState:VARCHAR#
			</isNotEmpty>
			<isNotEmpty prepend="and" property="reportFlag">
				b.REPORT_FLAG =
				#reportFlag:VARCHAR#
			</isNotEmpty>
			<isNotEmpty prepend="and" property="opStsList">
				<iterate property="opStsList" open="b.OPERATING_STATE IN ("
					close=")" conjunction=",">
					#opStsList[]#
				</iterate>
			</isNotEmpty>
			<isNotEmpty prepend="and" property="feedbackFlagList">
				<iterate property="feedbackFlagList" open="b.FEEDBACK_FLAG IN ("
					close=")" conjunction=",">
					#feedbackFlagList[]#
				</iterate>
			</isNotEmpty>
		</dynamic>
		AND b.LOGIC_DELETE_FLAG NOT IN ('1')
	</sql>
	<!-- add by yb 2017-05-04 Release V1.0 NO.444 end -->

	<select id="selectByPrimaryKey" resultMap="cciBorrowerConcerinfoBiFormResult"
		parameterClass="com.synesoft.cci.app.form.bbm.CciBorrowerConcerinfoBiForm">
		<!-- update by ld at 20160902 Release V1.0 NO.109-->
		select a.*
		<include refid="CCI_COM_REPORT_SYSTEM_FIELD.selectReportField"/>
		from ${SUBSYSTEM_SCHEMA}CCI_BORROWER_CONCERINFO_BI a join
		${SUBSYSTEM_SCHEMA}CCI_REPORT_SYSTEM_CTL b
		on a.SYS_CTL_ID =
		b.SYS_CTL_ID
		where 1=1
		<dynamic>
			<isNotEmpty prepend="and" property="sysCtlId">
				a.SYS_CTL_ID =
				#sysCtlId:VARCHAR#
			</isNotEmpty>
		</dynamic>
	</select>

	<select id="selectCounts"
		parameterClass="com.synesoft.cci.app.form.bbm.CciBorrowerConcerinfoBiForm"
		resultClass="java.lang.Integer">
		select count(*) 
		<!-- add by yb 2017-05-04 Release V1.0 NO.444 start -->
		<include refid="queryCondition"/>
		<!-- add by yb 2017-05-04 Release V1.0 NO.444 end -->
	</select>

	<select id="selectList" resultMap="cciBorrowerConcerinfoBiFormResult"
		parameterClass="com.synesoft.cci.app.form.bbm.CciBorrowerConcerinfoBiForm">
		<!-- update by ld at 20160902 Release V1.0 NO.109-->
		select a.*
		<include refid="CCI_COM_REPORT_SYSTEM_FIELD.selectReportField"/>
		<!-- add by yb 2017-05-04 Release V1.0 NO.444 start -->
		<include refid="queryCondition"/>
		<!-- add by yb 2017-05-04 Release V1.0 NO.444 end -->
		ORDER BY 
			<!-- add by gl 20160612 Release V1.0 NO.6 start--> 
			b.LAST_UPDATE_TIME DESC,
			<!-- add by gl 20160612 Release V1.0 NO.6 end-->
			a.SYS_CTL_ID DESC
	</select>

	<insert id="insert"
		parameterClass="com.synesoft.cci.app.form.bbm.CciBorrowerConcerinfoBiForm">
		<!-- WARNING - This element is automatically generated by Abator for iBATIS, 
			do not modify. This element was generated on Fri Oct 30 15:02:44 CST 2015. -->
		insert into ${SUBSYSTEM_SCHEMA}CCI_BORROWER_CONCERINFO_BI (SERIAL_NO,
		SYS_CTL_ID, IMPORTANT_RECORD_FLOW,
		IMPORTANT_DESCRIPTION,
		CUSTOMER_CODE, STATUS_FLAG, BORROWER_NAME, LOAN_CARD_NO, BUSI_DATE)
		values (#serialNo:VARCHAR#,
		#sysCtlId:VARCHAR#,
		#importantRecordFlow:VARCHAR#,
		#importantDescription:VARCHAR#, #customerCode:VARCHAR#,
		#statusFlag:VARCHAR#, #borrowerName:VARCHAR#, #loanCardNo:VARCHAR#, #busiDate:VARCHAR#)
	</insert>
	<update id="updateByPrimaryKey"
		parameterClass="com.synesoft.cci.app.form.bbm.CciBorrowerConcerinfoBiForm">
		<!-- WARNING - This element is automatically generated by Abator for iBATIS, 
			do not modify. This element was generated on Fri Oct 30 15:02:44 CST 2015. -->
		update ${SUBSYSTEM_SCHEMA}CCI_BORROWER_CONCERINFO_BI
		set
		IMPORTANT_RECORD_FLOW = #importantRecordFlow:VARCHAR#,
		IMPORTANT_DESCRIPTION = #importantDescription:VARCHAR#,
		CUSTOMER_CODE = #customerCode:VARCHAR#,
		STATUS_FLAG = #statusFlag:VARCHAR#,
		BORROWER_NAME = #borrowerName:VARCHAR#,
		LOAN_CARD_NO = #loanCardNo:VARCHAR#,
		BUSI_DATE = #busiDate#
		<isNotEmpty prepend="," property="batDate">
			BAT_DATE = #batDate#
		</isNotEmpty>
		where
		<!-- SERIAL_NO = #serialNo:VARCHAR# and 无用字段 add by gcj 20160316-->
   		SYS_CTL_ID = #sysCtlId:VARCHAR#
	</update>
    
    <!-- add by gcj Release V1.0 NO.90 金额更新成null 画面后台直连更新专用20160819 start-->
	<update id="updateByPrimaryKeyAll"
		parameterClass="com.synesoft.cci.app.form.bbm.CciBorrowerConcerinfoBiForm">
		<!-- WARNING - This element is automatically generated by Abator for iBATIS,
			do not modify. This element was generated on Fri Oct 30 15:02:44 CST 2015. -->
		update ${SUBSYSTEM_SCHEMA}CCI_BORROWER_CONCERINFO_BI
		set
		IMPORTANT_RECORD_FLOW = #importantRecordFlow:VARCHAR#,
		IMPORTANT_DESCRIPTION = #importantDescription:VARCHAR#,
		CUSTOMER_CODE = #customerCode:VARCHAR#,
		STATUS_FLAG = #statusFlag:VARCHAR#,
		BORROWER_NAME = #borrowerName:VARCHAR#,
		LOAN_CARD_NO = #loanCardNo:VARCHAR#,
		BUSI_DATE = #busiDate#
		<!-- add by gcj 20170103 Release V1.0 NO.299 start -->
			<isNotEmpty property="taskId">
				,TASK_ID=
				#taskId#
			</isNotEmpty>
			<isNotEmpty property="stepId">
				,STEP_ID =
				#stepId#
			</isNotEmpty>
			<isNotEmpty property="batDate">
				,BAT_DATE =
				#batDate#
			</isNotEmpty>
			<!-- add by gcj 20170103 Release V1.0 NO.299 end -->
		where
		<!-- SERIAL_NO = #serialNo:VARCHAR# and 无用字段 add by gcj 20160316-->
		SYS_CTL_ID = #sysCtlId:VARCHAR#
	</update>
    <!-- add by gcj Release V1.0 NO.90 金额更新成null 画面后台直连更新专用20160819 end-->

<update id="updateBySuperKey"
    parameterClass="com.synesoft.cci.app.form.bbm.CciBorrowerConcerinfoBiForm">
    UPDATE ${SUBSYSTEM_SCHEMA}CCI_BORROWER_CONCERINFO_BI
    <dynamic prepend="set">
        <isNotNull prepend="," property="customerCode">
            CUSTOMER_CODE =
            #customerCode#
        </isNotNull>
    </dynamic>
    where 1=1
    <dynamic>
        <isNotEmpty prepend="and" property="parentI">
            PARENT_I = #parentI#
        </isNotEmpty>
    </dynamic>
</update>

<!-- 更新控制表父sysCtlId的dtlNum -->
	<update id="updateParentBySuperKey"
		parameterClass="com.synesoft.cci.app.form.bbm.CciBorrowerConcerinfoBiForm">
		UPDATE ${SUBSYSTEM_SCHEMA}CCI_REPORT_SYSTEM_CTL
		SET
		DTL_NUM_B = (
		select
		count(*) from ${SUBSYSTEM_SCHEMA}cci_report_system_ctl
		where sys_ctl_id in (
		select
		t.sys_ctl_id from ${SUBSYSTEM_SCHEMA}CCI_BORROWER_CONCERINFO_BI t
		where 1=1
		<dynamic>
			<isNotEmpty prepend="and" property="parentI">
				t.parent_I=#parentI#
			</isNotEmpty>
		</dynamic>
		)
		and operating_state ='21'
		and logic_delete_flag !='1'
		)
		where 1=1
		<isNotEmpty prepend="and" property="parentI">
			sys_ctl_id = #parentI#
			<!-- add by gcj 20160617 Release V1.0 NO.27 start -->
			AND DTL_NUM_B != (
				select count(*)
				from ${SUBSYSTEM_SCHEMA}cci_report_system_ctl
				where sys_ctl_id in
				(
					select
					t.sys_ctl_id from ${SUBSYSTEM_SCHEMA}CCI_BORROWER_CONCERINFO_BI t
					where t.parent_I=#parentI#
				)
				and operating_state ='21'
				and logic_delete_flag !='1'
			)
			<!-- add by gcj 20160617 Release V1.0 NO.27 end -->
		</isNotEmpty>
	</update>

	<select id="selectParentCounts"
		parameterClass="com.synesoft.cci.app.form.bbm.CciBorrowerConcerinfoBiForm"
		resultClass="java.lang.Integer">
		select COUNT(*) from ${SUBSYSTEM_SCHEMA}CCI_BORROWER_CONCERINFO_BI a
		left join ${SUBSYSTEM_SCHEMA}CCI_REPORT_SYSTEM_CTL b
		on
		a.sys_ctl_id=b.sys_ctl_id
		where 1=1
		<dynamic>
			<isNotEmpty prepend="and" property="parentI">
				a.parent_I = #parentI#
			</isNotEmpty>
			<isNotEmpty prepend="and" property="opStsList">
				<iterate property="opStsList" open="b.OPERATING_STATE NOT IN ("
					close=")" conjunction=",">
					#opStsList[]#
				</iterate>
			</isNotEmpty>
		</dynamic>
		<!-- 逻辑删除标志 -->
		AND b.LOGIC_DELETE_FLAG NOT IN ('1')
	</select>

	<delete id="deleteByPrimaryKeyLogic"
		parameterClass="com.synesoft.cci.app.form.bbm.CciBorrowerConcerinfoBiForm">
		<!-- WARNING - This element is automatically generated by Abator for iBATIS, 
			do not modify. This element was generated on Fri Oct 30 15:02:44 CST 2015. -->
		update ${SUBSYSTEM_SCHEMA}CCI_REPORT_SYSTEM_CTL set
		LOGIC_DELETE_FLAG =
		#logicDeleteFlag:VARCHAR#
		where SYS_CTL_ID = #sysCtlId:VARCHAR#
	</delete>

	<delete id="deleteByPrimaryKey"
		parameterClass="com.synesoft.cci.app.form.bbm.CciBorrowerConcerinfoBiForm">
		<!-- WARNING - This element is automatically generated by Abator for iBATIS, 
			do not modify. This element was generated on Fri Oct 30 15:02:44 CST 2015. -->
		delete from ${SUBSYSTEM_SCHEMA}CCI_BORROWER_CONCERINFO_BI
		where SYS_CTL_ID =
		#sysCtlId:VARCHAR#
	</delete>

	<update id="optState"
		parameterClass="com.synesoft.cci.app.form.bbm.CciBorrowerConcerinfoBiForm">
		<!-- WARNING - This element is automatically generated by Abator for iBATIS, 
			do not modify. This element was generated on Fri Oct 30 15:02:44 CST 2015. -->
		update ${SUBSYSTEM_SCHEMA}CCI_REPORT_SYSTEM_CTL set
		LOGIC_DELETE_FLAG =
		#logicDeleteFlag:VARCHAR#
		where SYS_CTL_ID = #sysCtlId:VARCHAR#
	</update>

	<select id="getReportData" parameterClass="java.util.Map"
		resultMap="cciBorrowerConcerinfoBiFormResult">
		select *
		from ${SUBSYSTEM_SCHEMA}CCI_BORROWER_CONCERINFO_BI
		t1
		join ${SUBSYSTEM_SCHEMA}CCI_REPORT_SYSTEM_CTL t2
		on t1.SYS_CTL_ID =
		t2.SYS_CTL_ID
		where 1 = 1
		and t1.PARENT_I =
		#sysCtl#
	</select>

</sqlMap>
