<?xml version="1.0" encoding="UTF-8" ?>
<!DOCTYPE sqlMap PUBLIC "-//ibatis.apache.org//DTD SQL Map 2.0//EN" "http://ibatis.apache.org/dtd/sql-map-2.dtd" >
<sqlMap namespace="CCI_BORROWER_CONCERINFO_BA">
	<resultMap id="cciBorrowerConcerinfoBaResult"
		class="com.synesoft.cci.domain.model.CciBorrowerConcerinfoBa">
		<!-- WARNING - This element is automatically generated by Abator for iBATIS, 
			do not modify. This element was generated on Fri Oct 30 15:02:44 CST 2015. -->
		<result column="SYS_CTL_ID" property="sysCtlId" jdbcType="VARCHAR" />
		<result column="BORROWER_NAME" property="borrowerName"
			jdbcType="VARCHAR" />
		<result column="LOAN_CARD_NO" property="loanCardNo" jdbcType="VARCHAR" />
		<result column="BUSI_DATE" property="busiDate" jdbcType="VARCHAR" />
		<result column="CUSTOMER_CODE" property="customerCode"
			jdbcType="VARCHAR" />
	</resultMap>
	<resultMap id="cciBorrowerConcerinfoBaFormResult"
		class="com.synesoft.cci.app.form.bbm.CciBorrowerConcerinfoBaForm">
		<!-- WARNING - This element is automatically generated by Abator for iBATIS, 
			do not modify. This element was generated on Fri Oct 30 15:02:44 CST 2015. -->
		<result column="SYS_CTL_ID" property="sysCtlId" jdbcType="VARCHAR" />
		<result column="BORROWER_NAME" property="borrowerName"
			jdbcType="VARCHAR" />
		<result column="LOAN_CARD_NO" property="loanCardNo" jdbcType="VARCHAR" />
		<result column="BUSI_DATE" property="busiDate" jdbcType="VARCHAR" />
		<result column="CUSTOMER_CODE" property="customerCode"
			jdbcType="VARCHAR" />
		<result column="FILE_SEND_DATE" property="fileSendDate"
			jdbcType="VARCHAR" />
		<result column="REPORT_BATCH_NO" property="reportBatchNo"
			jdbcType="VARCHAR" />
		<result column="MSG_RECORD_TRACKING_NO" property="msgRecordTrackingNo"
			jdbcType="VARCHAR" />
		<result column="MSG_RECORD_OPERATE_TYPE" property="msgRecordOperateType"
			jdbcType="VARCHAR" />
		<result column="MSG_RECORD_ROW" property="msgRecordRow"
			jdbcType="VARCHAR" />
		<result column="REPORT_FLAG" property="reportFlag" jdbcType="VARCHAR" />
		<result column="FEEDBACK_FLAG" property="feedbackFlag"
			jdbcType="VARCHAR" />
		<result column="DEPT_ID" property="deptId" jdbcType="VARCHAR" />
		<result column="OPERATING_STATE" property="operatingState"
			jdbcType="VARCHAR" />
		<result column="REPORT_FILE_TYPE" property="reportFileType"
			jdbcType="VARCHAR" />
		<result column="MSG_RECORD_TYPE" property="msgRecordType"
			jdbcType="VARCHAR" />
		<result column="BRANCH_ID" property="branchId" jdbcType="VARCHAR" />
		<result column="BRANCH_NO" property="branchNo" jdbcType="VARCHAR" />
		<result column="RELATION_SYS_CTL_ID" property="relationSysCtlId"
			jdbcType="VARCHAR" />
		<result column="ORG_BASIC_FEEDBACK_FLAG" property="orgBasicFeedbackFlag"
			jdbcType="VARCHAR" />
		<result column="OPERATE_TIME" property="operateTime" jdbcType="VARCHAR" />
		<result column="OPERATER" property="operater" jdbcType="VARCHAR" />
		<result column="CHECK_TIME" property="checkTime" jdbcType="VARCHAR" />
		<result column="CHECK_OPERATOR" property="checkOperator"
			jdbcType="VARCHAR" />
		<result column="CHECK_ADD_MSG" property="checkAddMsg" jdbcType="VARCHAR" />
		<result column="LAST_UPDATE_TIME" property="lastUpdateTime"
			jdbcType="VARCHAR" />
		<result column="LAST_UPDATER" property="lastUpdater" jdbcType="VARCHAR" />
		<result column="LOGIC_DELETE_FLAG" property="logicDeleteFlag"
			jdbcType="VARCHAR" />
		<result column="RECORD_STATUS_FLAG" property="recordStatusFlag"
			jdbcType="VARCHAR" />
		<result column="MESSAGE_TYPE" property="messageType" jdbcType="VARCHAR" />
		<result column="DTL_NUM_A" property="dtlNumA" jdbcType="VARCHAR" />
		<result column="DTL_NUM_B" property="dtlNumB" jdbcType="VARCHAR" />
		<result column="DTL_NUM_C" property="dtlNumC" jdbcType="VARCHAR" />
		<result column="DTL_NUM_D" property="dtlNumD" jdbcType="VARCHAR" />
		<result column="RELATION_FEEDBACK_ID" property="relationFeedbackId" jdbcType="VARCHAR"/>
	</resultMap>
	<!-- add by yb 2017-05-04 Release V1.0 NO.444 start -->
	<sql id="queryCondition">
	    from ${SUBSYSTEM_SCHEMA}CCI_BORROWER_CONCERINFO_BA a
		join ${SUBSYSTEM_SCHEMA}CCI_REPORT_SYSTEM_CTL b
		on a.SYS_CTL_ID =
		b.SYS_CTL_ID
		where 1=1
		<dynamic>
			<isNotEmpty prepend="and" property="orgInfList">
				<iterate property="orgInfList" open="b.BRANCH_NO IN ("
					close=")" conjunction=",">
					#orgInfList[]#
				</iterate>
			</isNotEmpty>
			<isNotEmpty prepend="and" property="branchId">
				b.BRANCH_ID =
				#branchId:VARCHAR#
			</isNotEmpty>
			<isNotEmpty prepend="and" property="customerCode">
				a.CUSTOMER_CODE =
				#customerCode:VARCHAR#
			</isNotEmpty>
			<isNotEmpty prepend="and" property="busiDate">
				a.BUSI_DATE =
				#busiDate:VARCHAR#
			</isNotEmpty>
			<isNotEmpty prepend="and" property="feedbackFlag">
				b.FEEDBACK_FLAG =
				#feedbackFlag:VARCHAR#
			</isNotEmpty>
			<isNotEmpty prepend="and" property="operatingState">
				b.OPERATING_STATE =
				#operatingState:VARCHAR#
			</isNotEmpty>
			<isNotEmpty prepend="and" property="reportFlag">
				b.REPORT_FLAG =
				#reportFlag:VARCHAR#
			</isNotEmpty>
			<isNotEmpty prepend="and" property="opStsList">
				<iterate property="opStsList" open="b.OPERATING_STATE IN ("
					close=")" conjunction=",">
					#opStsList[]#
				</iterate>
			</isNotEmpty>
			<isNotEmpty prepend="and" property="feedbackFlagList">
				<iterate property="feedbackFlagList" open="b.FEEDBACK_FLAG IN ("
					close=")" conjunction=",">
					#feedbackFlagList[]#
				</iterate>
			</isNotEmpty>
		</dynamic>
		AND b.LOGIC_DELETE_FLAG NOT IN ('1')
	</sql>
	<!-- add by yb 2017-05-04 Release V1.0 NO.444 end -->

	<select id="selectByPrimaryKey" resultMap="cciBorrowerConcerinfoBaFormResult"
		parameterClass="com.synesoft.cci.app.form.bbm.CciBorrowerConcerinfoBaForm">
		<!-- update by ld at 20160902 Release V1.0 NO.109-->
		select a.*
		<include refid="CCI_COM_REPORT_SYSTEM_FIELD.selectReportField"/>
		from ${SUBSYSTEM_SCHEMA}CCI_BORROWER_CONCERINFO_BA a 
		inner join ${SUBSYSTEM_SCHEMA}CCI_REPORT_SYSTEM_CTL b
		on a.SYS_CTL_ID =
		b.SYS_CTL_ID
		where 1=1
		<dynamic>
			<isNotEmpty prepend="and" property="sysCtlId">
				a.SYS_CTL_ID =
				#sysCtlId:VARCHAR#
			</isNotEmpty>
		</dynamic>
	</select>

	<select id="selectByCustmer" resultMap="cciBorrowerConcerinfoBaFormResult"
			parameterClass="com.synesoft.cci.app.form.bbm.CciBorrowerConcerinfoBaForm">
		select * from ${SUBSYSTEM_SCHEMA}CCI_BORROWER_CONCERINFO_BA a join
		${SUBSYSTEM_SCHEMA}CCI_REPORT_SYSTEM_CTL b
		on a.SYS_CTL_ID =
		b.SYS_CTL_ID
		where 1=1
		<dynamic>
			<isNotEmpty prepend="and" property="customerCode">
				a.CUSTOMER_CODE =
				#customerCode:VARCHAR#
			</isNotEmpty>
			<isNotEmpty prepend="and" property="branchId">
				b.BRANCH_ID =
				#branchId:VARCHAR#
			</isNotEmpty>
		</dynamic>
	</select>

	<select id="selectCounts"
		parameterClass="com.synesoft.cci.app.form.bbm.CciBorrowerConcerinfoBaForm"
		resultClass="java.lang.Integer">
		select count(*) 
		<!-- add by yb 2017-05-04 Release V1.0 NO.444 start -->
		<include refid="queryCondition"/>
		<!-- add by yb 2017-05-04 Release V1.0 NO.444 end -->
	</select>

	<select id="selectList" resultMap="cciBorrowerConcerinfoBaFormResult"
		parameterClass="com.synesoft.cci.app.form.bbm.CciBorrowerConcerinfoBaForm">
		<!-- update by ld at 20160902 Release V1.0 NO.109-->
		select a.*
		<include refid="CCI_COM_REPORT_SYSTEM_FIELD.selectReportField"/>
		<!-- add by yb 2017-05-04 Release V1.0 NO.444 start -->
		<include refid="queryCondition"/>
		<!-- add by yb 2017-05-04 Release V1.0 NO.444 end -->
		ORDER BY
			<!-- add by gl 20160612 Release V1.0 NO.6 --> 
			b.LAST_UPDATE_TIME DESC,
			<!-- add by gl 20160612 Release V1.0 NO.6 -->
			a.SYS_CTL_ID DESC
	</select>

	<!-- update by gy 2016-06-24 Release V1.0 NO.43 start -->
	<update id="updateBySuperKey"
		parameterClass="com.synesoft.cci.app.form.bbm.CciBorrowerConcerinfoBaForm">
		UPDATE ${SUBSYSTEM_SCHEMA}CCI_REPORT_SYSTEM_CTL
		<dynamic prepend="set">
			<isNotNull prepend="," property="branchNo">
				BRANCH_NO = #branchNo#
			</isNotNull>
			<isNotNull prepend="," property="branchId">
				BRANCH_ID = #branchId#
			</isNotNull>
			<isNotNull prepend="," property="reportFlag">
				REPORT_FLAG = #reportFlag#
			</isNotNull>
			<isNotNull prepend="," property="feedbackFlag">
				FEEDBACK_FLAG = #feedbackFlag#
			</isNotNull>
			<isNotNull prepend="," property="operatingState">
				OPERATING_STATE = #operatingState#
			</isNotNull>
		</dynamic>
		where 1=1
		<dynamic>
			<isNotEmpty prepend="and" property="sysCtlId">
				sys_ctl_id in (
				select a.sys_ctl_id from ${SUBSYSTEM_SCHEMA}cci_borrower_concerinfo_bi a where
				a.parent_I=#sysCtlId#
				union select b.sys_Ctl_Id from
				${SUBSYSTEM_SCHEMA}cci_borrower_concerinfo_la b where
				b.parent_I=#sysCtlId#
				)
			</isNotEmpty>
		</dynamic>
		and LOGIC_DELETE_FLAG!='1'
	</update>
	<!-- update by gy 2016-06-24 Release V1.0 NO.43 end -->

	<insert id="insert"
		parameterClass="com.synesoft.cci.app.form.bbm.CciBorrowerConcerinfoBaForm">
		<!-- WARNING - This element is automatically generated by Abator for iBATIS, 
			do not modify. This element was generated on Fri Oct 30 15:02:44 CST 2015. -->
		insert into ${SUBSYSTEM_SCHEMA}CCI_BORROWER_CONCERINFO_BA (SYS_CTL_ID,
		BORROWER_NAME, LOAN_CARD_NO, BUSI_DATE,
		CUSTOMER_CODE)
		values
		(#sysCtlId:VARCHAR#, #borrowerName:VARCHAR#, #loanCardNo:VARCHAR#,
		#busiDate:VARCHAR#,
		#customerCode:VARCHAR#)
	</insert>
	<update id="updateByPrimaryKey"
		parameterClass="com.synesoft.cci.app.form.bbm.CciBorrowerConcerinfoBaForm">
		<!-- WARNING - This element is automatically generated by Abator for iBATIS, 
			do not modify. This element was generated on Fri Oct 30 15:02:44 CST 2015. -->
		update ${SUBSYSTEM_SCHEMA}CCI_BORROWER_CONCERINFO_BA
		set BORROWER_NAME
		= #borrowerName:VARCHAR#,
		LOAN_CARD_NO = #loanCardNo:VARCHAR#,
		BUSI_DATE = #busiDate:VARCHAR#,
		CUSTOMER_CODE = #customerCode:VARCHAR#
		<isNotEmpty prepend="," property="batDate">
			BAT_DATE = #batDate#
		</isNotEmpty>
		where SYS_CTL_ID = #sysCtlId:VARCHAR#
	</update>
    <!-- add by gcj Release V1.0 NO.90 金额更新成null 画面后台直连更新专用20160819 start-->
	<update id="updateByPrimaryKeyAll"
		parameterClass="com.synesoft.cci.app.form.bbm.CciBorrowerConcerinfoBaForm">
		<!-- WARNING - This element is automatically generated by Abator for iBATIS,
			do not modify. This element was generated on Fri Oct 30 15:02:44 CST 2015. -->
		update ${SUBSYSTEM_SCHEMA}CCI_BORROWER_CONCERINFO_BA
		set BORROWER_NAME
		= #borrowerName:VARCHAR#,
		LOAN_CARD_NO = #loanCardNo:VARCHAR#,
		BUSI_DATE = #busiDate:VARCHAR#,
		CUSTOMER_CODE = #customerCode:VARCHAR#
		<!-- add by gcj 20170103 Release V1.0 NO.299 start -->
			<isNotEmpty property="taskId">
				,TASK_ID=
				#taskId#
			</isNotEmpty>
			<isNotEmpty property="stepId">
				,STEP_ID =
				#stepId#
			</isNotEmpty>
			<isNotEmpty property="batDate">
				,BAT_DATE =
				#batDate#
			</isNotEmpty>
			<!-- add by gcj 20170103 Release V1.0 NO.299 end -->
		where SYS_CTL_ID = #sysCtlId:VARCHAR#
	</update>
    <!-- add by gcj Release V1.0 NO.90 金额更新成null 画面后台直连更新专用20160819 end-->

	<delete id="deleteByPrimaryKeyLogic"
		parameterClass="com.synesoft.cci.app.form.bbm.CciBorrowerConcerinfoBaForm">
		<!-- WARNING - This element is automatically generated by Abator for iBATIS, 
			do not modify. This element was generated on Fri Oct 30 15:02:44 CST 2015. -->
		update ${SUBSYSTEM_SCHEMA}CCI_REPORT_SYSTEM_CTL set
		LOGIC_DELETE_FLAG =
		#logicDeleteFlag:VARCHAR#
		where SYS_CTL_ID = #sysCtlId:VARCHAR#
	</delete>

	<delete id="deleteByPrimaryKey"
		parameterClass="com.synesoft.cci.app.form.bbm.CciBorrowerConcerinfoBaForm">
		<!-- WARNING - This element is automatically generated by Abator for iBATIS, 
			do not modify. This element was generated on Fri Oct 30 15:02:44 CST 2015. -->
		delete from ${SUBSYSTEM_SCHEMA}CCI_BORROWER_CONCERINFO_BA
		where SYS_CTL_ID =
		#sysCtlId:VARCHAR#
	</delete>

	<update id="optState"
		parameterClass="com.synesoft.cci.app.form.bbm.CciBorrowerConcerinfoBaForm">
		<!-- WARNING - This element is automatically generated by Abator for iBATIS, 
			do not modify. This element was generated on Fri Oct 30 15:02:44 CST 2015. -->
		update ${SUBSYSTEM_SCHEMA}CCI_REPORT_SYSTEM_CTL set
		LOGIC_DELETE_FLAG =
		#logicDeleteFlag:VARCHAR#
		where SYS_CTL_ID = #sysCtlId:VARCHAR#
	</update>

	<!-- 诉讼信息记录（基本记录） -->
	<select id="getLAReportData" parameterClass="java.lang.String"
		resultMap="cciBorrowerConcerinfoBaFormResult">
		select *
		from ${SUBSYSTEM_SCHEMA}CCI_BORROWER_CONCERINFO_BA
		t1
		join ${SUBSYSTEM_SCHEMA}CCI_REPORT_SYSTEM_CTL t2
		on t1.SYS_CTL_ID =
		t2.SYS_CTL_ID
		where 1 = 1
		and t2.REPORT_FLAG = '3'
		and t2.RELATION_SYS_CTL_ID = #sysCtl#
		and t1.SYS_CTL_ID in (select t3.PARENT_I from ${SUBSYSTEM_SCHEMA}CCI_BORROWER_CONCERINFO_LA t3)
	</select>
	
	<!-- 大事信息记录（基本记录） -->
	<select id="getBIReportData" parameterClass="java.lang.String"
		resultMap="cciBorrowerConcerinfoBaFormResult">
		select *
		from ${SUBSYSTEM_SCHEMA}CCI_BORROWER_CONCERINFO_BA
		t1
		join ${SUBSYSTEM_SCHEMA}CCI_REPORT_SYSTEM_CTL t2
		on t1.SYS_CTL_ID =
		t2.SYS_CTL_ID
		where 1 = 1
		and t2.REPORT_FLAG = '3'
		and t2.RELATION_SYS_CTL_ID = #sysCtl#
		and t1.SYS_CTL_ID in (select t3.PARENT_I from ${SUBSYSTEM_SCHEMA}CCI_BORROWER_CONCERINFO_BI t3)
	</select>

</sqlMap>
