<?xml version="1.0" encoding="UTF-8" ?>
<!DOCTYPE sqlMap PUBLIC "-//ibatis.apache.org//DTD SQL Map 2.0//EN" "http://ibatis.apache.org/dtd/sql-map-2.dtd" >
<sqlMap namespace="CCI_FEEDBACK_CONFIG">
	<resultMap id="cciFeedbackConfigResult"
		class="com.synesoft.cci.domain.model.CciFeedbackConfig">

		<result column="STR_TYPE" property="strType" jdbcType="VARCHAR" />
		<result column="NAME_CH" property="nameCh" jdbcType="VARCHAR" />
		<result column="NAME_EN" property="nameEn" jdbcType="VARCHAR" />
		<result column="FILE_TYPE" property="fileType" jdbcType="VARCHAR" />
		<result column="START_POS" property="startPos" jdbcType="DECIMAL" />
		<result column="END_POS" property="endPos" jdbcType="DECIMAL" />
		<result column="EDITION" property="edition" jdbcType="VARCHAR" />
		<result column="SET_METHOD" property="setMethod" jdbcType="VARCHAR" />
	</resultMap>

	<select id="selectList" parameterClass="com.synesoft.cci.domain.model.CciFeedbackConfig"
		resultMap="cciFeedbackConfigResult">
		select * from ${SUBSYSTEM_SCHEMA}CCI_FEEDBACK_CONFIG t
		where 1=1
		<dynamic>
			<isNotEmpty prepend="and" property="fileType">
				t.FILE_TYPE =
				#fileType#
			</isNotEmpty>
			<isNotEmpty prepend="and" property="strType">
				t.STR_TYPE =
				#strType#
			</isNotEmpty>
			<isNotEmpty prepend="and" property="edition">
				t.EDITION =
				#edition#
			</isNotEmpty>
		</dynamic>
	</select>
	
	<!-- 获取runtime_id列表  by hys-->
	<select id="getRuntimeIdList" parameterClass="java.util.Map" resultClass="java.lang.String">
		select t.runtime_id
		from ${SUBSYSTEM_SCHEMA}BAT_TASK_RTM t
		where t.task_name = #taskName#
		order by t.start_time desc
	</select>
	
	<!--  add by hys 20160612 Release V1.0 NO.3 sql兼容性改善 start -->
	<!-- 删除pboc定时轮询历史  by hys-->
	<delete id="deleteTaskBatchPbocHistory" parameterClass="java.util.Map">
		delete from ${SUBSYSTEM_SCHEMA}BAT_TASK_RTM
		 where task_name = #taskName#
         <iterate property="runtimeIdList"
         prepend="and runtime_id not in " open="(" close=")" conjunction=",">
         #runtimeIdList[]#
         </iterate>
	</delete>
	
	<!-- 删除pboc定时轮询历史 by hys-->
	<delete id="deleteStepBatchPbocHistory" parameterClass="java.util.Map">
		delete from ${SUBSYSTEM_SCHEMA}BAT_STEP_RTM
		 where step_name = #stepName# 
         <iterate property="runtimeIdList"
         prepend="and runtime_id not in " open="(" close=")" conjunction=",">
         #runtimeIdList[]#
         </iterate>
	</delete>
	<!--  add by hys 20160612 Release V1.0 NO.3 sql兼容性改善 end -->
	
</sqlMap>