<?xml version="1.0" encoding="UTF-8" ?>
<!DOCTYPE sqlMap PUBLIC "-//ibatis.apache.org//DTD SQL Map 2.0//EN" "http://ibatis.apache.org/dtd/sql-map-2.dtd" >
<sqlMap namespace="CCI_ASSETS_LIABILITY_2002">
	<resultMap id="cciAssetsLiability2002Result"
		class="com.synesoft.cci.domain.model.CciAssetsLiability2002">
		<!-- WARNING - This element is automatically generated by Abator for iBATIS, 
			do not modify. This element was generated on Fri Oct 30 15:02:44 CST 2015. -->
		<result column="SYS_CTL_ID" property="sysCtlId" jdbcType="VARCHAR" />
		<result column="CURRENCY_CAPITAL" property="currencyCapital"
			jdbcType="DECIMAL" />
		<result column="SHORT_TERM_INVESTMENT" property="shortTermInvestment"
			jdbcType="DECIMAL" />
		<result column="NOTES_RECEIVABLE" property="notesReceivable"
			jdbcType="DECIMAL" />
		<result column="DIVIDENDS_RECEIVABLE" property="dividendsReceivable"
			jdbcType="DECIMAL" />
		<result column="INTEREST_RECEIVABLE" property="interestReceivable"
			jdbcType="DECIMAL" />
		<result column="ACCOUNTS_RECEIVABLE" property="accountsReceivable"
			jdbcType="DECIMAL" />
		<result column="OTHER_ACCOUNTS_RECEIVABLE" property="otherAccountsReceivable"
			jdbcType="DECIMAL" />
		<result column="ADVANCE_PAYMENT" property="advancePayment"
			jdbcType="DECIMAL" />
		<result column="FUTURES_MARGIN" property="futuresMargin"
			jdbcType="DECIMAL" />
		<result column="SUBSIDIES_RECEIVABLE" property="subsidiesReceivable"
			jdbcType="DECIMAL" />
		<result column="EXPORT_TAX_REBATE_RECEIVABLE" property="exportTaxRebateReceivable"
			jdbcType="DECIMAL" />
		<result column="STOCK" property="stock" jdbcType="DECIMAL" />
		<result column="INVENTORY_RAW_MATERIALS" property="inventoryRawMaterials"
			jdbcType="DECIMAL" />
		<result column="STOCK_PRODUCTS" property="stockProducts"
			jdbcType="DECIMAL" />
		<result column="PREPAID_EXPENSES" property="prepaidExpenses"
			jdbcType="DECIMAL" />
		<result column="NET_LOSS_TREA_WITH_CURR_ASSE" property="netLossTreaWithCurrAsse"
			jdbcType="DECIMAL" />
		<result column="LONG_TERM_DEBT_INVE_IN_A_YEAR" property="longTermDebtInveInAYear"
			jdbcType="DECIMAL" />
		<result column="OTHER_FLOW_CAPITAL" property="otherFlowCapital"
			jdbcType="DECIMAL" />
		<result column="FLOW_CAPITAL_IN_TOTAL" property="flowCapitalInTotal"
			jdbcType="DECIMAL" />
		<result column="LONG_TERM_INVESTMENT" property="longTermInvestment"
			jdbcType="DECIMAL" />
		<result column="LONG_TERM_EQUITY_INVESTMENT" property="longTermEquityInvestment"
			jdbcType="DECIMAL" />
		<result column="LONG_TERM_DEBT_INVESTMENT" property="longTermDebtInvestment"
			jdbcType="DECIMAL" />
		<result column="COMBINED_PRICE_DIFFERENCE" property="combinedPriceDifference"
			jdbcType="DECIMAL" />
		<result column="TOTAL_LONG_TERM_INVESTMENT" property="totalLongTermInvestment"
			jdbcType="DECIMAL" />
		<result column="FIXED_ASSETS_PRICE" property="fixedAssetsPrice"
			jdbcType="DECIMAL" />
		<result column="ACCUMULATED_DEPRECIATION" property="accumulatedDepreciation"
			jdbcType="DECIMAL" />
		<result column="FIXED_ASSETS_VALUE" property="fixedAssetsValue"
			jdbcType="DECIMAL" />
		<result column="FIXED_ASSET_DEPR_PREP" property="fixedAssetDeprPrep"
			jdbcType="DECIMAL" />
		<result column="FIXED_ASSETS_NET" property="fixedAssetsNet"
			jdbcType="DECIMAL" />
		<result column="FIXED_ASSET_CLEAR" property="fixedAssetClear"
			jdbcType="DECIMAL" />
		<result column="ENGINEERING_MATERIALS" property="engineeringMaterials"
			jdbcType="DECIMAL" />
		<result column="UNDER_CONSTRUCTION" property="underConstruction"
			jdbcType="DECIMAL" />
		<result column="NET_LOSS_OF_FIXED_ASSE_TO_TREA" property="netLossOfFixedAsseToTrea"
			jdbcType="DECIMAL" />
		<result column="TOTAL_FIXED_ASSETS" property="totalFixedAssets"
			jdbcType="DECIMAL" />
		<result column="INTANGIBLE_ASSETS" property="intangibleAssets"
			jdbcType="DECIMAL" />
		<result column="LAND_USE_RIGH_OF_INTA_ASSE" property="landUseRighOfIntaAsse"
			jdbcType="DECIMAL" />
		<result column="DEFERRED_ASSETS" property="deferredAssets"
			jdbcType="DECIMAL" />
		<result column="DEFE_ASSE_FIXE_ASSE_REPA" property="defeAsseFixeAsseRepa"
			jdbcType="DECIMAL" />
		<result column="CAPI_IMPR_EXPE" property="capiImprExpe"
			jdbcType="DECIMAL" />
		<result column="OTHER_LONG_TERM_ASSETS" property="otherLongTermAssets"
			jdbcType="DECIMAL" />
		<result column="OTHER_SPECIAL_MATERIAL_RESERVE" property="otherSpecialMaterialReserve"
			jdbcType="DECIMAL" />
		<result column="TOTAL_INTA_AND_OTHE_ASSE" property="totalIntaAndOtheAsse"
			jdbcType="DECIMAL" />
		<result column="DEFERRED_TAX_DEBIT" property="deferredTaxDebit"
			jdbcType="DECIMAL" />
		<result column="TOTAL_CAPITAL" property="totalCapital"
			jdbcType="DECIMAL" />
		<result column="SHORT_TERM_BORROWING" property="shortTermBorrowing"
			jdbcType="DECIMAL" />
		<result column="NOTES_PAYABLE" property="notesPayable"
			jdbcType="DECIMAL" />
		<result column="ACCOUNTS_PAYABLE" property="accountsPayable"
			jdbcType="DECIMAL" />
		<result column="ACCOUNTS_COLLECT_IN_ADVANCE" property="accountsCollectInAdvance"
			jdbcType="DECIMAL" />
		<result column="WAGE_PAYABLE" property="wagePayable" jdbcType="DECIMAL" />
		<result column="WELFARE_PAYABLE" property="welfarePayable"
			jdbcType="DECIMAL" />
		<result column="PROFIT_PAYABLE" property="profitPayable"
			jdbcType="DECIMAL" />
		<result column="TAX_PAYABLE" property="taxPayable" jdbcType="DECIMAL" />
		<result column="OTHER_PAYABLE" property="otherPayable"
			jdbcType="DECIMAL" />
		<result column="OTHER_PAYMENT" property="otherPayment"
			jdbcType="DECIMAL" />
		<result column="ACCRUED_EXPENSES" property="accruedExpenses"
			jdbcType="DECIMAL" />
		<result column="EXPECTED_LIABILITY" property="expectedLiability"
			jdbcType="DECIMAL" />
		<result column="LONG_TERM_LIABILITY_IN_A_YEAR" property="longTermLiabilityInAYear"
			jdbcType="DECIMAL" />
		<result column="OTHER_CURRENT_LIABILITIES" property="otherCurrentLiabilities"
			jdbcType="DECIMAL" />
		<result column="TOTAL_CURRENT_LIABILITIES" property="totalCurrentLiabilities"
			jdbcType="DECIMAL" />
		<result column="LONG_TERM_BORROWING" property="longTermBorrowing"
			jdbcType="DECIMAL" />
		<result column="BONDS_PAYMENT" property="bondsPayment"
			jdbcType="DECIMAL" />
		<result column="LONG_TERM_ACCOUNTS_PAYABLE" property="longTermAccountsPayable"
			jdbcType="DECIMAL" />
		<result column="SPECIAL_PAYMENT" property="specialPayment"
			jdbcType="DECIMAL" />
		<result column="OTHER_LONG_TERM_LIABILITY" property="otherLongTermLiability"
			jdbcType="DECIMAL" />
		<result column="OTHE_LONG_TERM_LIAB_SPEC_REVE" property="otheLongTermLiabSpecReve"
			jdbcType="DECIMAL" />
		<result column="TOTAL_LONG_TERM_LIABILITY" property="totalLongTermLiability"
			jdbcType="DECIMAL" />
		<result column="DEFERRED_TAX_CREDIT" property="deferredTaxCredit"
			jdbcType="DECIMAL" />
		<result column="TOTAL_LIABILITIES" property="totalLiabilities"
			jdbcType="DECIMAL" />
		<result column="MINORITY_SHAREHOLDERS_RIGHTS" property="minorityShareholdersRights"
			jdbcType="DECIMAL" />
		<result column="REAL_INCOME_CAPITAL" property="realIncomeCapital"
			jdbcType="DECIMAL" />
		<result column="NATIONAL_CAPITAL" property="nationalCapital"
			jdbcType="DECIMAL" />
		<result column="COLLECTIVE_CAPITAL" property="collectiveCapital"
			jdbcType="DECIMAL" javaType="java.math.BigDecimal"/>
		<result column="LEGAL_PERSON_CAPITAL" property="legalPersonCapital"
			jdbcType="DECIMAL" javaType="java.math.BigDecimal"/>
		<result column="NATIONAL_LEGAL_PERSON_CAPITAL" property="nationalLegalPersonCapital"
			jdbcType="DECIMAL" javaType="java.math.BigDecimal"/>
		<result column="COLL_LEGA_PERS_CAPI" property="collLegaPersCapi"
			jdbcType="DECIMAL" />
		<result column="PERSONAL_CAPITAL" property="personalCapital"
			jdbcType="DECIMAL" />
		<result column="FOREIGN_CAPITAL" property="foreignCapital"
			jdbcType="DECIMAL" />
		<result column="CAPITAL_RESERVE" property="capitalReserve"
			jdbcType="DECIMAL" />
		<result column="SURPLUS_RESERVE" property="surplusReserve"
			jdbcType="DECIMAL" />
		<result column="LEGAL_SURPLUS_RESERVE" property="legalSurplusReserve"
			jdbcType="DECIMAL" />
		<result column="SURP_RESE_PUBL_WELF_FUND" property="surpResePublWelfFund"
			jdbcType="DECIMAL" />
		<result column="SURP_RESE_CURR_CAPI" property="surpReseCurrCapi"
			jdbcType="DECIMAL" />
		<result column="UNRECOGNIZED_INVESTMENT_LOSSES" property="unrecognizedInvestmentLosses"
			jdbcType="DECIMAL" />
		<result column="NONDISTRIBUTED_PROFIT" property="nondistributedProfit"
			jdbcType="DECIMAL" />
		<result column="DIFF_OF_FORE_CURR_STAT" property="diffOfForeCurrStat"
			jdbcType="DECIMAL" />
		<result column="TOTAL_OWNERS_EQUITY" property="totalOwnersEquity"
			jdbcType="DECIMAL" />
		<result column="TOTA_LIAB_AND_OWNE_EQUI" property="totaLiabAndOwneEqui"
			jdbcType="DECIMAL" />
		<result column="CUSTOMER_CODE" property="customerCode"
			jdbcType="VARCHAR" />
		<result column="REPORT_YEAR" property="reportYear" jdbcType="VARCHAR" />
		<result column="REPORT_TYPE" property="reportType" jdbcType="VARCHAR" />
		<result column="REPORT_TYPE_SUBDIVISION" property="reportTypeSubdivision"
			jdbcType="VARCHAR" />
		<result column="BORROWER_NAME" property="borrowerName"
			jdbcType="VARCHAR" />
		<result column="LOAN_CARD_NO" property="loanCardNo" jdbcType="VARCHAR" />
		<result column="AUDIT_FIRM_NAME" property="auditFirmName"
			jdbcType="VARCHAR" />
		<result column="AUDITOR_NAME" property="auditorName" jdbcType="VARCHAR" />
		<result column="CHECK_TIME_C" property="checkTimeC" jdbcType="VARCHAR" />
		<result column="BUSI_DATE" property="busiDate" jdbcType="VARCHAR" />
	</resultMap>

	<resultMap id="cciAssetsLiability2002FormResult"
		class="com.synesoft.cci.app.form.bbm.CciAssetsLiability2002Form">
		<!-- WARNING - This element is automatically generated by Abator for iBATIS, 
			do not modify. This element was generated on Fri Oct 30 15:02:44 CST 2015. -->
		<result column="SYS_CTL_ID" property="sysCtlId" jdbcType="VARCHAR" />
		<result column="RELATION_FEEDBACK_ID" property="relationFeedbackId" jdbcType="VARCHAR"/>
		<result column="CURRENCY_CAPITAL" property="currencyCapital"
			jdbcType="DECIMAL" />
		<result column="SHORT_TERM_INVESTMENT" property="shortTermInvestment"
			jdbcType="DECIMAL" />
		<result column="NOTES_RECEIVABLE" property="notesReceivable"
			jdbcType="DECIMAL" />
		<result column="DIVIDENDS_RECEIVABLE" property="dividendsReceivable"
			jdbcType="DECIMAL" />
		<result column="INTEREST_RECEIVABLE" property="interestReceivable"
			jdbcType="DECIMAL" />
		<result column="ACCOUNTS_RECEIVABLE" property="accountsReceivable"
			jdbcType="DECIMAL" />
		<result column="OTHER_ACCOUNTS_RECEIVABLE" property="otherAccountsReceivable"
			jdbcType="DECIMAL" />
		<result column="ADVANCE_PAYMENT" property="advancePayment"
			jdbcType="DECIMAL" />
		<result column="FUTURES_MARGIN" property="futuresMargin"
			jdbcType="DECIMAL" />
		<result column="SUBSIDIES_RECEIVABLE" property="subsidiesReceivable"
			jdbcType="DECIMAL" />
		<result column="EXPORT_TAX_REBATE_RECEIVABLE" property="exportTaxRebateReceivable"
			jdbcType="DECIMAL" />
		<result column="STOCK" property="stock" jdbcType="DECIMAL" />
		<result column="INVENTORY_RAW_MATERIALS" property="inventoryRawMaterials"
			jdbcType="DECIMAL" />
		<result column="STOCK_PRODUCTS" property="stockProducts"
			jdbcType="DECIMAL" />
		<result column="PREPAID_EXPENSES" property="prepaidExpenses"
			jdbcType="DECIMAL" />
		<result column="NET_LOSS_TREA_WITH_CURR_ASSE" property="netLossTreaWithCurrAsse"
			jdbcType="DECIMAL" />
		<result column="LONG_TERM_DEBT_INVE_IN_A_YEAR" property="longTermDebtInveInAYear"
			jdbcType="DECIMAL" />
		<result column="OTHER_FLOW_CAPITAL" property="otherFlowCapital"
			jdbcType="DECIMAL" />
		<result column="FLOW_CAPITAL_IN_TOTAL" property="flowCapitalInTotal"
			jdbcType="DECIMAL" />
		<result column="LONG_TERM_INVESTMENT" property="longTermInvestment"
			jdbcType="DECIMAL" />
		<result column="LONG_TERM_EQUITY_INVESTMENT" property="longTermEquityInvestment"
			jdbcType="DECIMAL" />
		<result column="LONG_TERM_DEBT_INVESTMENT" property="longTermDebtInvestment"
			jdbcType="DECIMAL" />
		<result column="COMBINED_PRICE_DIFFERENCE" property="combinedPriceDifference"
			jdbcType="DECIMAL" />
		<result column="TOTAL_LONG_TERM_INVESTMENT" property="totalLongTermInvestment"
			jdbcType="DECIMAL" />
		<result column="FIXED_ASSETS_PRICE" property="fixedAssetsPrice"
			jdbcType="DECIMAL" />
		<result column="ACCUMULATED_DEPRECIATION" property="accumulatedDepreciation"
			jdbcType="DECIMAL" />
		<result column="FIXED_ASSETS_VALUE" property="fixedAssetsValue"
			jdbcType="DECIMAL" />
		<result column="FIXED_ASSET_DEPR_PREP" property="fixedAssetDeprPrep"
			jdbcType="DECIMAL" />
		<result column="FIXED_ASSETS_NET" property="fixedAssetsNet"
			jdbcType="DECIMAL" />
		<result column="FIXED_ASSET_CLEAR" property="fixedAssetClear"
			jdbcType="DECIMAL" />
		<result column="ENGINEERING_MATERIALS" property="engineeringMaterials"
			jdbcType="DECIMAL" />
		<result column="UNDER_CONSTRUCTION" property="underConstruction"
			jdbcType="DECIMAL" />
		<result column="NET_LOSS_OF_FIXED_ASSE_TO_TREA" property="netLossOfFixedAsseToTrea"
			jdbcType="DECIMAL" />
		<result column="TOTAL_FIXED_ASSETS" property="totalFixedAssets"
			jdbcType="DECIMAL" />
		<result column="INTANGIBLE_ASSETS" property="intangibleAssets"
			jdbcType="DECIMAL" />
		<result column="LAND_USE_RIGH_OF_INTA_ASSE" property="landUseRighOfIntaAsse"
			jdbcType="DECIMAL" />
		<result column="DEFERRED_ASSETS" property="deferredAssets"
			jdbcType="DECIMAL" />
		<result column="DEFE_ASSE_FIXE_ASSE_REPA" property="defeAsseFixeAsseRepa"
			jdbcType="DECIMAL" />
		<result column="CAPI_IMPR_EXPE" property="capiImprExpe"
			jdbcType="DECIMAL" />
		<result column="OTHER_LONG_TERM_ASSETS" property="otherLongTermAssets"
			jdbcType="DECIMAL" />
		<result column="OTHER_SPECIAL_MATERIAL_RESERVE" property="otherSpecialMaterialReserve"
			jdbcType="DECIMAL" />
		<result column="TOTAL_INTA_AND_OTHE_ASSE" property="totalIntaAndOtheAsse"
			jdbcType="DECIMAL" />
		<result column="DEFERRED_TAX_DEBIT" property="deferredTaxDebit"
			jdbcType="DECIMAL" />
		<result column="TOTAL_CAPITAL" property="totalCapital"
			jdbcType="DECIMAL" />
		<result column="SHORT_TERM_BORROWING" property="shortTermBorrowing"
			jdbcType="DECIMAL" />
		<result column="NOTES_PAYABLE" property="notesPayable"
			jdbcType="DECIMAL" />
		<result column="ACCOUNTS_PAYABLE" property="accountsPayable"
			jdbcType="DECIMAL" />
		<result column="ACCOUNTS_COLLECT_IN_ADVANCE" property="accountsCollectInAdvance"
			jdbcType="DECIMAL" />
		<result column="WAGE_PAYABLE" property="wagePayable" jdbcType="DECIMAL" />
		<result column="WELFARE_PAYABLE" property="welfarePayable"
			jdbcType="DECIMAL" />
		<result column="PROFIT_PAYABLE" property="profitPayable"
			jdbcType="DECIMAL" />
		<result column="TAX_PAYABLE" property="taxPayable" jdbcType="DECIMAL" />
		<result column="OTHER_PAYABLE" property="otherPayable"
			jdbcType="DECIMAL" />
		<result column="OTHER_PAYMENT" property="otherPayment"
			jdbcType="DECIMAL" />
		<result column="ACCRUED_EXPENSES" property="accruedExpenses"
			jdbcType="DECIMAL" />
		<result column="EXPECTED_LIABILITY" property="expectedLiability"
			jdbcType="DECIMAL" />
		<result column="LONG_TERM_LIABILITY_IN_A_YEAR" property="longTermLiabilityInAYear"
			jdbcType="DECIMAL" />
		<result column="OTHER_CURRENT_LIABILITIES" property="otherCurrentLiabilities"
			jdbcType="DECIMAL" />
		<result column="TOTAL_CURRENT_LIABILITIES" property="totalCurrentLiabilities"
			jdbcType="DECIMAL" />
		<result column="LONG_TERM_BORROWING" property="longTermBorrowing"
			jdbcType="DECIMAL" />
		<result column="BONDS_PAYMENT" property="bondsPayment"
			jdbcType="DECIMAL" />
		<result column="LONG_TERM_ACCOUNTS_PAYABLE" property="longTermAccountsPayable"
			jdbcType="DECIMAL" />
		<result column="SPECIAL_PAYMENT" property="specialPayment"
			jdbcType="DECIMAL" />
		<result column="OTHER_LONG_TERM_LIABILITY" property="otherLongTermLiability"
			jdbcType="DECIMAL" />
		<result column="OTHE_LONG_TERM_LIAB_SPEC_REVE" property="otheLongTermLiabSpecReve"
			jdbcType="DECIMAL" />
		<result column="TOTAL_LONG_TERM_LIABILITY" property="totalLongTermLiability"
			jdbcType="DECIMAL" />
		<result column="DEFERRED_TAX_CREDIT" property="deferredTaxCredit"
			jdbcType="DECIMAL" />
		<result column="TOTAL_LIABILITIES" property="totalLiabilities"
			jdbcType="DECIMAL" />
		<result column="MINORITY_SHAREHOLDERS_RIGHTS" property="minorityShareholdersRights"
			jdbcType="DECIMAL" />
		<result column="REAL_INCOME_CAPITAL" property="realIncomeCapital"
			jdbcType="DECIMAL" />
		<result column="NATIONAL_CAPITAL" property="nationalCapital"
			jdbcType="DECIMAL" />
		<result column="COLLECTIVE_CAPITAL" property="collectiveCapital"
			jdbcType="DECIMAL" />
		<result column="LEGAL_PERSON_CAPITAL" property="legalPersonCapital"
			jdbcType="DECIMAL" />
		<result column="NATIONAL_LEGAL_PERSON_CAPITAL" property="nationalLegalPersonCapital"
			jdbcType="DECIMAL" />
		<result column="COLL_LEGA_PERS_CAPI" property="collLegaPersCapi"
			jdbcType="DECIMAL" />
		<result column="PERSONAL_CAPITAL" property="personalCapital"
			jdbcType="DECIMAL" />
		<result column="FOREIGN_CAPITAL" property="foreignCapital"
			jdbcType="DECIMAL" />
		<result column="CAPITAL_RESERVE" property="capitalReserve"
			jdbcType="DECIMAL" />
		<result column="SURPLUS_RESERVE" property="surplusReserve"
			jdbcType="DECIMAL" />
		<result column="LEGAL_SURPLUS_RESERVE" property="legalSurplusReserve"
			jdbcType="DECIMAL" />
		<result column="SURP_RESE_PUBL_WELF_FUND" property="surpResePublWelfFund"
			jdbcType="DECIMAL" />
		<result column="SURP_RESE_CURR_CAPI" property="surpReseCurrCapi"
			jdbcType="DECIMAL" />
		<result column="UNRECOGNIZED_INVESTMENT_LOSSES" property="unrecognizedInvestmentLosses"
			jdbcType="DECIMAL" />
		<result column="NONDISTRIBUTED_PROFIT" property="nondistributedProfit"
			jdbcType="DECIMAL" />
		<result column="DIFF_OF_FORE_CURR_STAT" property="diffOfForeCurrStat"
			jdbcType="DECIMAL" />
		<result column="TOTAL_OWNERS_EQUITY" property="totalOwnersEquity"
			jdbcType="DECIMAL" />
		<result column="TOTA_LIAB_AND_OWNE_EQUI" property="totaLiabAndOwneEqui"
			jdbcType="DECIMAL" />
		<result column="CUSTOMER_CODE" property="customerCode"
			jdbcType="VARCHAR" />
		<result column="REPORT_YEAR" property="reportYear" jdbcType="VARCHAR" />
		<result column="REPORT_TYPE" property="reportType" jdbcType="VARCHAR" />
		<result column="REPORT_TYPE_SUBDIVISION" property="reportTypeSubdivision"
			jdbcType="VARCHAR" />
		<result column="BORROWER_NAME" property="borrowerName"
			jdbcType="VARCHAR" />
		<result column="LOAN_CARD_NO" property="loanCardNo" jdbcType="VARCHAR" />
		<result column="AUDIT_FIRM_NAME" property="auditFirmName"
			jdbcType="VARCHAR" />
		<result column="AUDITOR_NAME" property="auditorName" jdbcType="VARCHAR" />
		<result column="CHECK_TIME_C" property="checkTimeC" jdbcType="VARCHAR" />
		<result column="BUSI_DATE" property="busiDate" jdbcType="VARCHAR" />
		<result column="FILE_SEND_DATE" property="fileSendDate"
			jdbcType="VARCHAR" />
		<result column="REPORT_BATCH_NO" property="reportBatchNo"
			jdbcType="VARCHAR" />
		<result column="MSG_RECORD_TRACKING_NO" property="msgRecordTrackingNo"
			jdbcType="VARCHAR" />
		<result column="MSG_RECORD_OPERATE_TYPE" property="msgRecordOperateType"
			jdbcType="VARCHAR" />
		<result column="MSG_RECORD_ROW" property="msgRecordRow"
			jdbcType="VARCHAR" />
		<result column="REPORT_FLAG" property="reportFlag" jdbcType="VARCHAR" />
		<result column="FEEDBACK_FLAG" property="feedbackFlag"
			jdbcType="VARCHAR" />
		<result column="DEPT_ID" property="deptId" jdbcType="VARCHAR" />
		<result column="OPERATING_STATE" property="operatingState"
			jdbcType="VARCHAR" />
		<result column="REPORT_FILE_TYPE" property="reportFileType"
			jdbcType="VARCHAR" />
		<result column="MSG_RECORD_TYPE" property="msgRecordType"
			jdbcType="VARCHAR" />
		<result column="BRANCH_ID" property="branchId" jdbcType="VARCHAR" />
		<result column="BRANCH_NO" property="branchNo" jdbcType="VARCHAR" />
		<result column="RELATION_SYS_CTL_ID" property="relationSysCtlId"
			jdbcType="VARCHAR" />
		<result column="ORG_BASIC_FEEDBACK_FLAG" property="orgBasicFeedbackFlag"
			jdbcType="VARCHAR" />
		<result column="OPERATE_TIME" property="operateTime" jdbcType="VARCHAR" />
		<result column="OPERATER" property="operater" jdbcType="VARCHAR" />
		<result column="CHECK_TIME" property="checkTime" jdbcType="VARCHAR" />
		<result column="CHECK_OPERATOR" property="checkOperator"
			jdbcType="VARCHAR" />
		<result column="CHECK_ADD_MSG" property="checkAddMsg" jdbcType="VARCHAR" />
		<result column="LAST_UPDATE_TIME" property="lastUpdateTime"
			jdbcType="VARCHAR" />
		<result column="LAST_UPDATER" property="lastUpdater" jdbcType="VARCHAR" />
		<result column="LOGIC_DELETE_FLAG" property="logicDeleteFlag"
			jdbcType="VARCHAR" />
		<result column="RECORD_STATUS_FLAG" property="recordStatusFlag"
			jdbcType="VARCHAR" />
		<result column="MESSAGE_TYPE" property="messageType" jdbcType="VARCHAR" />
	</resultMap>
	<!-- add by yb 2017-05-04 Release V1.0 NO.444 start -->
	<sql id="queryCondition">
	    from ${SUBSYSTEM_SCHEMA}CCI_ASSETS_LIABILITY_2002 a 
		inner join ${SUBSYSTEM_SCHEMA}CCI_REPORT_SYSTEM_CTL b
		on a.SYS_CTL_ID =
		b.SYS_CTL_ID
		where 1=1
		<dynamic>
			<isNotEmpty prepend="and" property="orgInfList">
				<iterate property="orgInfList" open="b.BRANCH_NO IN ("
					close=")" conjunction=",">
					#orgInfList[]#
				</iterate>
			</isNotEmpty>
			<isNotEmpty prepend="and" property="branchId">
				b.BRANCH_ID =
				#branchId:VARCHAR#
			</isNotEmpty>
			<!-- add by yb 2016-11-30 Release V1.0 NO.B9 start -->
			<isNotEmpty prepend="and" property="busiDateStart">
				<![CDATA[a.BUSI_DATE >=]]> #busiDateStart# 
			</isNotEmpty>
			<isNotEmpty prepend="and" property="busiDateEnd">
				<![CDATA[a.BUSI_DATE <=]]> #busiDateEnd#
			</isNotEmpty>
			<isNotEmpty prepend="and" property="fileSendDateStart">
				<![CDATA[b.FILE_SEND_DATE >=]]> #fileSendDateStart# 
			</isNotEmpty>
			<isNotEmpty prepend="and" property="fileSendDateEnd">
				<![CDATA[b.FILE_SEND_DATE <=]]> #fileSendDateEnd#
			</isNotEmpty>
			<!-- add by yb 2016-11-30 Release V1.0 NO.B9 end -->
			<isNotEmpty prepend="and" property="customerCode">
				a.CUSTOMER_CODE =
				#customerCode:VARCHAR#
			</isNotEmpty>
			<isNotEmpty prepend="and" property="reportYear">
				a.REPORT_YEAR =
				#reportYear:VARCHAR#
			</isNotEmpty>
			<isNotEmpty prepend="and" property="reportType">
				a.REPORT_TYPE =
				#reportType:VARCHAR#
			</isNotEmpty>
			<isNotEmpty prepend="and" property="reportTypeSubdivision">
				a.REPORT_TYPE_SUBDIVISION = #reportTypeSubdivision:VARCHAR#
			</isNotEmpty>
			<isNotEmpty prepend="and" property="feedbackFlag">
				b.FEEDBACK_FLAG =
				#feedbackFlag:VARCHAR#
			</isNotEmpty>
			<isNotEmpty prepend="and" property="operatingState">
				b.OPERATING_STATE =
				#operatingState:VARCHAR#
			</isNotEmpty>
			<isNotEmpty prepend="and" property="reportFlag">
				b.REPORT_FLAG =
				#reportFlag:VARCHAR#
			</isNotEmpty>
			<isNotEmpty prepend="and" property="opStsList">
				<iterate property="opStsList" open="b.OPERATING_STATE IN ("
					close=")" conjunction=",">
					#opStsList[]#
				</iterate>
			</isNotEmpty>
			<isNotEmpty prepend="and" property="feedbackFlagList">
				<iterate property="feedbackFlagList" open="b.FEEDBACK_FLAG IN ("
					close=")" conjunction=",">
					#feedbackFlagList[]#
				</iterate>
			</isNotEmpty>
		</dynamic>
		AND b.LOGIC_DELETE_FLAG NOT IN ('1')
	</sql>
	<!-- add by yb 2017-05-04 Release V1.0 NO.444 end -->
	<select id="selectByPrimaryKey" resultMap="cciAssetsLiability2002FormResult"
		parameterClass="com.synesoft.cci.app.form.bbm.CciAssetsLiability2002Form">
		<!-- update by ld at 20160902 Release V1.0 NO.109-->
		select a.*
		<include refid="CCI_COM_REPORT_SYSTEM_FIELD.selectReportField"/> 
		from ${SUBSYSTEM_SCHEMA}CCI_ASSETS_LIABILITY_2002 a 
		inner join ${SUBSYSTEM_SCHEMA}CCI_REPORT_SYSTEM_CTL b
		on a.SYS_CTL_ID =
		b.SYS_CTL_ID
		where 1=1
		<dynamic>
			<isNotEmpty prepend="and" property="sysCtlId">
				a.SYS_CTL_ID =
				#sysCtlId:VARCHAR#
			</isNotEmpty>
		</dynamic>
	</select>

	<select id="selectCounts"
		parameterClass="com.synesoft.cci.app.form.bbm.CciAssetsLiability2002Form"
		resultClass="java.lang.Integer">
		select count(*) 
		<!-- add by yb 2017-05-04 Release V1.0 NO.444 start -->
		<include refid="queryCondition"/>
		<!-- add by yb 2017-05-04 Release V1.0 NO.444 end -->
	</select>

	<select id="selectList" resultMap="cciAssetsLiability2002FormResult"
		parameterClass="com.synesoft.cci.app.form.bbm.CciAssetsLiability2002Form">
		<!-- update by ld at 20160902 Release V1.0 NO.109-->
		select a.*
		<include refid="CCI_COM_REPORT_SYSTEM_FIELD.selectReportField"/>
		<!-- add by yb 2017-05-04 Release V1.0 NO.444 start -->
		<include refid="queryCondition"/>
		<!-- add by yb 2017-05-04 Release V1.0 NO.444 end -->
		ORDER BY 
			<!-- add by gl 20160612 Release V1.0 NO.6 start--> 
			b.LAST_UPDATE_TIME DESC,
			<!-- add by gl 20160612 Release V1.0 NO.6 end-->
			a.SYS_CTL_ID DESC
	</select>

	<insert id="insert"
		parameterClass="com.synesoft.cci.app.form.bbm.CciAssetsLiability2002Form">
		<!-- WARNING - This element is automatically generated by Abator for iBATIS, 
			do not modify. This element was generated on Fri Oct 30 15:02:44 CST 2015. -->
		insert into ${SUBSYSTEM_SCHEMA}CCI_ASSETS_LIABILITY_2002 (SYS_CTL_ID,
		CURRENCY_CAPITAL, SHORT_TERM_INVESTMENT,
		NOTES_RECEIVABLE,
		DIVIDENDS_RECEIVABLE, INTEREST_RECEIVABLE, ACCOUNTS_RECEIVABLE,
		OTHER_ACCOUNTS_RECEIVABLE, ADVANCE_PAYMENT, FUTURES_MARGIN,
		SUBSIDIES_RECEIVABLE,
		EXPORT_TAX_REBATE_RECEIVABLE, STOCK,
		INVENTORY_RAW_MATERIALS, STOCK_PRODUCTS,
		PREPAID_EXPENSES,
		NET_LOSS_TREA_WITH_CURR_ASSE, LONG_TERM_DEBT_INVE_IN_A_YEAR,
		OTHER_FLOW_CAPITAL, FLOW_CAPITAL_IN_TOTAL, LONG_TERM_INVESTMENT,
		LONG_TERM_EQUITY_INVESTMENT,
		LONG_TERM_DEBT_INVESTMENT,
		COMBINED_PRICE_DIFFERENCE, TOTAL_LONG_TERM_INVESTMENT,
		FIXED_ASSETS_PRICE, ACCUMULATED_DEPRECIATION, FIXED_ASSETS_VALUE,
		FIXED_ASSET_DEPR_PREP,
		FIXED_ASSETS_NET, FIXED_ASSET_CLEAR,
		ENGINEERING_MATERIALS, UNDER_CONSTRUCTION,
		NET_LOSS_OF_FIXED_ASSE_TO_TREA, TOTAL_FIXED_ASSETS, INTANGIBLE_ASSETS,
		LAND_USE_RIGH_OF_INTA_ASSE, DEFERRED_ASSETS, DEFE_ASSE_FIXE_ASSE_REPA,
		CAPI_IMPR_EXPE,
		OTHER_LONG_TERM_ASSETS, OTHER_SPECIAL_MATERIAL_RESERVE,
		TOTAL_INTA_AND_OTHE_ASSE,
		DEFERRED_TAX_DEBIT, TOTAL_CAPITAL,
		SHORT_TERM_BORROWING,
		NOTES_PAYABLE, ACCOUNTS_PAYABLE,
		ACCOUNTS_COLLECT_IN_ADVANCE, WAGE_PAYABLE, WELFARE_PAYABLE,
		PROFIT_PAYABLE, TAX_PAYABLE,
		OTHER_PAYABLE, OTHER_PAYMENT,
		ACCRUED_EXPENSES, EXPECTED_LIABILITY,
		LONG_TERM_LIABILITY_IN_A_YEAR,
		OTHER_CURRENT_LIABILITIES,
		TOTAL_CURRENT_LIABILITIES,
		LONG_TERM_BORROWING, BONDS_PAYMENT, LONG_TERM_ACCOUNTS_PAYABLE,
		SPECIAL_PAYMENT,
		OTHER_LONG_TERM_LIABILITY,
		OTHE_LONG_TERM_LIAB_SPEC_REVE,
		TOTAL_LONG_TERM_LIABILITY,
		DEFERRED_TAX_CREDIT, TOTAL_LIABILITIES, MINORITY_SHAREHOLDERS_RIGHTS,
		REAL_INCOME_CAPITAL,
		NATIONAL_CAPITAL, COLLECTIVE_CAPITAL,
		LEGAL_PERSON_CAPITAL,
		NATIONAL_LEGAL_PERSON_CAPITAL,
		COLL_LEGA_PERS_CAPI, PERSONAL_CAPITAL, FOREIGN_CAPITAL,
		CAPITAL_RESERVE, SURPLUS_RESERVE,
		LEGAL_SURPLUS_RESERVE,
		SURP_RESE_PUBL_WELF_FUND, SURP_RESE_CURR_CAPI,
		UNRECOGNIZED_INVESTMENT_LOSSES, NONDISTRIBUTED_PROFIT,
		DIFF_OF_FORE_CURR_STAT,
		TOTAL_OWNERS_EQUITY, TOTA_LIAB_AND_OWNE_EQUI,
		CUSTOMER_CODE, REPORT_YEAR, REPORT_TYPE,
		REPORT_TYPE_SUBDIVISION,
		BORROWER_NAME, LOAN_CARD_NO, AUDIT_FIRM_NAME,
		AUDITOR_NAME,
		CHECK_TIME_C, BUSI_DATE)
		values (#sysCtlId:VARCHAR#,
		#currencyCapital:DECIMAL#,
		#shortTermInvestment:DECIMAL#,
		#notesReceivable:DECIMAL#, #dividendsReceivable:DECIMAL#,
		#interestReceivable:DECIMAL#,
		#accountsReceivable:DECIMAL#,
		#otherAccountsReceivable:DECIMAL#,
		#advancePayment:DECIMAL#,
		#futuresMargin:DECIMAL#, #subsidiesReceivable:DECIMAL#,
		#exportTaxRebateReceivable:DECIMAL#,
		#stock:DECIMAL#,
		#inventoryRawMaterials:DECIMAL#,
		#stockProducts:DECIMAL#,
		#prepaidExpenses:DECIMAL#, #netLossTreaWithCurrAsse:DECIMAL#,
		#longTermDebtInveInAYear:DECIMAL#, #otherFlowCapital:DECIMAL#,
		#flowCapitalInTotal:DECIMAL#,
		#longTermInvestment:DECIMAL#,
		#longTermEquityInvestment:DECIMAL#,
		#longTermDebtInvestment:DECIMAL#,
		#combinedPriceDifference:DECIMAL#,
		#totalLongTermInvestment:DECIMAL#,
		#fixedAssetsPrice:DECIMAL#,
		#accumulatedDepreciation:DECIMAL#,
		#fixedAssetsValue:DECIMAL#,
		#fixedAssetDeprPrep:DECIMAL#,
		#fixedAssetsNet:DECIMAL#, #fixedAssetClear:DECIMAL#,
		#engineeringMaterials:DECIMAL#,
		#underConstruction:DECIMAL#,
		#netLossOfFixedAsseToTrea:DECIMAL#,
		#totalFixedAssets:DECIMAL#,
		#intangibleAssets:DECIMAL#, #landUseRighOfIntaAsse:DECIMAL#,
		#deferredAssets:DECIMAL#,
		#defeAsseFixeAsseRepa:DECIMAL#,
		#capiImprExpe:DECIMAL#,
		#otherLongTermAssets:DECIMAL#,
		#otherSpecialMaterialReserve:DECIMAL#, #totalIntaAndOtheAsse:DECIMAL#,
		#deferredTaxDebit:DECIMAL#, #totalCapital:DECIMAL#,
		#shortTermBorrowing:DECIMAL#,
		#notesPayable:DECIMAL#,
		#accountsPayable:DECIMAL#,
		#accountsCollectInAdvance:DECIMAL#,
		#wagePayable:DECIMAL#, #welfarePayable:DECIMAL#,
		#profitPayable:DECIMAL#,
		#taxPayable:DECIMAL#, #otherPayable:DECIMAL#,
		#otherPayment:DECIMAL#,
		#accruedExpenses:DECIMAL#,
		#expectedLiability:DECIMAL#,
		#longTermLiabilityInAYear:DECIMAL#,
		#otherCurrentLiabilities:DECIMAL#, #totalCurrentLiabilities:DECIMAL#,
		#longTermBorrowing:DECIMAL#, #bondsPayment:DECIMAL#,
		#longTermAccountsPayable:DECIMAL#,
		#specialPayment:DECIMAL#,
		#otherLongTermLiability:DECIMAL#,
		#otheLongTermLiabSpecReve:DECIMAL#,
		#totalLongTermLiability:DECIMAL#,
		#deferredTaxCredit:DECIMAL#,
		#totalLiabilities:DECIMAL#,
		#minorityShareholdersRights:DECIMAL#,
		#realIncomeCapital:DECIMAL#, #nationalCapital:DECIMAL#,
		#collectiveCapital:DECIMAL#,
		#legalPersonCapital:DECIMAL#,
		#nationalLegalPersonCapital:DECIMAL#,
		#collLegaPersCapi:DECIMAL#,
		#personalCapital:DECIMAL#,
		#foreignCapital:DECIMAL#,
		#capitalReserve:DECIMAL#, #surplusReserve:DECIMAL#,
		#legalSurplusReserve:DECIMAL#,
		#surpResePublWelfFund:DECIMAL#,
		#surpReseCurrCapi:DECIMAL#,
		#unrecognizedInvestmentLosses:DECIMAL#,
		#nondistributedProfit:DECIMAL#,
		#diffOfForeCurrStat:DECIMAL#,
		#totalOwnersEquity:DECIMAL#, #totaLiabAndOwneEqui:DECIMAL#,
		#customerCode:VARCHAR#, #reportYear:VARCHAR#, #reportType:VARCHAR#,
		#reportTypeSubdivision:VARCHAR#, #borrowerName:VARCHAR#,
		#loanCardNo:VARCHAR#,
		#auditFirmName:VARCHAR#, #auditorName:VARCHAR#,
		#checkTimeC:VARCHAR#, #busiDate:VARCHAR#)
	</insert>


	<update id="updateByPrimaryKey"
		parameterClass="com.synesoft.cci.app.form.bbm.CciAssetsLiability2002Form">
		<!-- WARNING - This element is automatically generated by Abator for iBATIS, 
			do not modify. This element was generated on Fri Oct 30 15:02:44 CST 2015. -->
		update ${SUBSYSTEM_SCHEMA}CCI_ASSETS_LIABILITY_2002
		set
		CURRENCY_CAPITAL = #currencyCapital:DECIMAL#,
		SHORT_TERM_INVESTMENT =
		#shortTermInvestment:DECIMAL#,
		NOTES_RECEIVABLE =
		#notesReceivable:DECIMAL#,
		DIVIDENDS_RECEIVABLE =
		#dividendsReceivable:DECIMAL#,
		INTEREST_RECEIVABLE =
		#interestReceivable:DECIMAL#,
		ACCOUNTS_RECEIVABLE =
		#accountsReceivable:DECIMAL#,
		OTHER_ACCOUNTS_RECEIVABLE =
		#otherAccountsReceivable:DECIMAL#,
		ADVANCE_PAYMENT =
		#advancePayment:DECIMAL#,
		FUTURES_MARGIN = #futuresMargin:DECIMAL#,
		SUBSIDIES_RECEIVABLE = #subsidiesReceivable:DECIMAL#,
		EXPORT_TAX_REBATE_RECEIVABLE = #exportTaxRebateReceivable:DECIMAL#,
		STOCK = #stock:DECIMAL#,
		INVENTORY_RAW_MATERIALS =
		#inventoryRawMaterials:DECIMAL#,
		STOCK_PRODUCTS =
		#stockProducts:DECIMAL#,
		PREPAID_EXPENSES = #prepaidExpenses:DECIMAL#,
		NET_LOSS_TREA_WITH_CURR_ASSE = #netLossTreaWithCurrAsse:DECIMAL#,
		LONG_TERM_DEBT_INVE_IN_A_YEAR = #longTermDebtInveInAYear:DECIMAL#,
		OTHER_FLOW_CAPITAL = #otherFlowCapital:DECIMAL#,
		FLOW_CAPITAL_IN_TOTAL
		= #flowCapitalInTotal:DECIMAL#,
		LONG_TERM_INVESTMENT =
		#longTermInvestment:DECIMAL#,
		LONG_TERM_EQUITY_INVESTMENT =
		#longTermEquityInvestment:DECIMAL#,
		LONG_TERM_DEBT_INVESTMENT =
		#longTermDebtInvestment:DECIMAL#,
		COMBINED_PRICE_DIFFERENCE =
		#combinedPriceDifference:DECIMAL#,
		TOTAL_LONG_TERM_INVESTMENT =
		#totalLongTermInvestment:DECIMAL#,
		FIXED_ASSETS_PRICE =
		#fixedAssetsPrice:DECIMAL#,
		ACCUMULATED_DEPRECIATION =
		#accumulatedDepreciation:DECIMAL#,
		FIXED_ASSETS_VALUE =
		#fixedAssetsValue:DECIMAL#,
		FIXED_ASSET_DEPR_PREP =
		#fixedAssetDeprPrep:DECIMAL#,
		FIXED_ASSETS_NET =
		#fixedAssetsNet:DECIMAL#,
		FIXED_ASSET_CLEAR =
		#fixedAssetClear:DECIMAL#,
		ENGINEERING_MATERIALS =
		#engineeringMaterials:DECIMAL#,
		UNDER_CONSTRUCTION =
		#underConstruction:DECIMAL#,
		NET_LOSS_OF_FIXED_ASSE_TO_TREA =
		#netLossOfFixedAsseToTrea:DECIMAL#,
		TOTAL_FIXED_ASSETS =
		#totalFixedAssets:DECIMAL#,
		INTANGIBLE_ASSETS =
		#intangibleAssets:DECIMAL#,
		LAND_USE_RIGH_OF_INTA_ASSE =
		#landUseRighOfIntaAsse:DECIMAL#,
		DEFERRED_ASSETS =
		#deferredAssets:DECIMAL#,
		DEFE_ASSE_FIXE_ASSE_REPA =
		#defeAsseFixeAsseRepa:DECIMAL#,
		CAPI_IMPR_EXPE =
		#capiImprExpe:DECIMAL#,
		OTHER_LONG_TERM_ASSETS =
		#otherLongTermAssets:DECIMAL#,
		OTHER_SPECIAL_MATERIAL_RESERVE =
		#otherSpecialMaterialReserve:DECIMAL#,
		TOTAL_INTA_AND_OTHE_ASSE =
		#totalIntaAndOtheAsse:DECIMAL#,
		DEFERRED_TAX_DEBIT =
		#deferredTaxDebit:DECIMAL#,
		TOTAL_CAPITAL = #totalCapital:DECIMAL#,
		SHORT_TERM_BORROWING = #shortTermBorrowing:DECIMAL#,
		NOTES_PAYABLE =
		#notesPayable:DECIMAL#,
		ACCOUNTS_PAYABLE = #accountsPayable:DECIMAL#,
		ACCOUNTS_COLLECT_IN_ADVANCE = #accountsCollectInAdvance:DECIMAL#,
		WAGE_PAYABLE = #wagePayable:DECIMAL#,
		WELFARE_PAYABLE =
		#welfarePayable:DECIMAL#,
		PROFIT_PAYABLE = #profitPayable:DECIMAL#,
		TAX_PAYABLE = #taxPayable:DECIMAL#,
		OTHER_PAYABLE =
		#otherPayable:DECIMAL#,
		OTHER_PAYMENT = #otherPayment:DECIMAL#,
		ACCRUED_EXPENSES = #accruedExpenses:DECIMAL#,
		EXPECTED_LIABILITY =
		#expectedLiability:DECIMAL#,
		LONG_TERM_LIABILITY_IN_A_YEAR =
		#longTermLiabilityInAYear:DECIMAL#,
		OTHER_CURRENT_LIABILITIES =
		#otherCurrentLiabilities:DECIMAL#,
		TOTAL_CURRENT_LIABILITIES =
		#totalCurrentLiabilities:DECIMAL#,
		LONG_TERM_BORROWING =
		#longTermBorrowing:DECIMAL#,
		BONDS_PAYMENT = #bondsPayment:DECIMAL#,
		LONG_TERM_ACCOUNTS_PAYABLE = #longTermAccountsPayable:DECIMAL#,
		SPECIAL_PAYMENT = #specialPayment:DECIMAL#,
		OTHER_LONG_TERM_LIABILITY =
		#otherLongTermLiability:DECIMAL#,
		OTHE_LONG_TERM_LIAB_SPEC_REVE =
		#otheLongTermLiabSpecReve:DECIMAL#,
		TOTAL_LONG_TERM_LIABILITY =
		#totalLongTermLiability:DECIMAL#,
		DEFERRED_TAX_CREDIT =
		#deferredTaxCredit:DECIMAL#,
		TOTAL_LIABILITIES =
		#totalLiabilities:DECIMAL#,
		MINORITY_SHAREHOLDERS_RIGHTS =
		#minorityShareholdersRights:DECIMAL#,
		REAL_INCOME_CAPITAL =
		#realIncomeCapital:DECIMAL#,
		NATIONAL_CAPITAL =
		#nationalCapital:DECIMAL#,
		COLLECTIVE_CAPITAL =
		#collectiveCapital:DECIMAL#,
		LEGAL_PERSON_CAPITAL =
		#legalPersonCapital:DECIMAL#,
		NATIONAL_LEGAL_PERSON_CAPITAL =
		#nationalLegalPersonCapital:DECIMAL#,
		COLL_LEGA_PERS_CAPI =
		#collLegaPersCapi:DECIMAL#,
		PERSONAL_CAPITAL =
		#personalCapital:DECIMAL#,
		FOREIGN_CAPITAL = #foreignCapital:DECIMAL#,
		CAPITAL_RESERVE = #capitalReserve:DECIMAL#,
		SURPLUS_RESERVE =
		#surplusReserve:DECIMAL#,
		LEGAL_SURPLUS_RESERVE =
		#legalSurplusReserve:DECIMAL#,
		SURP_RESE_PUBL_WELF_FUND =
		#surpResePublWelfFund:DECIMAL#,
		SURP_RESE_CURR_CAPI =
		#surpReseCurrCapi:DECIMAL#,
		UNRECOGNIZED_INVESTMENT_LOSSES =
		#unrecognizedInvestmentLosses:DECIMAL#,
		NONDISTRIBUTED_PROFIT =
		#nondistributedProfit:DECIMAL#,
		DIFF_OF_FORE_CURR_STAT =
		#diffOfForeCurrStat:DECIMAL#,
		TOTAL_OWNERS_EQUITY =
		#totalOwnersEquity:DECIMAL#,
		TOTA_LIAB_AND_OWNE_EQUI =
		#totaLiabAndOwneEqui:DECIMAL#,
		CUSTOMER_CODE = #customerCode:VARCHAR#,
		REPORT_YEAR = #reportYear:VARCHAR#,
		REPORT_TYPE = #reportType:VARCHAR#,
		REPORT_TYPE_SUBDIVISION = #reportTypeSubdivision:VARCHAR#,
		BORROWER_NAME = #borrowerName:VARCHAR#,
		LOAN_CARD_NO =
		#loanCardNo:VARCHAR#,
		AUDIT_FIRM_NAME = #auditFirmName:VARCHAR#,
		AUDITOR_NAME = #auditorName:VARCHAR#,
		CHECK_TIME_C =
		#checkTimeC:VARCHAR#,
		BUSI_DATE = #busiDate:VARCHAR#
		<isNotEmpty prepend="," property="batDate">
			BAT_DATE = #batDate#
		</isNotEmpty>
		where SYS_CTL_ID =
		#sysCtlId:VARCHAR#
	</update>
    
    <!-- add by gcj Release V1.0 NO.90 金额更新成null 画面后台直连更新专用20160819 start-->
	<update id="updateByPrimaryKeyAll"
		parameterClass="com.synesoft.cci.app.form.bbm.CciAssetsLiability2002Form">
		<!-- WARNING - This element is automatically generated by Abator for iBATIS,
			do not modify. This element was generated on Fri Oct 30 15:02:44 CST 2015. -->
		update ${SUBSYSTEM_SCHEMA}CCI_ASSETS_LIABILITY_2002
		set
		CURRENCY_CAPITAL = #currencyCapital:DECIMAL#,
		SHORT_TERM_INVESTMENT =
		#shortTermInvestment:DECIMAL#,
		NOTES_RECEIVABLE =
		#notesReceivable:DECIMAL#,
		DIVIDENDS_RECEIVABLE =
		#dividendsReceivable:DECIMAL#,
		INTEREST_RECEIVABLE =
		#interestReceivable:DECIMAL#,
		ACCOUNTS_RECEIVABLE =
		#accountsReceivable:DECIMAL#,
		OTHER_ACCOUNTS_RECEIVABLE =
		#otherAccountsReceivable:DECIMAL#,
		ADVANCE_PAYMENT =
		#advancePayment:DECIMAL#,
		FUTURES_MARGIN = #futuresMargin:DECIMAL#,
		SUBSIDIES_RECEIVABLE = #subsidiesReceivable:DECIMAL#,
		EXPORT_TAX_REBATE_RECEIVABLE = #exportTaxRebateReceivable:DECIMAL#,
		STOCK = #stock:DECIMAL#,
		INVENTORY_RAW_MATERIALS =
		#inventoryRawMaterials:DECIMAL#,
		STOCK_PRODUCTS =
		#stockProducts:DECIMAL#,
		PREPAID_EXPENSES = #prepaidExpenses:DECIMAL#,
		NET_LOSS_TREA_WITH_CURR_ASSE = #netLossTreaWithCurrAsse:DECIMAL#,
		LONG_TERM_DEBT_INVE_IN_A_YEAR = #longTermDebtInveInAYear:DECIMAL#,
		OTHER_FLOW_CAPITAL = #otherFlowCapital:DECIMAL#,
		FLOW_CAPITAL_IN_TOTAL
		= #flowCapitalInTotal:DECIMAL#,
		LONG_TERM_INVESTMENT =
		#longTermInvestment:DECIMAL#,
		LONG_TERM_EQUITY_INVESTMENT =
		#longTermEquityInvestment:DECIMAL#,
		LONG_TERM_DEBT_INVESTMENT =
		#longTermDebtInvestment:DECIMAL#,
		COMBINED_PRICE_DIFFERENCE =
		#combinedPriceDifference:DECIMAL#,
		TOTAL_LONG_TERM_INVESTMENT =
		#totalLongTermInvestment:DECIMAL#,
		FIXED_ASSETS_PRICE =
		#fixedAssetsPrice:DECIMAL#,
		ACCUMULATED_DEPRECIATION =
		#accumulatedDepreciation:DECIMAL#,
		FIXED_ASSETS_VALUE =
		#fixedAssetsValue:DECIMAL#,
		FIXED_ASSET_DEPR_PREP =
		#fixedAssetDeprPrep:DECIMAL#,
		FIXED_ASSETS_NET =
		#fixedAssetsNet:DECIMAL#,
		FIXED_ASSET_CLEAR =
		#fixedAssetClear:DECIMAL#,
		ENGINEERING_MATERIALS =
		#engineeringMaterials:DECIMAL#,
		UNDER_CONSTRUCTION =
		#underConstruction:DECIMAL#,
		NET_LOSS_OF_FIXED_ASSE_TO_TREA =
		#netLossOfFixedAsseToTrea:DECIMAL#,
		TOTAL_FIXED_ASSETS =
		#totalFixedAssets:DECIMAL#,
		INTANGIBLE_ASSETS =
		#intangibleAssets:DECIMAL#,
		LAND_USE_RIGH_OF_INTA_ASSE =
		#landUseRighOfIntaAsse:DECIMAL#,
		DEFERRED_ASSETS =
		#deferredAssets:DECIMAL#,
		DEFE_ASSE_FIXE_ASSE_REPA =
		#defeAsseFixeAsseRepa:DECIMAL#,
		CAPI_IMPR_EXPE =
		#capiImprExpe:DECIMAL#,
		OTHER_LONG_TERM_ASSETS =
		#otherLongTermAssets:DECIMAL#,
		OTHER_SPECIAL_MATERIAL_RESERVE =
		#otherSpecialMaterialReserve:DECIMAL#,
		TOTAL_INTA_AND_OTHE_ASSE =
		#totalIntaAndOtheAsse:DECIMAL#,
		DEFERRED_TAX_DEBIT =
		#deferredTaxDebit:DECIMAL#,
		TOTAL_CAPITAL = #totalCapital:DECIMAL#,
		SHORT_TERM_BORROWING = #shortTermBorrowing:DECIMAL#,
		NOTES_PAYABLE =
		#notesPayable:DECIMAL#,
		ACCOUNTS_PAYABLE = #accountsPayable:DECIMAL#,
		ACCOUNTS_COLLECT_IN_ADVANCE = #accountsCollectInAdvance:DECIMAL#,
		WAGE_PAYABLE = #wagePayable:DECIMAL#,
		WELFARE_PAYABLE =
		#welfarePayable:DECIMAL#,
		PROFIT_PAYABLE = #profitPayable:DECIMAL#,
		TAX_PAYABLE = #taxPayable:DECIMAL#,
		OTHER_PAYABLE =
		#otherPayable:DECIMAL#,
		OTHER_PAYMENT = #otherPayment:DECIMAL#,
		ACCRUED_EXPENSES = #accruedExpenses:DECIMAL#,
		EXPECTED_LIABILITY =
		#expectedLiability:DECIMAL#,
		LONG_TERM_LIABILITY_IN_A_YEAR =
		#longTermLiabilityInAYear:DECIMAL#,
		OTHER_CURRENT_LIABILITIES =
		#otherCurrentLiabilities:DECIMAL#,
		TOTAL_CURRENT_LIABILITIES =
		#totalCurrentLiabilities:DECIMAL#,
		LONG_TERM_BORROWING =
		#longTermBorrowing:DECIMAL#,
		BONDS_PAYMENT = #bondsPayment:DECIMAL#,
		LONG_TERM_ACCOUNTS_PAYABLE = #longTermAccountsPayable:DECIMAL#,
		SPECIAL_PAYMENT = #specialPayment:DECIMAL#,
		OTHER_LONG_TERM_LIABILITY =
		#otherLongTermLiability:DECIMAL#,
		OTHE_LONG_TERM_LIAB_SPEC_REVE =
		#otheLongTermLiabSpecReve:DECIMAL#,
		TOTAL_LONG_TERM_LIABILITY =
		#totalLongTermLiability:DECIMAL#,
		DEFERRED_TAX_CREDIT =
		#deferredTaxCredit:DECIMAL#,
		TOTAL_LIABILITIES =
		#totalLiabilities:DECIMAL#,
		MINORITY_SHAREHOLDERS_RIGHTS =
		#minorityShareholdersRights:DECIMAL#,
		REAL_INCOME_CAPITAL =
		#realIncomeCapital:DECIMAL#,
		NATIONAL_CAPITAL =
		#nationalCapital:DECIMAL#,
		COLLECTIVE_CAPITAL =
		#collectiveCapital:DECIMAL#,
		LEGAL_PERSON_CAPITAL =
		#legalPersonCapital:DECIMAL#,
		NATIONAL_LEGAL_PERSON_CAPITAL =
		#nationalLegalPersonCapital:DECIMAL#,
		COLL_LEGA_PERS_CAPI =
		#collLegaPersCapi:DECIMAL#,
		PERSONAL_CAPITAL =
		#personalCapital:DECIMAL#,
		FOREIGN_CAPITAL = #foreignCapital:DECIMAL#,
		CAPITAL_RESERVE = #capitalReserve:DECIMAL#,
		SURPLUS_RESERVE =
		#surplusReserve:DECIMAL#,
		LEGAL_SURPLUS_RESERVE =
		#legalSurplusReserve:DECIMAL#,
		SURP_RESE_PUBL_WELF_FUND =
		#surpResePublWelfFund:DECIMAL#,
		SURP_RESE_CURR_CAPI =
		#surpReseCurrCapi:DECIMAL#,
		UNRECOGNIZED_INVESTMENT_LOSSES =
		#unrecognizedInvestmentLosses:DECIMAL#,
		NONDISTRIBUTED_PROFIT =
		#nondistributedProfit:DECIMAL#,
		DIFF_OF_FORE_CURR_STAT =
		#diffOfForeCurrStat:DECIMAL#,
		TOTAL_OWNERS_EQUITY =
		#totalOwnersEquity:DECIMAL#,
		TOTA_LIAB_AND_OWNE_EQUI =
		#totaLiabAndOwneEqui:DECIMAL#,
		CUSTOMER_CODE = #customerCode:VARCHAR#,
		REPORT_YEAR = #reportYear:VARCHAR#,
		REPORT_TYPE = #reportType:VARCHAR#,
		REPORT_TYPE_SUBDIVISION = #reportTypeSubdivision:VARCHAR#,
		BORROWER_NAME = #borrowerName:VARCHAR#,
		LOAN_CARD_NO =
		#loanCardNo:VARCHAR#,
		AUDIT_FIRM_NAME = #auditFirmName:VARCHAR#,
		AUDITOR_NAME = #auditorName:VARCHAR#,
		CHECK_TIME_C =
		#checkTimeC:VARCHAR#,
		BUSI_DATE = #busiDate:VARCHAR#
		<!-- add by gcj 20170103 Release V1.0 NO.299 start -->
			<isNotEmpty property="taskId">
				,TASK_ID=
				#taskId#
			</isNotEmpty>
			<isNotEmpty property="stepId">
				,STEP_ID =
				#stepId#
			</isNotEmpty>
			<isNotEmpty property="batDate">
				,BAT_DATE =
				#batDate#
			</isNotEmpty>
			<!-- add by gcj 20170103 Release V1.0 NO.299 end -->
		where SYS_CTL_ID =
		#sysCtlId:VARCHAR#
	</update>
    <!-- add by gcj Release V1.0 NO.90 金额更新成null 画面后台直连更新专用20160819 end-->

	<delete id="deleteByPrimaryKeyLogic"
		parameterClass="com.synesoft.cci.app.form.bbm.CciAssetsLiability2002Form">
		<!-- WARNING - This element is automatically generated by Abator for iBATIS, 
			do not modify. This element was generated on Fri Oct 30 15:02:44 CST 2015. -->
		update ${SUBSYSTEM_SCHEMA}CCI_REPORT_SYSTEM_CTL set
		LOGIC_DELETE_FLAG =
		#logicDeleteFlag:VARCHAR#
		where SYS_CTL_ID = #sysCtlId:VARCHAR#
	</delete>

	<delete id="deleteByPrimaryKey"
		parameterClass="com.synesoft.cci.app.form.bbm.CciAssetsLiability2002Form">
		<!-- WARNING - This element is automatically generated by Abator for iBATIS, 
			do not modify. This element was generated on Fri Oct 30 15:02:44 CST 2015. -->
		delete from ${SUBSYSTEM_SCHEMA}CCI_ASSETS_LIABILITY_2002
		where SYS_CTL_ID =
		#sysCtlId:VARCHAR#
	</delete>

	<update id="optState"
		parameterClass="com.synesoft.cci.app.form.bbm.CciAssetsLiability2002Form">
		<!-- WARNING - This element is automatically generated by Abator for iBATIS, 
			do not modify. This element was generated on Fri Oct 30 15:02:44 CST 2015. -->
		update ${SUBSYSTEM_SCHEMA}CCI_REPORT_SYSTEM_CTL set
		LOGIC_DELETE_FLAG =
		#logicDeleteFlag:VARCHAR#
		where SYS_CTL_ID = #sysCtlId:VARCHAR#
	</update>

	<select id="getReportData" parameterClass="java.lang.String"
		resultMap="cciAssetsLiability2002FormResult">
		select *
		from ${SUBSYSTEM_SCHEMA}CCI_ASSETS_LIABILITY_2002 t1
		join ${SUBSYSTEM_SCHEMA}CCI_REPORT_SYSTEM_CTL t2
		on t1.SYS_CTL_ID =
		t2.SYS_CTL_ID
		where 1 = 1
		and t2.RELATION_SYS_CTL_ID = #sysCtl#
		and
		t2.REPORT_FLAG = '3'
	</select>


</sqlMap>
