<?xml version="1.0" encoding="UTF-8" ?>
<!DOCTYPE sqlMap PUBLIC "-//ibatis.apache.org//DTD SQL Map 2.0//EN" "http://ibatis.apache.org/dtd/sql-map-2.dtd" >
<sqlMap namespace="CCI_ASSETS_LIABILITY_2007_H">
	<resultMap id="cciAssetsLiability2007FormResult"
		class="com.synesoft.cci.app.form.bbm.CciAssetsLiability2007Form">
		<!-- WARNING - This element is automatically generated by Abator for iBATIS, 
			do not modify. This element was generated on Fri Oct 30 15:02:44 CST 2015. -->
		<result column="SYS_CTL_ID" property="sysCtlId" jdbcType="VARCHAR" />
		<result column="RELATION_FEEDBACK_ID" property="relationFeedbackId" jdbcType="VARCHAR"/>
		<result column="CURRENCY_CAPITAL" property="currencyCapital"
			jdbcType="DECIMAL" />
		<result column="TRADING_FINANCIAL_ASSETS" property="tradingFinancialAssets"
			jdbcType="DECIMAL" />
		<result column="NOTES_RECEIVABLE" property="notesReceivable"
			jdbcType="DECIMAL" />
		<result column="ACCOUNTS_RECEIVABLE" property="accountsReceivable"
			jdbcType="DECIMAL" />
		<result column="ADVANCE_PAYMENT" property="advancePayment"
			jdbcType="DECIMAL" />
		<result column="INTEREST_RECEIVABLE" property="interestReceivable"
			jdbcType="DECIMAL" />
		<result column="DIVIDENDS_RECEIVABLE" property="dividendsReceivable"
			jdbcType="DECIMAL" />
		<result column="OTHER_ACCOUNTS_RECEIVABLE" property="otherAccountsReceivable"
			jdbcType="DECIMAL" />
		<result column="STOCK" property="stock" jdbcType="DECIMAL" />
		<result column="NONCURRENCY_ASSETS_IN_ONE_YEAR" property="noncurrencyAssetsInOneYear"
			jdbcType="DECIMAL" />
		<result column="OTHER_FLOW_CAPITAL" property="otherFlowCapital"
			jdbcType="DECIMAL" />
		<result column="FLOW_CAPITAL_IN_TOTAL" property="flowCapitalInTotal"
			jdbcType="DECIMAL" />
		<result column="FINA_ASSE_AVAI_FOR_SALE" property="finaAsseAvaiForSale"
			jdbcType="DECIMAL" />
		<result column="INVESTMENT_HOLD_TO_MATURITY" property="investmentHoldToMaturity"
			jdbcType="DECIMAL" />
		<result column="LONG_TERM_EQUITY_INVESTMENT" property="longTermEquityInvestment"
			jdbcType="DECIMAL" />
		<result column="LONG_TERM_ACCOUNTS_RECEIVABLE" property="longTermAccountsReceivable"
			jdbcType="DECIMAL" />
		<result column="INVESTMENT_REAL_ESTATE" property="investmentRealEstate"
			jdbcType="DECIMAL" />
		<result column="FIXED_ASSETS" property="fixedAssets" jdbcType="DECIMAL" />
		<result column="UNDER_CONSTRUCTION" property="underConstruction"
			jdbcType="DECIMAL" />
		<result column="ENGINEERING_MATERIALS" property="engineeringMaterials"
			jdbcType="DECIMAL" />
		<result column="FIXED_ASSET_CLEAR" property="fixedAssetClear"
			jdbcType="DECIMAL" />
		<result column="PRODUCTIVE_BIOLOGICAL_ASSETS" property="productiveBiologicalAssets"
			jdbcType="DECIMAL" />
		<result column="OIL_AND_GAS_ASSETS" property="oilAndGasAssets"
			jdbcType="DECIMAL" />
		<result column="INTANGIBLE_ASSETS" property="intangibleAssets"
			jdbcType="DECIMAL" />
		<result column="DEVELOPMENT_EXPENSES" property="developmentExpenses"
			jdbcType="DECIMAL" />
		<result column="GOODWILL" property="goodwill" jdbcType="DECIMAL" />
		<result column="LONG_TERM_PREPAID_EXPENSES" property="longTermPrepaidExpenses"
			jdbcType="DECIMAL" />
		<result column="DEFERRED_INCOME_TAX_ASSETS" property="deferredIncomeTaxAssets"
			jdbcType="DECIMAL" />
		<result column="OTHER_NONCURRENT_ASSETS" property="otherNoncurrentAssets"
			jdbcType="DECIMAL" />
		<result column="TOTAL_NONCURRENT_ASSETS" property="totalNoncurrentAssets"
			jdbcType="DECIMAL" />
		<result column="TOTAL_ASSETS" property="totalAssets" jdbcType="DECIMAL" />
		<result column="SHORT_TERM_BORROWING" property="shortTermBorrowing"
			jdbcType="DECIMAL" />
		<result column="TRADING_FINANCIAL_LIABILITY" property="tradingFinancialLiability"
			jdbcType="DECIMAL" />
		<result column="NOTES_PAYABLE" property="notesPayable"
			jdbcType="DECIMAL" />
		<result column="ACCOUNTS_PAYABLE" property="accountsPayable"
			jdbcType="DECIMAL" />
		<result column="ACCOUNTS_COLLECT_IN_ADVANCE" property="accountsCollectInAdvance"
			jdbcType="DECIMAL" />
		<result column="INTERESTS_RECEIVABLE" property="interestsReceivable"
			jdbcType="DECIMAL" />
		<result column="WAGE_PAYABLE" property="wagePayable" jdbcType="DECIMAL" />
		<result column="TAX_PAYABLE" property="taxPayable" jdbcType="DECIMAL" />
		<result column="DIVIDEND_PAYABLE" property="dividendPayable"
			jdbcType="DECIMAL" />
		<result column="OTHER_PAYMENT" property="otherPayment"
			jdbcType="DECIMAL" />
		<result column="NONC_LIAB_IN_ONE_YEAR" property="noncLiabInOneYear"
			jdbcType="DECIMAL" />
		<result column="OTHER_CURRENT_LIABILITIES" property="otherCurrentLiabilities"
			jdbcType="DECIMAL" />
		<result column="TOTAL_CURRENT_LIABILITIES" property="totalCurrentLiabilities"
			jdbcType="DECIMAL" />
		<result column="LONG_TERM_BORROWING" property="longTermBorrowing"
			jdbcType="DECIMAL" />
		<result column="BONDS_PAYMENT" property="bondsPayment"
			jdbcType="DECIMAL" />
		<result column="LONG_TERM_ACCOUNTS_PAYABLE" property="longTermAccountsPayable"
			jdbcType="DECIMAL" />
		<result column="SPECIAL_PAYMENT" property="specialPayment"
			jdbcType="DECIMAL" />
		<result column="EXPECTED_LIABILITY" property="expectedLiability"
			jdbcType="DECIMAL" />
		<result column="DEFERRED_TAX_CREDIT_LIABILITY" property="deferredTaxCreditLiability"
			jdbcType="DECIMAL" />
		<result column="OTHER_NONCURRENT_LIABILITIES" property="otherNoncurrentLiabilities"
			jdbcType="DECIMAL" />
		<result column="TOTAL_NONCURRENT_LIABILITIES" property="totalNoncurrentLiabilities"
			jdbcType="DECIMAL" />
		<result column="TOTAL_LIABILITIES" property="totalLiabilities"
			jdbcType="DECIMAL" />
		<result column="REAL_INCOME_CAPITAL" property="realIncomeCapital"
			jdbcType="DECIMAL" />
		<result column="CAPITAL_RESERVE" property="capitalReserve"
			jdbcType="DECIMAL" />
		<result column="INVENTORY_REDUCTION_UNIT" property="inventoryReductionUnit"
			jdbcType="DECIMAL" />
		<result column="SURPLUS_RESERVE" property="surplusReserve"
			jdbcType="DECIMAL" />
		<result column="NONDISTRIBUTED_PROFIT" property="nondistributedProfit"
			jdbcType="DECIMAL" />
		<result column="TOTAL_OWNERS_EQUITY" property="totalOwnersEquity"
			jdbcType="DECIMAL" />
		<result column="TOTA_LIAB_AND_OWNE_EQUI" property="totaLiabAndOwneEqui"
			jdbcType="DECIMAL" />
		<result column="CUSTOMER_CODE" property="customerCode"
			jdbcType="VARCHAR" />
		<result column="REPORT_YEAR" property="reportYear" jdbcType="VARCHAR" />
		<result column="REPORT_TYPE" property="reportType" jdbcType="VARCHAR" />
		<result column="REPORT_TYPE_SUBDIVISION" property="reportTypeSubdivision"
			jdbcType="VARCHAR" />
		<result column="BORROWER_NAME" property="borrowerName"
			jdbcType="VARCHAR" />
		<result column="LOAN_CARD_NO" property="loanCardNo" jdbcType="VARCHAR" />
		<result column="AUDIT_FIRM_NAME" property="auditFirmName"
			jdbcType="VARCHAR" />
		<result column="AUDITOR_NAME" property="auditorName" jdbcType="VARCHAR" />
		<result column="CHECK_TIME_C" property="checkTimeC" jdbcType="VARCHAR" />
		<result column="BUSI_DATE" property="busiDate" jdbcType="VARCHAR" />
		<result column="FILE_SEND_DATE" property="fileSendDate"
			jdbcType="VARCHAR" />
		<result column="REPORT_BATCH_NO" property="reportBatchNo"
			jdbcType="VARCHAR" />
		<result column="MSG_RECORD_TRACKING_NO" property="msgRecordTrackingNo"
			jdbcType="VARCHAR" />
		<result column="MSG_RECORD_OPERATE_TYPE" property="msgRecordOperateType"
			jdbcType="VARCHAR" />
		<result column="MSG_RECORD_ROW" property="msgRecordRow"
			jdbcType="VARCHAR" />
		<result column="REPORT_FLAG" property="reportFlag" jdbcType="VARCHAR" />
		<result column="FEEDBACK_FLAG" property="feedbackFlag"
			jdbcType="VARCHAR" />
		<result column="DEPT_ID" property="deptId" jdbcType="VARCHAR" />
		<result column="OPERATING_STATE" property="operatingState"
			jdbcType="VARCHAR" />
		<result column="REPORT_FILE_TYPE" property="reportFileType"
			jdbcType="VARCHAR" />
		<result column="MSG_RECORD_TYPE" property="msgRecordType"
			jdbcType="VARCHAR" />
		<result column="BRANCH_ID" property="branchId" jdbcType="VARCHAR" />
		<result column="BRANCH_NO" property="branchNo" jdbcType="VARCHAR" />
		<result column="RELATION_SYS_CTL_ID" property="relationSysCtlId"
			jdbcType="VARCHAR" />
		<result column="ORG_BASIC_FEEDBACK_FLAG" property="orgBasicFeedbackFlag"
			jdbcType="VARCHAR" />
		<result column="OPERATE_TIME" property="operateTime" jdbcType="VARCHAR" />
		<result column="OPERATER" property="operater" jdbcType="VARCHAR" />
		<result column="CHECK_TIME" property="checkTime" jdbcType="VARCHAR" />
		<result column="CHECK_OPERATOR" property="checkOperator"
			jdbcType="VARCHAR" />
		<result column="CHECK_ADD_MSG" property="checkAddMsg" jdbcType="VARCHAR" />
		<result column="LAST_UPDATE_TIME" property="lastUpdateTime"
			jdbcType="VARCHAR" />
		<result column="LAST_UPDATER" property="lastUpdater" jdbcType="VARCHAR" />
		<result column="LOGIC_DELETE_FLAG" property="logicDeleteFlag"
			jdbcType="VARCHAR" />
		<result column="RECORD_STATUS_FLAG" property="recordStatusFlag"
			jdbcType="VARCHAR" />
		<result column="MESSAGE_TYPE" property="messageType" jdbcType="VARCHAR" />
		
		<result column="SEQ_NUM" property="seqNum" jdbcType="VARCHAR" />
	</resultMap>
	<sql id="queryCondition">
		from ${SUBSYSTEM_SCHEMA}CCI_ASSETS_LIABILITY_2007_H a
		join ${SUBSYSTEM_SCHEMA}CCI_REPORT_SYSTEM_CTL_H b
		on a.SYS_CTL_ID =
		b.SYS_CTL_ID
		and a.seq_num=b.seq_num
		where 1=1
		<dynamic>
		<isNotEmpty prepend="and" property="seqNum">
				a.SEQ_NUM = #seqNum#
			</isNotEmpty>
			<isNotEmpty prepend="and" property="orgInfList">
				<iterate property="orgInfList" open="b.BRANCH_NO IN ("
					close=")" conjunction=",">
					#orgInfList[]#
				</iterate>
			</isNotEmpty>
			<isNotEmpty prepend="and" property="branchId">
				b.BRANCH_ID =
				#branchId:VARCHAR#
			</isNotEmpty>
			<!-- add by gy 2016-11-18 Release V1.0 NO.221 cover 198 start -->
			<isNotEmpty prepend="and" property="logicDeleteFlag">
				b.LOGIC_DELETE_FLAG = #logicDeleteFlag#
			</isNotEmpty>
			<!-- add by gy 2016-11-18 Release V1.0 NO.221 cover 198 end -->
			<!-- add by gy 2016-09-08 Release V1.0 NO.120 start -->
			<isNotEmpty prepend="and" property="busiDateStart">
				<![CDATA[a.BUSI_DATE >=]]> #busiDateStart# 
			</isNotEmpty>
			<isNotEmpty prepend="and" property="busiDateEnd">
				<![CDATA[a.BUSI_DATE <=]]> #busiDateEnd#
			</isNotEmpty>
			<isNotEmpty prepend="and" property="fileSendDateStart">
				<![CDATA[b.FILE_SEND_DATE >=]]> #fileSendDateStart# 
			</isNotEmpty>
			<isNotEmpty prepend="and" property="fileSendDateEnd">
				<![CDATA[b.FILE_SEND_DATE <=]]> #fileSendDateEnd#
			</isNotEmpty>
			<!-- add by gy 2016-09-08 Release V1.0 NO.120 end -->
			<isNotEmpty prepend="and" property="customerCode">
				a.CUSTOMER_CODE =
				#customerCode:VARCHAR#
			</isNotEmpty>
			<isNotEmpty prepend="and" property="reportYear">
				a.REPORT_YEAR =
				#reportYear:VARCHAR#
			</isNotEmpty>
			<isNotEmpty prepend="and" property="reportType">
				a.REPORT_TYPE =
				#reportType:VARCHAR#
			</isNotEmpty>
			<isNotEmpty prepend="and" property="reportTypeSubdivision">
				a.REPORT_TYPE_SUBDIVISION = #reportTypeSubdivision:VARCHAR#
			</isNotEmpty>
			<isNotEmpty prepend="and" property="feedbackFlag">
				b.FEEDBACK_FLAG =
				#feedbackFlag:VARCHAR#
			</isNotEmpty>
			<isNotEmpty prepend="and" property="operatingState">
				b.OPERATING_STATE =
				#operatingState:VARCHAR#
			</isNotEmpty>
			<isNotEmpty prepend="and" property="reportFlag">
				b.REPORT_FLAG =
				#reportFlag:VARCHAR#
			</isNotEmpty>
			<isNotEmpty prepend="and" property="opStsList">
				<iterate property="opStsList" open="b.OPERATING_STATE IN ("
					close=")" conjunction=",">
					#opStsList[]#
				</iterate>
			</isNotEmpty>
			<isNotEmpty prepend="and" property="feedbackFlagList">
				<iterate property="feedbackFlagList" open="b.FEEDBACK_FLAG IN ("
					close=")" conjunction=",">
					#feedbackFlagList[]#
				</iterate>
			</isNotEmpty>
			<isNotEmpty prepend="and" property="fileSendDate">
				b.FILE_SEND_DATE = #fileSendDate#
			</isNotEmpty>
			<isNotEmpty prepend="and" property="reportBatchNo">
				b.REPORT_BATCH_NO = #reportBatchNo#
			</isNotEmpty>
		</dynamic>
	</sql>
	<sql id="queryBizCondition">
		from ${SUBSYSTEM_SCHEMA}CCI_ASSETS_LIABILITY_2007 a
		join ${SUBSYSTEM_SCHEMA}CCI_REPORT_SYSTEM_CTL b
		on a.SYS_CTL_ID =
		b.SYS_CTL_ID
		where 1=1
		AND b.FEEDBACK_FLAG = '0'
		<dynamic>
			<!-- add by gy 2016-07-06 Release V1.0 NO.54 start -->
			<isNotEmpty prepend="and" property="logicDeleteFlag">
				b.LOGIC_DELETE_FLAG = #logicDeleteFlag#
			</isNotEmpty>
			<!-- add by gy 2016-11-09 Release V1.0 NO.198 cover 54end -->
			<isNotEmpty prepend="and" property="orgInfList">
				<iterate property="orgInfList" open="b.BRANCH_NO IN ("
					close=")" conjunction=",">
					#orgInfList[]#
				</iterate>
			</isNotEmpty>
			<isNotEmpty prepend="and" property="branchId">
				b.BRANCH_ID =
				#branchId:VARCHAR#
			</isNotEmpty>
			<!-- add by gy 2016-09-08 Release V1.0 NO.120 start -->
			<isNotEmpty prepend="and" property="busiDateStart">
				<![CDATA[a.BUSI_DATE >=]]> #busiDateStart# 
			</isNotEmpty>
			<isNotEmpty prepend="and" property="busiDateEnd">
				<![CDATA[a.BUSI_DATE <=]]> #busiDateEnd#
			</isNotEmpty>
			<isNotEmpty prepend="and" property="fileSendDateStart">
				<![CDATA[b.FILE_SEND_DATE >=]]> #fileSendDateStart# 
			</isNotEmpty>
			<isNotEmpty prepend="and" property="fileSendDateEnd">
				<![CDATA[b.FILE_SEND_DATE <=]]> #fileSendDateEnd#
			</isNotEmpty>
			<!-- add by gy 2016-09-08 Release V1.0 NO.120 end -->
			<isNotEmpty prepend="and" property="customerCode">
				a.CUSTOMER_CODE =
				#customerCode:VARCHAR#
			</isNotEmpty>
			<isNotEmpty prepend="and" property="reportYear">
				a.REPORT_YEAR =
				#reportYear:VARCHAR#
			</isNotEmpty>
			<isNotEmpty prepend="and" property="reportType">
				a.REPORT_TYPE =
				#reportType:VARCHAR#
			</isNotEmpty>
			<isNotEmpty prepend="and" property="reportTypeSubdivision">
				a.REPORT_TYPE_SUBDIVISION = #reportTypeSubdivision:VARCHAR#
			</isNotEmpty>
			<isNotEmpty prepend="and" property="feedbackFlag">
				b.FEEDBACK_FLAG =
				#feedbackFlag:VARCHAR#
			</isNotEmpty>
			<isNotEmpty prepend="and" property="operatingState">
				b.OPERATING_STATE =
				#operatingState:VARCHAR#
			</isNotEmpty>
			<isNotEmpty prepend="and" property="reportFlag">
				b.REPORT_FLAG =
				#reportFlag:VARCHAR#
			</isNotEmpty>
			<isNotEmpty prepend="and" property="opStsList">
				<iterate property="opStsList" open="b.OPERATING_STATE IN ("
					close=")" conjunction=",">
					#opStsList[]#
				</iterate>
			</isNotEmpty>
			<isNotEmpty prepend="and" property="feedbackFlagList">
				<iterate property="feedbackFlagList" open="b.FEEDBACK_FLAG IN ("
					close=")" conjunction=",">
					#feedbackFlagList[]#
				</iterate>
			</isNotEmpty>
			<isNotEmpty prepend="and" property="fileSendDate">
				b.FILE_SEND_DATE = #fileSendDate#
			</isNotEmpty>
			<isNotEmpty prepend="and" property="reportBatchNo">
				b.REPORT_BATCH_NO = #reportBatchNo#
			</isNotEmpty>
		</dynamic>
</sql>

	<select id="selectQryList" resultMap="cciAssetsLiability2007FormResult"
		parameterClass="com.synesoft.cci.app.form.bbm.CciAssetsLiability2007Form">
		SELECT *
		FROM (
		select a.*,
		b.FILE_SEND_DATE,
		b.REPORT_BATCH_NO,
		b.MSG_RECORD_TRACKING_NO,
		b.MSG_RECORD_OPERATE_TYPE,
		b.MSG_RECORD_ROW,
		b.REPORT_FLAG,
		b.FEEDBACK_FLAG,
		b.DEPT_ID,
		b.OPERATING_STATE,
		b.REPORT_FILE_TYPE,
		b.MSG_RECORD_TYPE,
		b.BRANCH_ID,
		b.BRANCH_NO,
		b.RELATION_SYS_CTL_ID,
		b.ORG_BASIC_FEEDBACK_FLAG,
		b.OPERATE_TIME,
		b.OPERATER,
		b.CHECK_TIME,
		b.CHECK_OPERATOR,
		b.CHECK_ADD_MSG,
		b.LAST_UPDATE_TIME,
		b.LAST_UPDATER,
		b.LOGIC_DELETE_FLAG,
		b.DTL_NUM_A,
		b.DTL_NUM_B,
		b.DTL_NUM_C,
		b.DTL_NUM_D,
		b.RECORD_STATUS_FLAG,
		b.MESSAGE_TYPE,
		b.RELATION_FEEDBACK_ID,
		b.START_INDEX,
		b.END_INDEX
		<include refid="queryCondition" />
		UNION ALL
		SELECT '' AS SEQ_NUM,
		a.*,
		b.FILE_SEND_DATE,
		b.REPORT_BATCH_NO,
		b.MSG_RECORD_TRACKING_NO,
		b.MSG_RECORD_OPERATE_TYPE,
		b.MSG_RECORD_ROW,
		b.REPORT_FLAG,
		b.FEEDBACK_FLAG,
		b.DEPT_ID,
		b.OPERATING_STATE,
		b.REPORT_FILE_TYPE,
		b.MSG_RECORD_TYPE,
		b.BRANCH_ID,
		b.BRANCH_NO,
		b.RELATION_SYS_CTL_ID,
		b.ORG_BASIC_FEEDBACK_FLAG,
		b.OPERATE_TIME,
		b.OPERATER,
		b.CHECK_TIME,
		b.CHECK_OPERATOR,
		b.CHECK_ADD_MSG,
		b.LAST_UPDATE_TIME,
		b.LAST_UPDATER,
		b.LOGIC_DELETE_FLAG,
		b.DTL_NUM_A,
		b.DTL_NUM_B,
		b.DTL_NUM_C,
		b.DTL_NUM_D,
		b.RECORD_STATUS_FLAG,
		b.MESSAGE_TYPE,
		b.RELATION_FEEDBACK_ID,
		b.START_INDEX,
		b.END_INDEX
		<include refid="queryBizCondition" />
		) b
		ORDER BY b.SEQ_NUM DESC,
		b.FILE_SEND_DATE DESC,
		b.REPORT_BATCH_NO DESC
	</select>

	<select id="selectQryCounts" parameterClass="com.synesoft.cci.app.form.bbm.CciAssetsLiability2007Form"
		resultClass="java.lang.Integer">
		select count(*)
		FROM (
			<!-- add by gl 20160612 Release V1.0 NO.5 start -->
			select a.sys_ctl_id 
			<include refid="queryCondition" />
			UNION ALL
			SELECT 
				a.sys_ctl_id
		<!-- add by gl 20160612 Release V1.0 NO.5 end -->
			<include refid="queryBizCondition"/>
		) c
	</select>
	
	
	<select id="selectCounts"
		parameterClass="com.synesoft.cci.app.form.bbm.CciAssetsLiability2007Form"
		resultClass="java.lang.Integer">
		select count(*) 
		<include refid="queryCondition"/>
	</select>

	<select id="selectList" resultMap="cciAssetsLiability2007FormResult"
		parameterClass="com.synesoft.cci.app.form.bbm.CciAssetsLiability2007Form">
		<!-- update by ld at 20160902 Release V1.0 NO.109-->
		select a.*
		<include refid="CCI_COM_REPORT_SYSTEM_FIELD.selectReportHistoryField"/>
		<include refid="queryCondition"/>
		ORDER BY a.seq_Num DESC
	</select>
</sqlMap>