<?xml version="1.0" encoding="UTF-8" ?>
<!DOCTYPE sqlMap PUBLIC "-//ibatis.apache.org//DTD SQL Map 2.0//EN" "http://ibatis.apache.org/dtd/sql-map-2.dtd" >
<!-- 上报记录历史详细 -->
<sqlMap namespace="CCI_REPORT_HIS_DATA_DTL">
	<sql id="whereCondition">
		<!-- upd sjh 20170822 Release V1.0 NO.530 start-->
		join(
			select * from ${SUBSYSTEM_SCHEMA}CCI_REPORT_SYSTEM_CTL_H 
			union all<!-- upd by gy 20171013 Release V1.0 NO.546 -->
			select * from ${SUBSYSTEM_SCHEMA}CCI_REPORT_SYSTEM_CTL_DEL_H
		)b
		<!-- upd sjh 20170822 Release V1.0 NO.530 end-->
		ON a.SYS_CTL_ID = b.SYS_CTL_ID AND a.SEQ_NUM = b.SEQ_NUM
		WHERE 1 = 1
		AND b.SYS_CTL_ID = #sysCtlId#
		<dynamic>
			<isNotEmpty prepend="AND" property="relationSysCtlId">
				b.RELATION_SYS_CTL_ID = #relationSysCtlId#
			</isNotEmpty>
			<isNotEmpty prepend="AND" property="seqNum">
				b.SEQ_NUM = #seqNum#
			</isNotEmpty>
			<isNotEmpty prepend="AND" property="feedbackFlag" >
				b.FEEDBACK_FLAG != #feedbackFlag#
			</isNotEmpty>
		</dynamic>
		order by a.SEQ_NUM desc
	</sql>
	
	<sql id="parentWhereCondition">
		WHERE 1 = 1
		AND a.PARENT_I = #sysCtlId#
	</sql>

	<!-- 垫款 -->
	<select id="getCCI_ADVANCE_BUSINESS_INFO"
		parameterClass="com.synesoft.cci.app.form.cbm.CciAdvanceBusinessInfoForm"
		resultMap="CCI_ADVANCE_BUSINESS_INFO.CciAdvanceBusinessInfoFormResult">
		SELECT * FROM ${SUBSYSTEM_SCHEMA}CCI_ADVANCE_BUSINESS_INFO_H a
		<include refid="whereCondition" />
	</select>

	<!-- 不良信贷资产 -->
	<select id="getCCI_ASSETS_DISPOSAL_BUSI"
		parameterClass="com.synesoft.cci.app.form.dbm.CciAssetsDisposalBusiForm"
		resultMap="CCI_ASSETS_DISPOSAL_BUSI.cciAssetsDisposalBusiFormResult">
		SELECT * FROM ${SUBSYSTEM_SCHEMA}CCI_ASSETS_DISPOSAL_BUSI_H a
		<include refid="whereCondition"/>
	</select>

	<!-- 2002版资产负债 -->
	<select id="getCCI_ASSETS_LIABILITY_2002"
		parameterClass="com.synesoft.cci.app.form.bbm.CciAssetsLiability2002Form"
		resultMap="CCI_ASSETS_LIABILITY_2002.cciAssetsLiability2002FormResult">
		SELECT * FROM ${SUBSYSTEM_SCHEMA}CCI_ASSETS_LIABILITY_2002_H a
		<include refid="whereCondition"/>
	</select>
	
	<!-- 2007版资产负债 -->
	<select id="getCCI_ASSETS_LIABILITY_2007"
		parameterClass="com.synesoft.cci.app.form.bbm.CciAssetsLiability2007Form"
		resultMap="CCI_ASSETS_LIABILITY_2007.cciAssetsLiability2007FormResult">
		SELECT * FROM ${SUBSYSTEM_SCHEMA}CCI_ASSETS_LIABILITY_2007_H a
		<include refid="whereCondition"/>
	</select>
	
	<!-- 银行承兑汇票 -->
	<select id="getCCI_BANK_ACCEPT_BUSI_INFO"
		parameterClass="com.synesoft.cci.app.form.cbm.CciBankAcceptBusiInfoForm"
		resultMap="CCI_BANK_ACCEPT_BUSI_INFO.CciBankAcceptBusiInfoFormResult">
		SELECT * FROM ${SUBSYSTEM_SCHEMA}CCI_BANK_ACCEPT_BUSI_INFO_H a
		<include refid="whereCondition"/>
	</select>

	<!-- 票据贴现 -->
	<select id="getCCI_BILL_DISCOUNT_BUSI_INFO"
		parameterClass="com.synesoft.cci.app.form.cbm.CciBillDiscountBusiInfoForm"
		resultMap="CCI_BILL_DISCOUNT_BUSI_INFO.CciBillDiscountBusiInfoFormResult">
		SELECT * FROM ${SUBSYSTEM_SCHEMA}CCI_BILL_DISCOUNT_BUSI_INFO_H a
		<include refid="whereCondition"/>
	</select>
	
	<!-- 借款人关注 -->
	<select id="getCCI_BORROWER_CONCERINFO_BA"
		parameterClass="com.synesoft.cci.app.form.bbm.CciBorrowerConcerinfoBaForm"
		resultMap="CCI_BORROWER_CONCERINFO_BA.cciBorrowerConcerinfoBaFormResult">
		SELECT * FROM ${SUBSYSTEM_SCHEMA}CCI_BORROWER_CONCERINFO_BA_H a
		<include refid="whereCondition"/>
	</select>
	
	<!-- 大事 -->
	<select id="getCCI_BORROWER_CONCERINFO_BI" 
		parameterClass="com.synesoft.cci.app.form.bbm.CciBorrowerConcerinfoBiForm"
		resultMap="CCI_BORROWER_CONCERINFO_BI.cciBorrowerConcerinfoBiFormResult">
		SELECT * FROM ${SUBSYSTEM_SCHEMA}CCI_BORROWER_CONCERINFO_BI_H a
		<include refid="whereCondition"/>
	</select>
	
	<!-- 诉讼 -->
	<select id="getCCI_BORROWER_CONCERINFO_LA"
		parameterClass="com.synesoft.cci.app.form.bbm.CciBorrowerConcerinfoLaForm"
		resultMap="CCI_BORROWER_CONCERINFO_LA.cciBorrowerConcerinfoLaFormResult">
		SELECT * FROM ${SUBSYSTEM_SCHEMA}CCI_BORROWER_CONCERINFO_LA_H a
		<include refid="whereCondition"/>
	</select>
	
	<!-- 欠息 -->
	<select id="getCCI_BUSI_INTEREST_OWE_INFO" 
		parameterClass="com.synesoft.cci.app.form.cbm.CciBusiInterestOweInfoForm"
		resultMap="CCI_BUSI_INTEREST_OWE_INFO.CciBusiInterestOweInfoFormResult">
		SELECT * FROM ${SUBSYSTEM_SCHEMA}CCI_BUSI_INTEREST_OWE_INFO_H a
		<include refid="whereCondition"/>
	</select>
	
	<!-- 事业单位资产负债 -->
	<select id="getCCI_BUSI_UNIT_ASSETS_LIA"
		parameterClass="com.synesoft.cci.app.form.bbm.CciBusiUnitAssetsLiaForm"
		resultMap="CCI_BUSI_UNIT_ASSETS_LIA.cciBusiUnitAssetsLiaFormResult">
		SELECT * FROM ${SUBSYSTEM_SCHEMA}CCI_BUSI_UNIT_ASSETS_LIA_H a
		<include refid="whereCondition"/>
	</select>
	
	<!-- 事业单位收入支出 -->
	<select id="getCCI_BUSI_UNIT_REVENUE"
		parameterClass="com.synesoft.cci.app.form.bbm.CciBusiUnitRevenueForm"
		resultMap="CCI_BUSI_UNIT_REVENUE.cciBusiUnitRevenueFormResult">
		SELECT * FROM ${SUBSYSTEM_SCHEMA}CCI_BUSI_UNIT_REVENUE_H a
		<include refid="whereCondition"/>
	</select>
	
	<!-- 2002版现金流量 -->
	<select id="getCCI_CASH_FLOW_2002"
		parameterClass="com.synesoft.cci.app.form.bbm.CciCashFlow2002Form"
		resultMap="CCI_CASH_FLOW_2002.cciCashFlow2002FormResult">
		SELECT * FROM ${SUBSYSTEM_SCHEMA}CCI_CASH_FLOW_2002_H a
		<include refid="whereCondition"/>
	</select>
	
	<!-- 2007版现金流量 -->
	<select id="getCCI_CASH_FLOW_2007"
		parameterClass="com.synesoft.cci.app.form.bbm.CciCashFlow2007Form"
		resultMap="CCI_CASH_FLOW_2007.cciCashFlow2007FormResult">
		SELECT * FROM ${SUBSYSTEM_SCHEMA}CCI_CASH_FLOW_2007_H a
		<include refid="whereCondition"/>
	</select>
	
	<!-- 贷款业务合同金额 -->
	<select id="getCCI_CONTRACT_AMOUNT_INFO"
		parameterClass="com.synesoft.cci.domain.model.CciContractAmountInfo"
		resultMap="CCI_CONTRACT_AMOUNT_INFO.cciContractAmountInfoResult">
		SELECT * FROM ${SUBSYSTEM_SCHEMA}CCI_CONTRACT_AMOUNT_INFO_H a
		<include refid="parentWhereCondition"/>
	</select>
	
	<!-- 贷款业务合同 -->
	<select id="getCCI_CONTRACT_INFO"
		parameterClass="com.synesoft.cci.app.form.cbm.CciContractInfoForm"
		resultMap="CCI_CONTRACT_INFO.CciContractInfoFormResult">
		SELECT * FROM ${SUBSYSTEM_SCHEMA}CCI_CONTRACT_INFO_H a
		<include refid="whereCondition"/>
	</select>
	
	<!-- 批量信贷业务删除 -->
	<select id="getCCI_CRE_BUSI_DATA_DEL_REQ"
		parameterClass="com.synesoft.cci.app.form.dbm.CciCreBusiDataDelReqForm"
		resultMap="CCI_CRE_BUSI_DATA_DEL_REQ.cciCreBusiDataDelReqFormResult">
		SELECT * FROM ${SUBSYSTEM_SCHEMA}CCI_CRE_BUSI_DATA_DEL_REQ_H a
		<include refid="whereCondition"/>
	</select>
	
	<!-- 信用证 -->
	<select id="getCCI_CREDIT_LETTER_INFO"
		parameterClass="com.synesoft.cci.app.form.cbm.CciCreditLetterInfoForm"
		resultMap="CCI_CREDIT_LETTER_INFO.CciCreditLetterInfoFormResult">
		SELECT * FROM ${SUBSYSTEM_SCHEMA}CCI_CREDIT_LETTER_INFO_H a
		<include refid="whereCondition"/>
	</select>
	
	<!-- 保理 -->
	<select id="getCCI_FACTORING_BUSI" parameterClass="com.synesoft.cci.app.form.cbm.CciFactoringBusiForm"
		resultMap="CCI_FACTORING_BUSI.CciFactoringBusiFormResult">
		SELECT * FROM ${SUBSYSTEM_SCHEMA}CCI_FACTORING_BUSI_H a
		<include refid="whereCondition" />
	</select>
	
	<!-- 融资协议金额 -->
	<select id="getCCI_FINAN_AGR_AMOUNT_INFO"
		parameterClass="com.synesoft.cci.domain.model.CciFinanAgrAmountInfo"
		resultMap="CCI_FINAN_AGR_AMOUNT_INFO.cciFinanAgrAmountInfoResult">
		SELECT * FROM ${SUBSYSTEM_SCHEMA}CCI_FINAN_AGR_AMOUNT_INFO_H a
		<include refid="parentWhereCondition"/>
	</select>
	
	<!-- 融资协议 -->
	<select id="getCCI_FINANCE_AGREEMENT_INFO"
		parameterClass="com.synesoft.cci.app.form.cbm.CciFinanceAgreementInfoForm"
		resultMap="CCI_FINANCE_AGREEMENT_INFO.CciFinanceAgreementInfoFormResult">
		SELECT * FROM ${SUBSYSTEM_SCHEMA}CCI_FINANCE_AGREEMENT_INFO_H a
		<include refid="whereCondition"/>
	</select>
	
	<!-- 融资业务展期 -->
	<select id="getCCI_FINANCE_BUSI_EXTEN_INFO" 
		parameterClass="com.synesoft.cci.app.form.cbm.CciFinanceBusiExtenInfoForm"
		resultMap="CCI_FINANCE_BUSI_EXTEN_INFO.CciFinanceBusiExtenInfoFormResult">
		SELECT * FROM ${SUBSYSTEM_SCHEMA}CCI_FINANCE_BUSI_EXTEN_INFO_H a
		<!-- add by gcj 20160923 Release V1.0 NO.138 start -->
		<include refid="whereCondition"/>
		<!-- add by gcj 20160923 Release V1.0 NO.138 end -->
	</select>
	
	<!-- 融资业务 -->
	<select id="getCCI_FINANCE_BUSI_INFO"
		parameterClass="com.synesoft.cci.app.form.cbm.CciFinanceBusiInfoForm"
		resultMap="CCI_FINANCE_BUSI_INFO.CciFinanceBusiInfoFormResult">
		SELECT * FROM ${SUBSYSTEM_SCHEMA}CCI_FINANCE_BUSI_INFO_H a
		<include refid="whereCondition"/>
	</select>
	
	<!-- 融资业务还款 -->
	<select id="getCCI_FINANCE_BUSI_REPAY_INFO"
		parameterClass="com.synesoft.cci.app.form.cbm.CciFinanceBusiRepayInfoForm"
		resultMap="CCI_FINANCE_BUSI_REPAY_INFO.CciFinanceBusiRepayInfoFormResult">
		SELECT * FROM ${SUBSYSTEM_SCHEMA}CCI_FINANCE_BUSI_REPAY_INFO_H a
		<include refid="whereCondition"/>
	</select>
	
	<!-- 自然人保证合同 -->
	<select id="getCCI_GUARANTEE_CON_INFO_NA" 
		parameterClass="com.synesoft.cci.app.form.cbm.CciGuaranteeConInfoNaForm"
		resultMap="CCI_GUARANTEE_CON_INFO_NA.CciGuaranteeConInfoNaFormResult">
		SELECT * FROM ${SUBSYSTEM_SCHEMA}CCI_GUARANTEE_CON_INFO_NA_H a
		<include refid="whereCondition"/>
	</select>
	
	<!-- 保证合同 -->
	<select id="getCCI_GUARANTEE_CONTRACT_INFO"
		parameterClass="com.synesoft.cci.app.form.cbm.CciGuaranteeContractInfoForm"
		resultMap="CCI_GUARANTEE_CONTRACT_INFO.CciGuaranteeContractInfoFormResult">
		SELECT * FROM ${SUBSYSTEM_SCHEMA}CCI_GUARANTEE_CONTRACT_INFO_H a
		<include refid="whereCondition"/>
	</select>
	
	<!-- 保函业务 -->
	<select id="getCCI_INDEMNITY_BUSI"
		parameterClass="com.synesoft.cci.app.form.cbm.CciIndemnityBusiForm"
		resultMap="CCI_INDEMNITY_BUSI.CciIndemnityBusiFormResult">
		SELECT * FROM ${SUBSYSTEM_SCHEMA}CCI_INDEMNITY_BUSI_H a
		<include refid="whereCondition"/>
	</select>
	
	<!-- 贷款业务展期 -->
	<select id="getCCI_LOAN_EXTENSION_INFO"
		parameterClass="com.synesoft.cci.app.form.cbm.CciLoanExtensionInfoForm"
		resultMap="CCI_LOAN_EXTENSION_INFO.CciLoanExtensionInfoFormResult">
		SELECT * FROM ${SUBSYSTEM_SCHEMA}CCI_LOAN_EXTENSION_INFO_H a
		<include refid="whereCondition"/>
	</select>
	
	<!-- 贷款业务借据 -->
	<select id="getCCI_LOAN_RECEIPT_INFO" 
		parameterClass="com.synesoft.cci.app.form.cbm.CciLoanReceiptInfoForm"
		resultMap="CCI_LOAN_RECEIPT_INFO.CciLoanReceiptInfoFormResult">
		SELECT * FROM ${SUBSYSTEM_SCHEMA}CCI_LOAN_RECEIPT_INFO_H a
		<include refid="whereCondition"/>
	</select>
	
	<!-- 贷款业务还款 -->
	<select id="getCCI_LOAN_REPAYMENT"
		parameterClass="com.synesoft.cci.app.form.cbm.CciLoanRepaymentForm"
		resultMap="CCI_LOAN_REPAYMENT.CciLoanRepaymentFormResult">
		SELECT * FROM ${SUBSYSTEM_SCHEMA}CCI_LOAN_REPAYMENT_H a
		<include refid="whereCondition"/>
	</select>
	
	<!-- 自然人抵押合同 -->
	<select id="getCCI_MORTGAGE_CON_INFO_NA"
		parameterClass="com.synesoft.cci.app.form.cbm.CciMortgageConInfoNaForm"
		resultMap="CCI_MORTGAGE_CON_INFO_NA.CciMortgageConInfoNaFormResult">
		SELECT * FROM ${SUBSYSTEM_SCHEMA}CCI_MORTGAGE_CON_INFO_NA_H a
		<include refid="whereCondition"/>
	</select>
	
	<!-- 抵押合同 -->
	<select id="getCCI_MORTGAGE_CONTRACT_INFO" 
		parameterClass="com.synesoft.cci.app.form.cbm.CciMortgageContractInfoForm"
		resultMap="CCI_MORTGAGE_CONTRACT_INFO.CciMortgageContractInfoFormResult">
		SELECT * FROM ${SUBSYSTEM_SCHEMA}CCI_MORTGAGE_CONTRACT_INFO_H a
		<include refid="whereCondition"/>
	</select>
	
	<!--update by gf Release V1.0 NO.39 start-->
	<!-- 机构基本信息 -->
    <!--update by gcj Release V1.0 NO.77 start-->
	<select id="getCCI_ORGINFO_BASIC" 
		parameterClass="com.synesoft.cci.app.form.obm.CciOrginfoBasicForm"
		resultMap="CCI_ORGINFO_BASIC.CciOrginfoBasicFormResult1">
    <!--update by gcj Release V1.0 NO.77 end-->
		SELECT * FROM ${SUBSYSTEM_SCHEMA}CCI_ORGINFO_BASIC_H a
		<include refid="whereCondition"/>
	</select>
	
	<!-- 机构基本属性 -->
	<select id="getCCI_ORGINFO_BASIC_PROPERTY" 
		parameterClass="com.synesoft.cci.app.form.obm.CciOrginfoBasicPropertyForm"
		resultMap="CCI_ORGINFO_BASIC_PROPERTY.CciOrginfoBasicPropertyFormResult">
		SELECT * FROM ${SUBSYSTEM_SCHEMA}CCI_ORGINFO_BASIC_PROPERTY_H a
		<include refid="whereCondition"/>
	</select>
	
	<!-- 机构联络  -->
    <!--update by gcj Release V1.0 NO.77 start-->
	<select id="getCCI_ORGINFO_CONTACT" 
		parameterClass="com.synesoft.cci.app.form.obm.CciOrginfoContactForm"
		resultMap="CCI_ORGINFO_CONTACT.CciOrginfoContactFormResult1">
    <!--update by gcj Release V1.0 NO.77 end-->
		SELECT * FROM ${SUBSYSTEM_SCHEMA}CCI_ORGINFO_CONTACT_H a
		<include refid="whereCondition"/>
	</select>
	
	<!-- 机构状态 -->
	<select id="getCCI_ORGINFO_ORG_STATUS" 
		parameterClass="com.synesoft.cci.app.form.obm.CciOrginfoOrgStatusForm"
		resultMap="CCI_ORGINFO_ORG_STATUS.CciOrginfoOrgStatusFormResult1">
		SELECT * FROM ${SUBSYSTEM_SCHEMA}CCI_ORGINFO_ORG_STATUS_H a
		<include refid="whereCondition"/>
	</select>
	
	<!-- 机构上级机构 -->
	<select id="getCCI_ORGINFO_SUPERIOR_MECH" 
		parameterClass="com.synesoft.cci.app.form.obm.CciOrginfoSuperiorMechForm"
		resultMap="CCI_ORGINFO_SUPERIOR_MECH.CciOrginfoSuperiorMechFormResult1">
		SELECT * FROM ${SUBSYSTEM_SCHEMA}CCI_ORGINFO_SUPERIOR_MECH_H a
		<include refid="whereCondition"/>
	</select>
	<!--update by gf Release V1.0 NO.39 end-->

	<!-- 机构信息删除 -->
	<select id="getCCI_ORGINFO_DELETE"
		parameterClass="com.synesoft.cci.app.form.dbm.CciOrginfoDeleteForm"
		resultMap="CCI_ORGINFO_DELETE.cciOrginfoDeleteFormResult">
		SELECT * FROM ${SUBSYSTEM_SCHEMA}CCI_ORGINFO_DELETE_H a
		<include refid="whereCondition"/>
	</select>

	<!-- 机构基本信息_高管 -->
	<select id="getCCI_ORGINFO_EXECUTIVE_RELA"
		parameterClass="com.synesoft.cci.app.form.obm.CciOrginfoExecutiveRelaForm"
		resultMap="CCI_ORGINFO_EXECUTIVE_RELA.cciOrginfoExecutiveRelaFormResult">
		SELECT * FROM ${SUBSYSTEM_SCHEMA}CCI_ORGINFO_EXECUTIVE_RELA_H a
		<include refid="whereCondition"/>
	</select>
	
	<!-- 家族成员删除 -->
	<select id="getCCI_ORGINFO_FAMILY_MEM_DEL"
		parameterClass="com.synesoft.cci.app.form.dbm.CciOrginfoFamilyMemDelForm"
		resultMap="CCI_ORGINFO_FAMILY_MEM_DEL.cciOrginfoFamilyMemDelFormResult">
		SELECT * FROM ${SUBSYSTEM_SCHEMA}CCI_ORGINFO_FAMILY_MEM_DEL_H a
		<include refid="whereCondition"/>
	</select>
	
	<!-- 家族成员 -->
	<select id="getCCI_ORGINFO_FAMILY_MEMBERS"
		parameterClass="com.synesoft.cci.app.form.obm.CciOrginfoFamilyMembersForm"
		resultMap="CCI_ORGINFO_FAMILY_MEMBERS.cciOrginfoFamilyMembersFormResult">
		SELECT * FROM ${SUBSYSTEM_SCHEMA}CCI_ORGINFO_FAMILY_MEMBERS_H a 
		<include refid="whereCondition"/>
	</select>
	
	<!-- 机构基本信息_主要关联企业 -->
	<select id="getCCI_ORGINFO_IMPORT_REL_COR"
		parameterClass="com.synesoft.cci.app.form.obm.CciOrginfoImportRelCorForm"
		resultMap="CCI_ORGINFO_IMPORT_REL_COR.cciOrginfoImportRelCorFormResult">
		SELECT * FROM ${SUBSYSTEM_SCHEMA}CCI_ORGINFO_IMPORT_REL_COR_H a
		<include refid="whereCondition"/>
	</select>
	
	<!-- 机构基本信息_重要股东 -->
	<select id="getCCI_ORGINFO_IMPORT_S_H" 
		parameterClass="com.synesoft.cci.app.form.obm.CciOrginfoImportshForm"
		resultMap="CCI_ORGINFO_IMPORT_S_H.cciOrginfoImportshFormResult">
		SELECT * FROM ${SUBSYSTEM_SCHEMA}CCI_ORGINFO_IMPORT_S_H_H a
		<include refid="whereCondition"/>
	</select>
	
	<!-- 质押合同 -->
	<select id="getCCI_PLEDGE_CONTRACT_INFO"
		parameterClass="com.synesoft.cci.app.form.cbm.CciPledgeContractInfoForm"
		resultMap="CCI_PLEDGE_CONTRACT_INFO.CciPledgeContractInfoFormResult">
		SELECT * FROM ${SUBSYSTEM_SCHEMA}CCI_PLEDGE_CONTRACT_INFO_H a
		<include refid="whereCondition"/>
	</select>
	
	<!-- 自然人质押合同 -->
	<select id="getCCI_PLEDGE_CONTRACT_INFO_NA" 
		parameterClass="com.synesoft.cci.app.form.cbm.CciPledgeContractInfoNaForm"
		resultMap="CCI_PLEDGE_CONTRACT_INFO_NA.CciPledgeContractInfoNaFormResult">
		SELECT * FROM ${SUBSYSTEM_SCHEMA}CCI_PLEDGE_CONTRACT_INFO_NA_H a
		<include refid="whereCondition"/>
	</select>
	
	<!-- 2002版利润及利润分配 -->
	<select id="getCCI_PROFIT_DISTRIBUT_2002"
		parameterClass="com.synesoft.cci.app.form.bbm.CciProfitDistribut2002Form"
		resultMap="CCI_PROFIT_DISTRIBUT_2002.cciProfitDistribut2002FormResult">
		SELECT * FROM ${SUBSYSTEM_SCHEMA}CCI_PROFIT_DISTRIBUT_2002_H a
		<include refid="whereCondition"/>
	</select>
	
	<!-- 2007版利润及利润分配 -->
	<select id="getCCI_PROFIT_DISTRIBUT_2007"
		parameterClass="com.synesoft.cci.app.form.bbm.CciProfitDistribut2007Form"
		resultMap="CCI_PROFIT_DISTRIBUT_2007.cciProfitDistribut2007FormResult">
		SELECT * FROM ${SUBSYSTEM_SCHEMA}CCI_PROFIT_DISTRIBUT_2007_H a
		<include refid="whereCondition"/>
	</select>
	
	<!-- 授信业务 -->
	<select id="getCCI_PUBLIC_CREDIT_INFO"
		parameterClass="com.synesoft.cci.app.form.cbm.CciPublicCreditInfoForm"
		resultMap="CCI_PUBLIC_CREDIT_INFO.CciPublicCreditInfoFormResult">
		SELECT * FROM ${SUBSYSTEM_SCHEMA}CCI_PUBLIC_CREDIT_INFO_H a
		<include refid="whereCondition"/>
	</select>

	<!-- add by gcj 20160701 Release V1.0 NO.46 start -->
	<!-- 从最近业务view中获取业务数据 -->
	<select id="getCurntBusiDataFromView" parameterClass="java.util.HashMap" resultClass="java.util.HashMap" remapResults="true">
		SELECT * FROM ${SUBSYSTEM_SCHEMA}CCI_CURNT_BUSI_CTL_VIEW b
		<iterate property="tableNameList">
			INNER JOIN ${SUBSYSTEM_SCHEMA}$tableNameList[]$ $tableNameList[]$
			ON $tableNameList[]$.SYS_CTL_ID = b.SYS_CTL_ID AND $tableNameList[]$.SEQ_NUM = b.SEQ_NUM
		</iterate>
		WHERE 1 = 1
        <!-- upd by gcj 20160809 Release V1.0 NO.79 start-->
		AND b.FEEDBACK_FLAG != '4' <!-- 反馈成功已删除 -->
		<dynamic>
			<isNotEmpty prepend="AND" property="relationSysCtlId">
				b.RELATION_SYS_CTL_ID = #relationSysCtlId#
			</isNotEmpty>
			<isNotEmpty prepend="AND" property="sysCtlId">
				b.SYS_CTL_ID = #sysCtlId#
			</isNotEmpty>
			<isNotEmpty prepend="AND" property="seqNum">
				b.SEQ_NUM = #seqNum#
			</isNotEmpty>
			<isNotEmpty prepend="AND" property="parentI">
				$parentITableNm$.PARENT_I = #parentI#
			</isNotEmpty>
            <!-- upd by gcj 20160809 Release V1.0 NO.79 end-->
		</dynamic>
		order by b.SEQ_NUM desc
	</select>
	<!-- add by gcj 20160701 Release V1.0 NO.46 end -->
	
	<!-- add by gcj 20161209 Release V1.0 NO.B2 start Release V1.0 NO.273-->
	<select id="getCurntBusiData" parameterClass="java.util.HashMap" resultClass="java.util.HashMap" remapResults="true">
		SELECT * FROM ${SUBSYSTEM_SCHEMA}CCI_REPORT_SYSTEM_CTL b
			INNER JOIN ${SUBSYSTEM_SCHEMA}$tableName$
			ON $tableName$.SYS_CTL_ID = b.SYS_CTL_ID
		WHERE 1 = 1
		AND b.LOGIC_DELETE_FLAG = '0' <!-- 未删除 -->
		<dynamic>
			<iterate property="keyMapList">
				AND $keyMapList[]$
			</iterate>
			<isNotEmpty prepend="AND" property="sysCtlId">
				b.SYS_CTL_ID != #sysCtlId#
			</isNotEmpty>
			<isNotEmpty prepend="AND" property="feedbackFlag">
				b.FEEDBACK_FLAG = #feedbackFlag#
			</isNotEmpty>
			<isEmpty prepend="AND" property="feedbackFlag">
				b.FEEDBACK_FLAG != '4' <!-- 反馈成功已删除 -->				
			</isEmpty>
		</dynamic>
		<!-- add by gcj 20170427 Release V1.0 NO.439 start -->
		<isNotEmpty property="busiDate">
			<!-- add by gcj 20170623 Release V1.0 NO.486 start -->
			order by $busiDate$
			<!-- add by gcj 20170623 Release V1.0 NO.486 end -->
		</isNotEmpty>
		<!-- add by gcj 20170427 Release V1.0 NO.439 end -->
	</select>
	<select id="getHistBusiData" parameterClass="java.util.HashMap" resultClass="java.util.HashMap" remapResults="true">
		SELECT * FROM ${SUBSYSTEM_SCHEMA}CCI_REPORT_SYSTEM_CTL_H b
			INNER JOIN ${SUBSYSTEM_SCHEMA}$tableName$
			ON $tableName$.SYS_CTL_ID = b.SYS_CTL_ID AND $tableName$.SEQ_NUM = b.SEQ_NUM
		WHERE 1 = 1
		AND b.LOGIC_DELETE_FLAG = '0' <!-- 未删除 -->
		<dynamic>
			<iterate property="keyMapList">
				AND $keyMapList[]$
			</iterate>
			<isNotEmpty prepend="AND" property="feedbackFlag">
				b.FEEDBACK_FLAG = #feedbackFlag#
			</isNotEmpty>
			<isEmpty prepend="AND" property="feedbackFlag">
				b.FEEDBACK_FLAG = '1' <!-- 反馈成功 --><!-- upd by gy 20170322 Release V1.0 NO.395 oneline -->	
			</isEmpty>
		</dynamic>
		<!-- add by gcj 20170427 Release V1.0 NO.439 start -->
		<isNotEmpty property="busiDate">
			<!-- add by gcj 20170623 Release V1.0 NO.486 start -->
			order by $busiDate$
			<!-- add by gcj 20170623 Release V1.0 NO.486 end -->
		</isNotEmpty>
		<!-- add by gcj 20170427 Release V1.0 NO.439 end -->
	</select>
	<!-- add by gcj 20161209 Release V1.0 NO.B2 end -->
	
	<!-- add by gy 20161212 Release V1.0 NO.B2 start -->
	<!-- 从历史表获取业务数据 -->
	<select id="getBusiFromHisByParentId" parameterClass="java.util.HashMap" resultClass="java.util.HashMap" remapResults="true">
		SELECT * FROM ${SUBSYSTEM_SCHEMA}CCI_REPORT_SYSTEM_CTL_H b
			INNER JOIN ${SUBSYSTEM_SCHEMA}$tableNameH$ a
			ON a.SYS_CTL_ID = b.SYS_CTL_ID AND a.SEQ_NUM = b.SEQ_NUM
		WHERE 1 = 1
		AND b.FEEDBACK_FLAG = '1' <!-- 反馈成功 --><!-- upd by gy 20170322 Release V1.0 NO.395 oneline -->	
		<dynamic>
			<isNotEmpty prepend="AND" property="relationSysCtlId">
				b.RELATION_SYS_CTL_ID = #relationSysCtlId#
			</isNotEmpty>
			<isNotEmpty prepend="AND" property="sysCtlId">
				b.SYS_CTL_ID = #sysCtlId#
			</isNotEmpty>
			<isNotEmpty prepend="AND" property="seqNum">
				b.SEQ_NUM = #seqNum#
			</isNotEmpty>
			<isNotEmpty prepend="AND" property="parentI">
				a.PARENT_I = #parentI#
			</isNotEmpty>
		</dynamic>
		order by b.SEQ_NUM desc
	</select>
	
	<select id="getBusiFromNowByParentId" parameterClass="java.util.HashMap" resultClass="java.util.HashMap" remapResults="true">
		SELECT * FROM ${SUBSYSTEM_SCHEMA}CCI_REPORT_SYSTEM_CTL b
			INNER JOIN ${SUBSYSTEM_SCHEMA}$tableName$ a
			ON a.SYS_CTL_ID = b.SYS_CTL_ID
		WHERE 1 = 1
		AND b.FEEDBACK_FLAG != '4' <!-- 反馈成功已删除 -->
		<dynamic>
			<isNotEmpty prepend="AND" property="relationSysCtlId">
				b.RELATION_SYS_CTL_ID = #relationSysCtlId#
			</isNotEmpty>
			<isNotEmpty prepend="AND" property="sysCtlId">
				b.SYS_CTL_ID = #sysCtlId#
			</isNotEmpty>
			<isNotEmpty prepend="AND" property="parentI">
				a.PARENT_I = #parentI#
			</isNotEmpty>
		</dynamic>
	</select>
	<!-- add by gy 20161212 Release V1.0 NO.B2 end -->
</sqlMap>