<?xml version="1.0" encoding="UTF-8" ?>
<!DOCTYPE sqlMap PUBLIC "-//ibatis.apache.org//DTD SQL Map 2.0//EN" "http://ibatis.apache.org/dtd/sql-map-2.dtd" >
<sqlMap namespace="CCI_BUSI_UNIT_ASSETS_LIA">
	<resultMap id="cciBusiUnitAssetsLiaResult"
		class="com.synesoft.cci.domain.model.CciBusiUnitAssetsLia">
		<!-- WARNING - This element is automatically generated by Abator for iBATIS, 
			do not modify. This element was generated on Fri Oct 30 15:02:45 CST 2015. -->
		<result column="SYS_CTL_ID" property="sysCtlId" jdbcType="VARCHAR" />
		<result column="CASH" property="cash" jdbcType="DECIMAL" />
		<result column="BANK_DEPOSIT" property="bankDeposit" jdbcType="DECIMAL" />
		<result column="NOTES_RECEIVABLE" property="notesReceivable"
			jdbcType="DECIMAL" />
		<result column="ACCOUNTS_RECEIVABLE" property="accountsReceivable"
			jdbcType="DECIMAL" />
		<result column="ADVANCE_PAYMENT" property="advancePayment"
			jdbcType="DECIMAL" />
		<result column="OTHER_ACCOUNTS_RECEIVABLE" property="otherAccountsReceivable"
			jdbcType="DECIMAL" />
		<result column="MATERIAL" property="material" jdbcType="DECIMAL" />
		<result column="FINISHED_PRODUCT" property="finishedProduct"
			jdbcType="DECIMAL" />
		<result column="OUTBOUND_INVESTMENT" property="outboundInvestment"
			jdbcType="DECIMAL" />
		<result column="FIXED_ASSETS" property="fixedAssets" jdbcType="DECIMAL" />
		<result column="INTANGIBLE_ASSETS" property="intangibleAssets"
			jdbcType="DECIMAL" />
		<result column="TOTAL_ASSETS" property="totalAssets" jdbcType="DECIMAL" />
		<result column="ALLOCATE_FUNDS" property="allocateFunds"
			jdbcType="DECIMAL" />
		<result column="ALLOCATE_SPECIAL_FUND" property="allocateSpecialFund"
			jdbcType="DECIMAL" />
		<result column="SPECIAL_EXPENSE" property="specialExpense"
			jdbcType="DECIMAL" />
		<result column="CAREER_EXPENSE" property="careerExpense"
			jdbcType="DECIMAL" />
		<result column="BUSI_EXPENSE" property="busiExpense" jdbcType="DECIMAL" />
		<result column="COST" property="cost" jdbcType="DECIMAL" />
		<result column="SALES_TAX" property="salesTax" jdbcType="DECIMAL" />
		<result column="PAID_UPPER_EXPENSE" property="paidUpperExpense"
			jdbcType="DECIMAL" />
		<result column="SUBSIDIARY_SUBUNIT" property="subsidiarySubunit"
			jdbcType="DECIMAL" />
		<result column="SELF_FINANCING_INFRASTRUCTURE" property="selfFinancingInfrastructure"
			jdbcType="DECIMAL" />
		<result column="TOTAL_EXPENSE" property="totalExpense"
			jdbcType="DECIMAL" />
		<result column="TOTAL_DEPART_CLASS_ASSETS" property="totalDepartClassAssets"
			jdbcType="DECIMAL" />
		<result column="DEBIT_FUND" property="debitFund" jdbcType="DECIMAL" />
		<result column="NOTES_PAYABLE" property="notesPayable"
			jdbcType="DECIMAL" />
		<result column="ACCOUNTS_PAYABLE" property="accountsPayable"
			jdbcType="DECIMAL" />
		<result column="ACCOUNTS_COLLECT_IN_ADVANCE" property="accountsCollectInAdvance"
			jdbcType="DECIMAL" />
		<result column="OTHER_PAYABLE" property="otherPayable"
			jdbcType="DECIMAL" />
		<result column="BUDGET_FUND_PAYABLE" property="budgetFundPayable"
			jdbcType="DECIMAL" />
		<result column="FINANCIAL_SPECIAL_FUND_PAYABLE" property="financialSpecialFundPayable"
			jdbcType="DECIMAL" />
		<result column="TAX_PAYABLE" property="taxPayable" jdbcType="DECIMAL" />
		<result column="TOTAL_LIABILITY" property="totalLiability"
			jdbcType="DECIMAL" />
		<result column="CAREER_FUND" property="careerFund" jdbcType="DECIMAL" />
		<result column="NORMAL_FUND" property="normalFund" jdbcType="DECIMAL" />
		<result column="INVESTMENT_FUND" property="investmentFund"
			jdbcType="DECIMAL" />
		<result column="FIXED_FUND" property="fixedFund" jdbcType="DECIMAL" />
		<result column="SPECIAL_FUND" property="specialFund" jdbcType="DECIMAL" />
		<result column="CAREER_BALANCE" property="careerBalance"
			jdbcType="DECIMAL" />
		<result column="BUSI_BALANCE" property="busiBalance" jdbcType="DECIMAL" />
		<result column="TOTAL_NET_ASSETS" property="totalNetAssets"
			jdbcType="DECIMAL" />
		<result column="FINANCIAL_SUBSIDY_INCOME" property="financialSubsidyIncome"
			jdbcType="DECIMAL" />
		<result column="SUPERIOR_SUBSIDY_INCOME" property="superiorSubsidyIncome"
			jdbcType="DECIMAL" />
		<result column="DAIL_SPECIAL_FUND" property="dailSpecialFund"
			jdbcType="DECIMAL" />
		<result column="CAREER_INCOME" property="careerIncome"
			jdbcType="DECIMAL" />
		<result column="BUSI_INCOME" property="busiIncome" jdbcType="DECIMAL" />
		<result column="SUBUNIT_PAYMENT" property="subunitPayment"
			jdbcType="DECIMAL" />
		<result column="OTHER_INCOME" property="otherIncome" jdbcType="DECIMAL" />
		<result column="TOTAL_INCOME" property="totalIncome" jdbcType="DECIMAL" />
		<result column="TOTAL_LIABILITIES" property="totalLiabilities"
			jdbcType="DECIMAL" />
		<result column="CUSTOMER_CODE" property="customerCode"
			jdbcType="VARCHAR" />
		<result column="REPORT_YEAR" property="reportYear" jdbcType="VARCHAR" />
		<result column="REPORT_TYPE" property="reportType" jdbcType="VARCHAR" />
		<result column="REPORT_TYPE_SUBDIVISION" property="reportTypeSubdivision"
			jdbcType="VARCHAR" />
		<result column="BORROWER_NAME" property="borrowerName"
			jdbcType="VARCHAR" />
		<result column="LOAN_CARD_NO" property="loanCardNo" jdbcType="VARCHAR" />
		<result column="AUDIT_FIRM_NAME" property="auditFirmName"
			jdbcType="VARCHAR" />
		<result column="AUDITOR_NAME" property="auditorName" jdbcType="VARCHAR" />
		<result column="CHECK_TIME_C" property="checkTimeC" jdbcType="VARCHAR" />
		<result column="BUSI_DATE" property="busiDate" jdbcType="VARCHAR" />
	</resultMap>

	<resultMap id="cciBusiUnitAssetsLiaFormResult"
		class="com.synesoft.cci.app.form.bbm.CciBusiUnitAssetsLiaForm">
		<!-- WARNING - This element is automatically generated by Abator for iBATIS, 
			do not modify. This element was generated on Fri Oct 30 15:02:45 CST 2015. -->
		<result column="RELATION_FEEDBACK_ID" property="relationFeedbackId" jdbcType="VARCHAR"/>
		<result column="SYS_CTL_ID" property="sysCtlId" jdbcType="VARCHAR" />
		<result column="CASH" property="cash" jdbcType="DECIMAL" />
		<result column="BANK_DEPOSIT" property="bankDeposit" jdbcType="DECIMAL" />
		<result column="NOTES_RECEIVABLE" property="notesReceivable"
			jdbcType="DECIMAL" />
		<result column="ACCOUNTS_RECEIVABLE" property="accountsReceivable"
			jdbcType="DECIMAL" />
		<result column="ADVANCE_PAYMENT" property="advancePayment"
			jdbcType="DECIMAL" />
		<result column="OTHER_ACCOUNTS_RECEIVABLE" property="otherAccountsReceivable"
			jdbcType="DECIMAL" />
		<result column="MATERIAL" property="material" jdbcType="DECIMAL" />
		<result column="FINISHED_PRODUCT" property="finishedProduct"
			jdbcType="DECIMAL" />
		<result column="OUTBOUND_INVESTMENT" property="outboundInvestment"
			jdbcType="DECIMAL" />
		<result column="FIXED_ASSETS" property="fixedAssets" jdbcType="DECIMAL" />
		<result column="INTANGIBLE_ASSETS" property="intangibleAssets"
			jdbcType="DECIMAL" />
		<result column="TOTAL_ASSETS" property="totalAssets" jdbcType="DECIMAL" />
		<result column="ALLOCATE_FUNDS" property="allocateFunds"
			jdbcType="DECIMAL" />
		<result column="ALLOCATE_SPECIAL_FUND" property="allocateSpecialFund"
			jdbcType="DECIMAL" />
		<result column="SPECIAL_EXPENSE" property="specialExpense"
			jdbcType="DECIMAL" />
		<result column="CAREER_EXPENSE" property="careerExpense"
			jdbcType="DECIMAL" />
		<result column="BUSI_EXPENSE" property="busiExpense" jdbcType="DECIMAL" />
		<result column="COST" property="cost" jdbcType="DECIMAL" />
		<result column="SALES_TAX" property="salesTax" jdbcType="DECIMAL" />
		<result column="PAID_UPPER_EXPENSE" property="paidUpperExpense"
			jdbcType="DECIMAL" />
		<result column="SUBSIDIARY_SUBUNIT" property="subsidiarySubunit"
			jdbcType="DECIMAL" />
		<result column="SELF_FINANCING_INFRASTRUCTURE" property="selfFinancingInfrastructure"
			jdbcType="DECIMAL" />
		<result column="TOTAL_EXPENSE" property="totalExpense"
			jdbcType="DECIMAL" />
		<result column="TOTAL_DEPART_CLASS_ASSETS" property="totalDepartClassAssets"
			jdbcType="DECIMAL" />
		<result column="DEBIT_FUND" property="debitFund" jdbcType="DECIMAL" />
		<result column="NOTES_PAYABLE" property="notesPayable"
			jdbcType="DECIMAL" />
		<result column="ACCOUNTS_PAYABLE" property="accountsPayable"
			jdbcType="DECIMAL" />
		<result column="ACCOUNTS_COLLECT_IN_ADVANCE" property="accountsCollectInAdvance"
			jdbcType="DECIMAL" />
		<result column="OTHER_PAYABLE" property="otherPayable"
			jdbcType="DECIMAL" />
		<result column="BUDGET_FUND_PAYABLE" property="budgetFundPayable"
			jdbcType="DECIMAL" />
		<result column="FINANCIAL_SPECIAL_FUND_PAYABLE" property="financialSpecialFundPayable"
			jdbcType="DECIMAL" />
		<result column="TAX_PAYABLE" property="taxPayable" jdbcType="DECIMAL" />
		<result column="TOTAL_LIABILITY" property="totalLiability"
			jdbcType="DECIMAL" />
		<result column="CAREER_FUND" property="careerFund" jdbcType="DECIMAL" />
		<result column="NORMAL_FUND" property="normalFund" jdbcType="DECIMAL" />
		<result column="INVESTMENT_FUND" property="investmentFund"
			jdbcType="DECIMAL" />
		<result column="FIXED_FUND" property="fixedFund" jdbcType="DECIMAL" />
		<result column="SPECIAL_FUND" property="specialFund" jdbcType="DECIMAL" />
		<result column="CAREER_BALANCE" property="careerBalance"
			jdbcType="DECIMAL" />
		<result column="BUSI_BALANCE" property="busiBalance" jdbcType="DECIMAL" />
		<result column="TOTAL_NET_ASSETS" property="totalNetAssets"
			jdbcType="DECIMAL" />
		<result column="FINANCIAL_SUBSIDY_INCOME" property="financialSubsidyIncome"
			jdbcType="DECIMAL" />
		<result column="SUPERIOR_SUBSIDY_INCOME" property="superiorSubsidyIncome"
			jdbcType="DECIMAL" />
		<result column="DAIL_SPECIAL_FUND" property="dailSpecialFund"
			jdbcType="DECIMAL" />
		<result column="CAREER_INCOME" property="careerIncome"
			jdbcType="DECIMAL" />
		<result column="BUSI_INCOME" property="busiIncome" jdbcType="DECIMAL" />
		<result column="SUBUNIT_PAYMENT" property="subunitPayment"
			jdbcType="DECIMAL" />
		<result column="OTHER_INCOME" property="otherIncome" jdbcType="DECIMAL" />
		<result column="TOTAL_INCOME" property="totalIncome" jdbcType="DECIMAL" />
		<result column="TOTAL_LIABILITIES" property="totalLiabilities"
			jdbcType="DECIMAL" />
		<result column="CUSTOMER_CODE" property="customerCode"
			jdbcType="VARCHAR" />
		<result column="REPORT_YEAR" property="reportYear" jdbcType="VARCHAR" />
		<result column="REPORT_TYPE" property="reportType" jdbcType="VARCHAR" />
		<result column="REPORT_TYPE_SUBDIVISION" property="reportTypeSubdivision"
			jdbcType="VARCHAR" />
		<result column="BORROWER_NAME" property="borrowerName"
			jdbcType="VARCHAR" />
		<result column="LOAN_CARD_NO" property="loanCardNo" jdbcType="VARCHAR" />
		<result column="AUDIT_FIRM_NAME" property="auditFirmName"
			jdbcType="VARCHAR" />
		<result column="AUDITOR_NAME" property="auditorName" jdbcType="VARCHAR" />
		<result column="CHECK_TIME_C" property="checkTimeC" jdbcType="VARCHAR" />
		<result column="BUSI_DATE" property="busiDate" jdbcType="VARCHAR" />
		<result column="FILE_SEND_DATE" property="fileSendDate"
			jdbcType="VARCHAR" />
		<result column="REPORT_BATCH_NO" property="reportBatchNo"
			jdbcType="VARCHAR" />
		<result column="MSG_RECORD_TRACKING_NO" property="msgRecordTrackingNo"
			jdbcType="VARCHAR" />
		<result column="MSG_RECORD_OPERATE_TYPE" property="msgRecordOperateType"
			jdbcType="VARCHAR" />
		<result column="MSG_RECORD_ROW" property="msgRecordRow"
			jdbcType="VARCHAR" />
		<result column="REPORT_FLAG" property="reportFlag" jdbcType="VARCHAR" />
		<result column="FEEDBACK_FLAG" property="feedbackFlag"
			jdbcType="VARCHAR" />
		<result column="DEPT_ID" property="deptId" jdbcType="VARCHAR" />
		<result column="OPERATING_STATE" property="operatingState"
			jdbcType="VARCHAR" />
		<result column="REPORT_FILE_TYPE" property="reportFileType"
			jdbcType="VARCHAR" />
		<result column="MSG_RECORD_TYPE" property="msgRecordType"
			jdbcType="VARCHAR" />
		<result column="BRANCH_ID" property="branchId" jdbcType="VARCHAR" />
		<result column="BRANCH_NO" property="branchNo" jdbcType="VARCHAR" />
		<result column="RELATION_SYS_CTL_ID" property="relationSysCtlId"
			jdbcType="VARCHAR" />
		<result column="ORG_BASIC_FEEDBACK_FLAG" property="orgBasicFeedbackFlag"
			jdbcType="VARCHAR" />
		<result column="OPERATE_TIME" property="operateTime" jdbcType="VARCHAR" />
		<result column="OPERATER" property="operater" jdbcType="VARCHAR" />
		<result column="CHECK_TIME" property="checkTime" jdbcType="VARCHAR" />
		<result column="CHECK_OPERATOR" property="checkOperator"
			jdbcType="VARCHAR" />
		<result column="CHECK_ADD_MSG" property="checkAddMsg" jdbcType="VARCHAR" />
		<result column="LAST_UPDATE_TIME" property="lastUpdateTime"
			jdbcType="VARCHAR" />
		<result column="LAST_UPDATER" property="lastUpdater" jdbcType="VARCHAR" />
		<result column="LOGIC_DELETE_FLAG" property="logicDeleteFlag"
			jdbcType="VARCHAR" />
		<result column="RECORD_STATUS_FLAG" property="recordStatusFlag"
			jdbcType="VARCHAR" />
		<result column="MESSAGE_TYPE" property="messageType" jdbcType="VARCHAR" />
	</resultMap>
	<!-- add by yb 2017-05-04 Release V1.0 NO.444 start -->
	<sql id="queryCondition">
	    from ${SUBSYSTEM_SCHEMA}CCI_BUSI_UNIT_ASSETS_LIA a 
		inner join	${SUBSYSTEM_SCHEMA}CCI_REPORT_SYSTEM_CTL b
		on a.SYS_CTL_ID =
		b.SYS_CTL_ID
		where 1=1
		<dynamic>
			<isNotEmpty prepend="and" property="orgInfList">
				<iterate property="orgInfList" open="b.BRANCH_NO IN ("
					close=")" conjunction=",">
					#orgInfList[]#
				</iterate>
			</isNotEmpty>
			<isNotEmpty prepend="and" property="branchId">
				b.BRANCH_ID =
				#branchId:VARCHAR#
			</isNotEmpty>
			<!-- add by yb 2016-11-30 Release V1.0 NO.B9 start -->
			<isNotEmpty prepend="and" property="busiDateStart">
				<![CDATA[a.BUSI_DATE >=]]> #busiDateStart# 
			</isNotEmpty>
			<isNotEmpty prepend="and" property="busiDateEnd">
				<![CDATA[a.BUSI_DATE <=]]> #busiDateEnd#
			</isNotEmpty>
			<isNotEmpty prepend="and" property="fileSendDateStart">
				<![CDATA[b.FILE_SEND_DATE >=]]> #fileSendDateStart# 
			</isNotEmpty>
			<isNotEmpty prepend="and" property="fileSendDateEnd">
				<![CDATA[b.FILE_SEND_DATE <=]]> #fileSendDateEnd#
			</isNotEmpty>
			<!-- add by yb 2016-11-30 Release V1.0 NO.B9 end -->
			<isNotEmpty prepend="and" property="branchNo">
				b.BRANCH_NO =
				#branchNo:VARCHAR#
			</isNotEmpty>
			<isNotEmpty prepend="and" property="customerCode">
				a.CUSTOMER_CODE =
				#customerCode:VARCHAR#
			</isNotEmpty>
			<isNotEmpty prepend="and" property="reportYear">
				a.REPORT_YEAR =
				#reportYear:VARCHAR#
			</isNotEmpty>
			<isNotEmpty prepend="and" property="reportType">
				a.REPORT_TYPE =
				#reportType:VARCHAR#
			</isNotEmpty>
			<isNotEmpty prepend="and" property="reportTypeSubdivision">
				a.REPORT_TYPE_SUBDIVISION = #reportTypeSubdivision:VARCHAR#
			</isNotEmpty>
			<isNotEmpty prepend="and" property="feedbackFlag">
				b.FEEDBACK_FLAG =
				#feedbackFlag:VARCHAR#
			</isNotEmpty>
			<isNotEmpty prepend="and" property="operatingState">
				b.OPERATING_STATE =
				#operatingState:VARCHAR#
			</isNotEmpty>
			<isNotEmpty prepend="and" property="reportFlag">
				b.REPORT_FLAG =
				#reportFlag:VARCHAR#
			</isNotEmpty>
			<isNotEmpty prepend="and" property="opStsList">
				<iterate property="opStsList" open="b.OPERATING_STATE IN ("
					close=")" conjunction=",">
					#opStsList[]#
				</iterate>
			</isNotEmpty>
			<isNotEmpty prepend="and" property="feedbackFlagList">
				<iterate property="feedbackFlagList" open="b.FEEDBACK_FLAG IN ("
					close=")" conjunction=",">
					#feedbackFlagList[]#
				</iterate>
			</isNotEmpty>
		</dynamic>
		AND b.LOGIC_DELETE_FLAG NOT IN ('1')
	</sql>
	<!-- add by yb 2017-05-04 Release V1.0 NO.444 end -->

	<select id="selectByPrimaryKey" resultMap="cciBusiUnitAssetsLiaFormResult"
		parameterClass="com.synesoft.cci.app.form.bbm.CciBusiUnitAssetsLiaForm">
		<!-- update by ld at 20160902 Release V1.0 NO.109-->
		select a.*
		<include refid="CCI_COM_REPORT_SYSTEM_FIELD.selectReportField"/>
		from ${SUBSYSTEM_SCHEMA}CCI_BUSI_UNIT_ASSETS_LIA a 
		inner join ${SUBSYSTEM_SCHEMA}CCI_REPORT_SYSTEM_CTL b
		on a.SYS_CTL_ID =
		b.SYS_CTL_ID
		where 1=1
		<dynamic>
			<isNotEmpty prepend="and" property="sysCtlId">
				a.SYS_CTL_ID =
				#sysCtlId:VARCHAR#
			</isNotEmpty>
		</dynamic>
	</select>

	<select id="selectCounts" parameterClass="com.synesoft.cci.app.form.bbm.CciBusiUnitAssetsLiaForm"
		resultClass="java.lang.Integer">
		select count(*) 
		<!-- add by yb 2017-05-04 Release V1.0 NO.444 start -->
		<include refid="queryCondition"/>
		<!-- add by yb 2017-05-04 Release V1.0 NO.444 end -->
	</select>

	<select id="selectList" resultMap="cciBusiUnitAssetsLiaFormResult"
		parameterClass="com.synesoft.cci.app.form.bbm.CciBusiUnitAssetsLiaForm">
		<!-- update by ld at 20160902 Release V1.0 NO.109-->
		select a.*
		<include refid="CCI_COM_REPORT_SYSTEM_FIELD.selectReportField"/>
		<!-- add by yb 2017-05-04 Release V1.0 NO.444 start -->
		<include refid="queryCondition"/>
		<!-- add by yb 2017-05-04 Release V1.0 NO.444 end -->
		ORDER BY
			<!-- add by gl 20160612 Release V1.0 NO.6 start--> 
			b.LAST_UPDATE_TIME DESC,
			<!-- add by gl 20160612 Release V1.0 NO.6 end-->
			a.SYS_CTL_ID DESC
	</select>

	<insert id="insert" parameterClass="com.synesoft.cci.app.form.bbm.CciBusiUnitAssetsLiaForm">
		<!-- WARNING - This element is automatically generated by Abator for iBATIS, 
			do not modify. This element was generated on Fri Oct 30 15:02:45 CST 2015. -->
		insert into ${SUBSYSTEM_SCHEMA}CCI_BUSI_UNIT_ASSETS_LIA (SYS_CTL_ID,
		CASH, BANK_DEPOSIT, NOTES_RECEIVABLE,
		ACCOUNTS_RECEIVABLE,
		ADVANCE_PAYMENT, OTHER_ACCOUNTS_RECEIVABLE, MATERIAL,
		FINISHED_PRODUCT,
		OUTBOUND_INVESTMENT, FIXED_ASSETS, INTANGIBLE_ASSETS,
		TOTAL_ASSETS, ALLOCATE_FUNDS,
		ALLOCATE_SPECIAL_FUND, SPECIAL_EXPENSE,
		CAREER_EXPENSE, BUSI_EXPENSE,
		COST, SALES_TAX,
		PAID_UPPER_EXPENSE,
		SUBSIDIARY_SUBUNIT, SELF_FINANCING_INFRASTRUCTURE, TOTAL_EXPENSE,
		TOTAL_DEPART_CLASS_ASSETS, DEBIT_FUND, NOTES_PAYABLE,
		ACCOUNTS_PAYABLE,
		ACCOUNTS_COLLECT_IN_ADVANCE, OTHER_PAYABLE,
		BUDGET_FUND_PAYABLE,
		FINANCIAL_SPECIAL_FUND_PAYABLE, TAX_PAYABLE,
		TOTAL_LIABILITY, CAREER_FUND, NORMAL_FUND,
		INVESTMENT_FUND, FIXED_FUND,
		SPECIAL_FUND, CAREER_BALANCE,
		BUSI_BALANCE, TOTAL_NET_ASSETS,
		FINANCIAL_SUBSIDY_INCOME, SUPERIOR_SUBSIDY_INCOME, DAIL_SPECIAL_FUND,
		CAREER_INCOME,
		BUSI_INCOME, SUBUNIT_PAYMENT, OTHER_INCOME,
		TOTAL_INCOME,
		TOTAL_LIABILITIES, CUSTOMER_CODE,
		REPORT_YEAR,
		REPORT_TYPE, REPORT_TYPE_SUBDIVISION, BORROWER_NAME, LOAN_CARD_NO,
		AUDIT_FIRM_NAME, AUDITOR_NAME, CHECK_TIME_C, BUSI_DATE)
		values
		(#sysCtlId:VARCHAR#, #cash:DECIMAL#, #bankDeposit:DECIMAL#,
		#notesReceivable:DECIMAL#,
		#accountsReceivable:DECIMAL#,
		#advancePayment:DECIMAL#, #otherAccountsReceivable:DECIMAL#,
		#material:DECIMAL#, #finishedProduct:DECIMAL#,
		#outboundInvestment:DECIMAL#,
		#fixedAssets:DECIMAL#,
		#intangibleAssets:DECIMAL#, #totalAssets:DECIMAL#,
		#allocateFunds:DECIMAL#, #allocateSpecialFund:DECIMAL#,
		#specialExpense:DECIMAL#,
		#careerExpense:DECIMAL#,
		#busiExpense:DECIMAL#, #cost:DECIMAL#, #salesTax:DECIMAL#,
		#paidUpperExpense:DECIMAL#, #subsidiarySubunit:DECIMAL#,
		#selfFinancingInfrastructure:DECIMAL#, #totalExpense:DECIMAL#,
		#totalDepartClassAssets:DECIMAL#, #debitFund:DECIMAL#,
		#notesPayable:DECIMAL#,
		#accountsPayable:DECIMAL#,
		#accountsCollectInAdvance:DECIMAL#, #otherPayable:DECIMAL#,
		#budgetFundPayable:DECIMAL#, #financialSpecialFundPayable:DECIMAL#,
		#taxPayable:DECIMAL#,
		#totalLiability:DECIMAL#, #careerFund:DECIMAL#,
		#normalFund:DECIMAL#,
		#investmentFund:DECIMAL#, #fixedFund:DECIMAL#,
		#specialFund:DECIMAL#, #careerBalance:DECIMAL#,
		#busiBalance:DECIMAL#,
		#totalNetAssets:DECIMAL#,
		#financialSubsidyIncome:DECIMAL#,
		#superiorSubsidyIncome:DECIMAL#, #dailSpecialFund:DECIMAL#,
		#careerIncome:DECIMAL#,
		#busiIncome:DECIMAL#, #subunitPayment:DECIMAL#,
		#otherIncome:DECIMAL#,
		#totalIncome:DECIMAL#,
		#totalLiabilities:DECIMAL#, #customerCode:VARCHAR#,
		#reportYear:VARCHAR#,
		#reportType:VARCHAR#,
		#reportTypeSubdivision:VARCHAR#, #borrowerName:VARCHAR#,
		#loanCardNo:VARCHAR#, #auditFirmName:VARCHAR#, #auditorName:VARCHAR#,
		#checkTimeC:VARCHAR#,
		#busiDate:VARCHAR#)
	</insert>
	<update id="updateByPrimaryKey" parameterClass="com.synesoft.cci.app.form.bbm.CciBusiUnitAssetsLiaForm">
		<!-- WARNING - This element is automatically generated by Abator for iBATIS, 
			do not modify. This element was generated on Fri Oct 30 15:02:45 CST 2015. -->
		update ${SUBSYSTEM_SCHEMA}CCI_BUSI_UNIT_ASSETS_LIA
		set CASH =
		#cash:DECIMAL#,
		BANK_DEPOSIT = #bankDeposit:DECIMAL#,
		NOTES_RECEIVABLE =
		#notesReceivable:DECIMAL#,
		ACCOUNTS_RECEIVABLE =
		#accountsReceivable:DECIMAL#,
		ADVANCE_PAYMENT =
		#advancePayment:DECIMAL#,
		OTHER_ACCOUNTS_RECEIVABLE =
		#otherAccountsReceivable:DECIMAL#,
		MATERIAL = #material:DECIMAL#,
		FINISHED_PRODUCT = #finishedProduct:DECIMAL#,
		OUTBOUND_INVESTMENT =
		#outboundInvestment:DECIMAL#,
		FIXED_ASSETS = #fixedAssets:DECIMAL#,
		INTANGIBLE_ASSETS = #intangibleAssets:DECIMAL#,
		TOTAL_ASSETS =
		#totalAssets:DECIMAL#,
		ALLOCATE_FUNDS = #allocateFunds:DECIMAL#,
		ALLOCATE_SPECIAL_FUND = #allocateSpecialFund:DECIMAL#,
		SPECIAL_EXPENSE
		= #specialExpense:DECIMAL#,
		CAREER_EXPENSE = #careerExpense:DECIMAL#,
		BUSI_EXPENSE = #busiExpense:DECIMAL#,
		COST = #cost:DECIMAL#,
		SALES_TAX =
		#salesTax:DECIMAL#,
		PAID_UPPER_EXPENSE = #paidUpperExpense:DECIMAL#,
		SUBSIDIARY_SUBUNIT = #subsidiarySubunit:DECIMAL#,
		SELF_FINANCING_INFRASTRUCTURE = #selfFinancingInfrastructure:DECIMAL#,
		TOTAL_EXPENSE = #totalExpense:DECIMAL#,
		TOTAL_DEPART_CLASS_ASSETS =
		#totalDepartClassAssets:DECIMAL#,
		DEBIT_FUND = #debitFund:DECIMAL#,
		NOTES_PAYABLE = #notesPayable:DECIMAL#,
		ACCOUNTS_PAYABLE =
		#accountsPayable:DECIMAL#,
		ACCOUNTS_COLLECT_IN_ADVANCE =
		#accountsCollectInAdvance:DECIMAL#,
		OTHER_PAYABLE =
		#otherPayable:DECIMAL#,
		BUDGET_FUND_PAYABLE =
		#budgetFundPayable:DECIMAL#,
		FINANCIAL_SPECIAL_FUND_PAYABLE =
		#financialSpecialFundPayable:DECIMAL#,
		TAX_PAYABLE =
		#taxPayable:DECIMAL#,
		TOTAL_LIABILITY = #totalLiability:DECIMAL#,
		CAREER_FUND = #careerFund:DECIMAL#,
		NORMAL_FUND = #normalFund:DECIMAL#,
		INVESTMENT_FUND = #investmentFund:DECIMAL#,
		FIXED_FUND =
		#fixedFund:DECIMAL#,
		SPECIAL_FUND = #specialFund:DECIMAL#,
		CAREER_BALANCE = #careerBalance:DECIMAL#,
		BUSI_BALANCE =
		#busiBalance:DECIMAL#,
		TOTAL_NET_ASSETS = #totalNetAssets:DECIMAL#,
		FINANCIAL_SUBSIDY_INCOME = #financialSubsidyIncome:DECIMAL#,
		SUPERIOR_SUBSIDY_INCOME = #superiorSubsidyIncome:DECIMAL#,
		DAIL_SPECIAL_FUND = #dailSpecialFund:DECIMAL#,
		CAREER_INCOME =
		#careerIncome:DECIMAL#,
		BUSI_INCOME = #busiIncome:DECIMAL#,
		SUBUNIT_PAYMENT = #subunitPayment:DECIMAL#,
		OTHER_INCOME =
		#otherIncome:DECIMAL#,
		TOTAL_INCOME = #totalIncome:DECIMAL#,
		TOTAL_LIABILITIES = #totalLiabilities:DECIMAL#,
		CUSTOMER_CODE =
		#customerCode:VARCHAR#,
		REPORT_YEAR = #reportYear:VARCHAR#,
		REPORT_TYPE
		= #reportType:VARCHAR#,
		REPORT_TYPE_SUBDIVISION =
		#reportTypeSubdivision:VARCHAR#,
		BORROWER_NAME =
		#borrowerName:VARCHAR#,
		LOAN_CARD_NO = #loanCardNo:VARCHAR#,
		AUDIT_FIRM_NAME = #auditFirmName:VARCHAR#,
		AUDITOR_NAME =
		#auditorName:VARCHAR#,
		CHECK_TIME_C = #checkTimeC:VARCHAR#,
		BUSI_DATE =
		#busiDate:VARCHAR#
		<isNotEmpty prepend="," property="batDate">
			BAT_DATE = #batDate#
		</isNotEmpty>
		where SYS_CTL_ID = #sysCtlId:VARCHAR#
	</update>
    <!-- add by gcj Release V1.0 NO.90 金额更新成null 画面后台直连更新专用20160819 start-->
	<update id="updateByPrimaryKeyAll" parameterClass="com.synesoft.cci.app.form.bbm.CciBusiUnitAssetsLiaForm">
		<!-- WARNING - This element is automatically generated by Abator for iBATIS,
			do not modify. This element was generated on Fri Oct 30 15:02:45 CST 2015. -->
		update ${SUBSYSTEM_SCHEMA}CCI_BUSI_UNIT_ASSETS_LIA
		set CASH =
		#cash:DECIMAL#,
		BANK_DEPOSIT = #bankDeposit:DECIMAL#,
		NOTES_RECEIVABLE =
		#notesReceivable:DECIMAL#,
		ACCOUNTS_RECEIVABLE =
		#accountsReceivable:DECIMAL#,
		ADVANCE_PAYMENT =
		#advancePayment:DECIMAL#,
		OTHER_ACCOUNTS_RECEIVABLE =
		#otherAccountsReceivable:DECIMAL#,
		MATERIAL = #material:DECIMAL#,
		FINISHED_PRODUCT = #finishedProduct:DECIMAL#,
		OUTBOUND_INVESTMENT =
		#outboundInvestment:DECIMAL#,
		FIXED_ASSETS = #fixedAssets:DECIMAL#,
		INTANGIBLE_ASSETS = #intangibleAssets:DECIMAL#,
		TOTAL_ASSETS =
		#totalAssets:DECIMAL#,
		ALLOCATE_FUNDS = #allocateFunds:DECIMAL#,
		ALLOCATE_SPECIAL_FUND = #allocateSpecialFund:DECIMAL#,
		SPECIAL_EXPENSE
		= #specialExpense:DECIMAL#,
		CAREER_EXPENSE = #careerExpense:DECIMAL#,
		BUSI_EXPENSE = #busiExpense:DECIMAL#,
		COST = #cost:DECIMAL#,
		SALES_TAX =
		#salesTax:DECIMAL#,
		PAID_UPPER_EXPENSE = #paidUpperExpense:DECIMAL#,
		SUBSIDIARY_SUBUNIT = #subsidiarySubunit:DECIMAL#,
		SELF_FINANCING_INFRASTRUCTURE = #selfFinancingInfrastructure:DECIMAL#,
		TOTAL_EXPENSE = #totalExpense:DECIMAL#,
		TOTAL_DEPART_CLASS_ASSETS =
		#totalDepartClassAssets:DECIMAL#,
		DEBIT_FUND = #debitFund:DECIMAL#,
		NOTES_PAYABLE = #notesPayable:DECIMAL#,
		ACCOUNTS_PAYABLE =
		#accountsPayable:DECIMAL#,
		ACCOUNTS_COLLECT_IN_ADVANCE =
		#accountsCollectInAdvance:DECIMAL#,
		OTHER_PAYABLE =
		#otherPayable:DECIMAL#,
		BUDGET_FUND_PAYABLE =
		#budgetFundPayable:DECIMAL#,
		FINANCIAL_SPECIAL_FUND_PAYABLE =
		#financialSpecialFundPayable:DECIMAL#,
		TAX_PAYABLE =
		#taxPayable:DECIMAL#,
		TOTAL_LIABILITY = #totalLiability:DECIMAL#,
		CAREER_FUND = #careerFund:DECIMAL#,
		NORMAL_FUND = #normalFund:DECIMAL#,
		INVESTMENT_FUND = #investmentFund:DECIMAL#,
		FIXED_FUND =
		#fixedFund:DECIMAL#,
		SPECIAL_FUND = #specialFund:DECIMAL#,
		CAREER_BALANCE = #careerBalance:DECIMAL#,
		BUSI_BALANCE =
		#busiBalance:DECIMAL#,
		TOTAL_NET_ASSETS = #totalNetAssets:DECIMAL#,
		FINANCIAL_SUBSIDY_INCOME = #financialSubsidyIncome:DECIMAL#,
		SUPERIOR_SUBSIDY_INCOME = #superiorSubsidyIncome:DECIMAL#,
		DAIL_SPECIAL_FUND = #dailSpecialFund:DECIMAL#,
		CAREER_INCOME =
		#careerIncome:DECIMAL#,
		BUSI_INCOME = #busiIncome:DECIMAL#,
		SUBUNIT_PAYMENT = #subunitPayment:DECIMAL#,
		OTHER_INCOME =
		#otherIncome:DECIMAL#,
		TOTAL_INCOME = #totalIncome:DECIMAL#,
		TOTAL_LIABILITIES = #totalLiabilities:DECIMAL#,
		CUSTOMER_CODE =
		#customerCode:VARCHAR#,
		REPORT_YEAR = #reportYear:VARCHAR#,
		REPORT_TYPE
		= #reportType:VARCHAR#,
		REPORT_TYPE_SUBDIVISION =
		#reportTypeSubdivision:VARCHAR#,
		BORROWER_NAME =
		#borrowerName:VARCHAR#,
		LOAN_CARD_NO = #loanCardNo:VARCHAR#,
		AUDIT_FIRM_NAME = #auditFirmName:VARCHAR#,
		AUDITOR_NAME =
		#auditorName:VARCHAR#,
		CHECK_TIME_C = #checkTimeC:VARCHAR#,
		BUSI_DATE =
		#busiDate:VARCHAR#
		<!-- add by gcj 20170103 Release V1.0 NO.299 start -->
			<isNotEmpty property="taskId">
				,TASK_ID=
				#taskId#
			</isNotEmpty>
			<isNotEmpty property="stepId">
				,STEP_ID =
				#stepId#
			</isNotEmpty>
			<isNotEmpty property="batDate">
				,BAT_DATE =
				#batDate#
			</isNotEmpty>
			<!-- add by gcj 20170103 Release V1.0 NO.299 end -->
		where SYS_CTL_ID = #sysCtlId:VARCHAR#
	</update>
    <!-- add by gcj Release V1.0 NO.90 金额更新成null 画面后台直连更新专用20160819 end-->

	<delete id="deleteByPrimaryKeyLogic" parameterClass="com.synesoft.cci.app.form.bbm.CciBusiUnitAssetsLiaForm">
		<!-- WARNING - This element is automatically generated by Abator for iBATIS, 
			do not modify. This element was generated on Fri Oct 30 15:02:44 CST 2015. -->
		update ${SUBSYSTEM_SCHEMA}CCI_REPORT_SYSTEM_CTL set
		LOGIC_DELETE_FLAG =
		#logicDeleteFlag:VARCHAR#
		where SYS_CTL_ID = #sysCtlId:VARCHAR#
	</delete>

	<delete id="deleteByPrimaryKey" parameterClass="com.synesoft.cci.app.form.bbm.CciBusiUnitAssetsLiaForm">
		<!-- WARNING - This element is automatically generated by Abator for iBATIS, 
			do not modify. This element was generated on Fri Oct 30 15:02:44 CST 2015. -->
		delete from ${SUBSYSTEM_SCHEMA}CCI_BUSI_UNIT_ASSETS_LIA
		where SYS_CTL_ID =
		#sysCtlId:VARCHAR#
	</delete>

	<update id="optState" parameterClass="com.synesoft.cci.app.form.bbm.CciBusiUnitAssetsLiaForm">
		<!-- WARNING - This element is automatically generated by Abator for iBATIS, 
			do not modify. This element was generated on Fri Oct 30 15:02:44 CST 2015. -->
		update ${SUBSYSTEM_SCHEMA}CCI_REPORT_SYSTEM_CTL set
		LOGIC_DELETE_FLAG =
		#logicDeleteFlag:VARCHAR#
		where SYS_CTL_ID = #sysCtlId:VARCHAR#
	</update>

	<select id="getReportData" parameterClass="java.lang.String"
		resultMap="cciBusiUnitAssetsLiaFormResult">
		select *
		from ${SUBSYSTEM_SCHEMA}CCI_BUSI_UNIT_ASSETS_LIA t1
		join ${SUBSYSTEM_SCHEMA}CCI_REPORT_SYSTEM_CTL t2
		on t1.SYS_CTL_ID =
		t2.SYS_CTL_ID
		where 1 = 1
		and t2.RELATION_SYS_CTL_ID = #sysCtl#
		and
		t2.REPORT_FLAG = '3'
	</select>

</sqlMap>
