<?xml version="1.0" encoding="UTF-8" ?>
<!DOCTYPE sqlMap PUBLIC "-//ibatis.apache.org//DTD SQL Map 2.0//EN" "http://ibatis.apache.org/dtd/sql-map-2.dtd" >
<sqlMap namespace="CCI_UPDATE_COLUMN_INFO">
	<resultMap id="cciUpdateColumnInfoResult"
		class="com.synesoft.cci.domain.model.CciUpdateColumnInfo">
		<!-- WARNING - This element is automatically generated by Abator for iBATIS, 
			do not modify. This element was generated on Fri Oct 30 15:02:49 CST 2015. -->

		<result column="SYS_CTL_ID" property="sysCtlId" jdbcType="VARCHAR" />
		<result column="UPDATE_TABLE_NAME" property="updateTableName"
			jdbcType="VARCHAR" />
		<result column="UPDATE_RECORD_PK" property="updateRecordPK"
			jdbcType="VARCHAR" />
		<result column="UPDATE_FIELD_NAME" property="updateFieldName"
			jdbcType="VARCHAR" />
		<result column="UPDATE_FIELD_ORG_VALUE" property="updateFieldOrgValue"
			jdbcType="VARCHAR" />
		<result column="UPDATE_FIELD_VALUE" property="updateFieldValue"
			jdbcType="VARCHAR" />
		<result column="OPERATE_TIME" property="operateTime" jdbcType="VARCHAR" />
		<result column="OPERATER" property="operater" jdbcType="VARCHAR" />
		<result column="LOGIC_DELETE_FLAG" property="logicDeleteFlag"
			jdbcType="VARCHAR" />

	</resultMap>

	<select id="getChangeSegData" parameterClass="java.util.Map"
		resultMap="cciUpdateColumnInfoResult">
		select *
		from ${SUBSYSTEM_SCHEMA}cci_update_column_info t
		where 1 = 1
		and t.update_record_pk
		= #sysCtl#
		and t.update_field_name in
		<iterate open="(" close=")" conjunction="," property="params">
			#params[]#
		</iterate>
		and t.logic_delete_flag = '0'
	</select>
</sqlMap>