<?xml version="1.0" encoding="UTF-8" ?>
<!DOCTYPE sqlMap PUBLIC "-//ibatis.apache.org//DTD SQL Map 2.0//EN" "http://ibatis.apache.org/dtd/sql-map-2.dtd" >
<sqlMap namespace="CUT_DAY_RTM" >
	<resultMap class="com.synesoft.cci.common.cutday.BatDateInfoForm" id="cutday_batDateInfoResult">
	    <result column="BAT_DATE" jdbcType="VARCHAR" property="batDate" />
	    <result column="WORKDAY" jdbcType="VARCHAR" property="workday" />
	    <result column="MONTH_END" jdbcType="VARCHAR" property="monthEnd" />
	    <result column="YEAR_DAY" jdbcType="DECIMAL" property="yearDay" />
	    <result column="SEASON_DAY" jdbcType="DECIMAL" property="seasonDay" />
	    <result column="WEEK_DAY" jdbcType="DECIMAL" property="weekDay" />
	    <result column="SYS_CTL_ID" property="sysCtlId" jdbcType="VARCHAR" />
		<result column="FILE_SEND_DATE" property="fileSendDate"
			jdbcType="VARCHAR" />
		<result column="REPORT_BATCH_NO" property="reportBatchNo"
			jdbcType="VARCHAR" />
		<result column="MSG_RECORD_TRACKING_NO" property="msgRecordTrackingNo"
			jdbcType="VARCHAR" />
		<result column="MSG_RECORD_OPERATE_TYPE" property="msgRecordOperateType"
			jdbcType="VARCHAR" />
		<result column="MSG_RECORD_ROW" property="msgRecordRow"
			jdbcType="VARCHAR" />
		<result column="REPORT_FLAG" property="reportFlag" jdbcType="VARCHAR" />
		<result column="FEEDBACK_FLAG" property="feedbackFlag"
			jdbcType="VARCHAR" />
		<result column="DEPT_ID" property="deptId" jdbcType="VARCHAR" />
		<result column="OPERATING_STATE" property="operatingState"
			jdbcType="VARCHAR" />
		<result column="REPORT_FILE_TYPE" property="reportFileType"
			jdbcType="VARCHAR" />
		<result column="MSG_RECORD_TYPE" property="msgRecordType"
			jdbcType="VARCHAR" />
		<result column="BRANCH_ID" property="branchId" jdbcType="VARCHAR" />
		<result column="BRANCH_NO" property="branchNo" jdbcType="VARCHAR" />
		<result column="RELATION_SYS_CTL_ID" property="relationSysCtlId"
			jdbcType="VARCHAR" />
		<result column="ORG_BASIC_FEEDBACK_FLAG" property="orgBasicFeedbackFlag"
			jdbcType="VARCHAR" />
		<result column="OPERATE_TIME" property="operateTime" jdbcType="VARCHAR" />
		<result column="OPERATER" property="operater" jdbcType="VARCHAR" />
		<result column="CHECK_TIME" property="checkTime" jdbcType="VARCHAR" />
		<result column="CHECK_OPERATOR" property="checkOperator"
			jdbcType="VARCHAR" />
		<result column="CHECK_ADD_MSG" property="checkAddMsg" jdbcType="VARCHAR" />
		<result column="LAST_UPDATE_TIME" property="lastUpdateTime"
			jdbcType="VARCHAR" />
		<result column="LAST_UPDATER" property="lastUpdater" jdbcType="VARCHAR" />
		<result column="LOGIC_DELETE_FLAG" property="logicDeleteFlag"
			jdbcType="VARCHAR" />
		<result column="DTL_NUM_A" property="dtlNumA" jdbcType="VARCHAR" />
		<result column="DTL_NUM_B" property="dtlNumB" jdbcType="VARCHAR" />
		<result column="DTL_NUM_C" property="dtlNumC" jdbcType="VARCHAR" />
		<result column="DTL_NUM_D" property="dtlNumD" jdbcType="VARCHAR" />
		<result column="RECORD_STATUS_FLAG" property="recordStatusFlag"
			jdbcType="VARCHAR" />
		<result column="MESSAGE_TYPE" property="messageType" jdbcType="VARCHAR" />
	</resultMap>
	
	<resultMap class="com.synesoft.cci.common.cutday.CutDayRtmForm" id="CutDayRtmResult">
	    <result column="ID" jdbcType="VARCHAR" property="id" />
	    <result column="BAT_DATE" jdbcType="VARCHAR" property="batDate" />
	    <result column="RUN_STATUS" jdbcType="VARCHAR" property="runStatus" />
	    <result column="START_TIME" jdbcType="VARCHAR" property="startTime" />
	    <result column="END_TIME" jdbcType="VARCHAR" property="endTime" />
	</resultMap>
	
	<insert id="insertCutDayRtm" parameterClass="com.synesoft.cci.common.cutday.CutDayRtmForm">
     	insert into ${SUBSYSTEM_SCHEMA}CUT_DAY_RTM (ID,BAT_DATE,RUN_STATUS,START_TIME,END_TIME)
    	values (#id:VARCHAR#, #batDate:CHAR#, #runStatus:CHAR#,
      	#startTime:VARCHAR#, #endTime:VARCHAR#)
    </insert>
    
    <update id="updateCutDayRtm" parameterClass="com.synesoft.cci.common.cutday.CutDayRtmForm">
     	update ${SUBSYSTEM_SCHEMA}CUT_DAY_RTM
     	<dynamic prepend="set" >
	      <isNotNull prepend="," property="batDate" >
	        BAT_DATE = #batDate:CHAR#
	      </isNotNull>
	      <isNotNull prepend="," property="runStatus" >
	        RUN_STATUS = #runStatus:VARCHAR#
	      </isNotNull>
	      <isNotNull prepend="," property="startTime" >
	        START_TIME = #startTime:VARCHAR#
	      </isNotNull>
	      <isNotNull prepend="," property="endTime" >
	        END_TIME = #endTime:VARCHAR#
	      </isNotNull>
	    </dynamic>
     	where ID = #id:VARCHAR#
    </update>
    
    <select id="selectCutDayRtm" 
			parameterClass="com.synesoft.cci.common.cutday.CutDayRtmForm"
			resultMap="CutDayRtmResult">
		select *
		  from ${SUBSYSTEM_SCHEMA}CUT_DAY_RTM
		<dynamic prepend="where" >
			<isNotNull prepend="," property="batDate" >
	        	BAT_DATE = #batDate:CHAR#
	      	</isNotNull>
	    </dynamic>
		ORDER BY ID DESC
	</select>
	<select id="queryBusDateList" resultClass="com.synesoft.cci.common.cutday.BusinessDateInfo">
		SELECT BUSINESS_DATE as "businessDate", DIRECT_FLAG as "directFlag", DIRECT_VALUE as "directValue"
		FROM ${SUBSYSTEM_SCHEMA}BUSINESS_DATE_INFO 
		ORDER BY BUSINESS_DATE
	</select>
	
	<select id="queryBatCtlDate" resultClass="java.lang.String">
		SELECT BAT_DATE 
		FROM ${SUBSYSTEM_SCHEMA}BAT_CTL
	</select>
	<select id="selectNextWorkday" 
			parameterClass="java.lang.String"
			resultMap="cutday_batDateInfoResult">
		SELECT *
		  FROM ${SUBSYSTEM_SCHEMA}BAT_DATE_INFO T
		 WHERE BAT_DATE > #value#
		   AND WORKDAY = 'Y'
		 ORDER BY BAT_DATE  		
	</select>
	
	<select id="selectPreWorkday" 
			parameterClass="java.lang.String"
			resultMap="cutday_batDateInfoResult">
		SELECT *
		  FROM ${SUBSYSTEM_SCHEMA}BAT_DATE_INFO T
		 WHERE BAT_DATE <![CDATA[ <]]> #value:VARCHAR#
		   AND WORKDAY = 'Y'
		 ORDER BY BAT_DATE DESC	
	</select>
	
	<select id="selectUnGenCount" 
			parameterClass="com.synesoft.cci.common.cutday.CutDayRtmForm"
			resultClass="java.lang.Integer">
		<!-- SELECT count(*) cnt from ${SUBSYSTEM_SCHEMA}CCI_REPORT_SYSTEM_CTL 
			WHERE REPORT_FLAG != '4' AND FILE_SEND_DATE = #batDate:VARCHAR#
		 -->
		SELECT count(*) cnt
		  from  ${SUBSYSTEM_SCHEMA}CCI_REPORT_SYSTEM_CTL
		 WHERE LOGIC_DELETE_FLAG = '0' AND 
		 	(report_flag != 2
		    or operating_state != 31
		    or feedback_flag not in (1, 4)
		    )
		    and sys_ctl_id not in
		    (select t1.sys_ctl_id from ${SUBSYSTEM_SCHEMA}CCI_OMISSIVE_DATE t1 where t1.state_flag='1')
	</select>
	
	<update id="updateBatCtl" parameterClass="com.synesoft.cci.common.cutday.BatCtl">
		update ${SUBSYSTEM_SCHEMA}BAT_CTL
		set BAT_DATE = #batDate:VARCHAR#,
			RUNTIME_ID = RUNTIME_ID+1
	</update>
	
	<update id="updateBusDate" parameterClass="com.synesoft.cci.common.cutday.BusinessDateInfo">
		update ${SUBSYSTEM_SCHEMA}BUSINESS_DATE_INFO
		set
		BUSINESS_DATE = #businessDate:VARCHAR#
		where
		BUSINESS_DATE = #rsv1:VARCHAR#
		AND DIRECT_FLAG = #directFlag:VARCHAR#
		AND DIRECT_VALUE = #directValue:INTEGER#
	</update>
	
	<select id="queryCheckDateFlag" resultClass="java.lang.String">
		select param_val from ${UMP_SCHEMA}SYS_PARAM where param_group = 'CUTDAY' and param_code = '002'
	</select>
</sqlMap>