<?xml version="1.0" encoding="UTF-8" ?>
<!DOCTYPE sqlMap PUBLIC "-//ibatis.apache.org//DTD SQL Map 2.0//EN" "http://ibatis.apache.org/dtd/sql-map-2.dtd" >
<sqlMap namespace="COM_CONTROL_DEFINE">
	<resultMap id="ComControlDefineResult" class="com.synesoft.cci.common.pageControl.model.ComControlDefine">
		<result column="CTRL_PROXY_ID" property="ctrlProxyId" jdbcType="VARCHAR" />
		<result column="CTRL_ID" property="ctrlId" jdbcType="VARCHAR" />
		<result column="CTRL_NAME" property="ctrlName" jdbcType="VARCHAR" />
		<result column="CREATE_TIME" property="createTime" jdbcType="VARCHAR" />
		<result column="CREATE_USER" property="cteateUser" jdbcType="VARCHAR" />
		<result column="UPDATE_TIME" property="updateTime" jdbcType="VARCHAR" />
		<result column="UPDATE_USER" property="updateUser" jdbcType="VARCHAR" />
		<result column="BUS_ID" property="busId" jdbcType="VARCHAR" />
		<result column="BAT_DATE" property="batDate" jdbcType="CHAR" />
        <result column="TASK_ID" property="taskId" jdbcType="CHAR" />
         <result column="STEP_ID" property="stepId" jdbcType="CHAR" />
	</resultMap>

	<select id="selectByPrimaryKey" resultMap="ComControlDefineResult" parameterClass="com.synesoft.cci.common.pageControl.model.ComControlDefine">
		SELECT DEFINE.* 
		FROM ${SUBSYSTEM_SCHEMA}COM_CONTROL_DEFINE DEFINE,${SUBSYSTEM_SCHEMA}COM_CONTROL_MAPPING MAP
		WHERE DEFINE.CTRL_PROXY_ID = MAP.CTRL_PROXY_ID
		AND BUS_ID = #busId:VARCHAR#
		AND OPT_ID = #optId:VARCHAR#
	</select>
</sqlMap>