<?xml version="1.0" encoding="UTF-8" ?>
<!DOCTYPE sqlMap PUBLIC "-//ibatis.apache.org//DTD SQL Map 2.0//EN" "http://ibatis.apache.org/dtd/sql-map-2.dtd" >
<sqlMap namespace="PT_UMP_LOG">
	<insert id="insert" parameterClass="map">

		insert into
		${UMP_SCHEMA}SYS_CHG_BIZ_LOG (
		SYS_DATA_ID, BRANCH_ID, FUNC_ID,
		FUNC_NAME,
		USER_ID, USER_NAME_EN,
		USER_NAME_CN, OPER_DATE, OPER_TIME,
		OPER_TYPE, COMMENTS, REV1, REV2, REV3, REV4,
		REV5,
		SYSTEM_ID,
		DATA_BEFORE, DATA_AFTER)
		values (#sysDataId:VARCHAR#,
		#branchId:VARCHAR#, #funcId:VARCHAR#,
		#funcName:VARCHAR#,
		#userId:VARCHAR#, #userNameEn:VARCHAR#, #userNameCn:VARCHAR#,
		#operDate:VARCHAR#,
		#operTime:VARCHAR#, #operType:CHAR#,
		#comments:VARCHAR#,
		#rev1:VARCHAR#, #rev2:VARCHAR#,
		#rev3:VARCHAR#,
		#rev4:VARCHAR#, #rev5:VARCHAR#, #systemId:VARCHAR#,
		#dataBefore:CLOB#,
		#dataAfter:CLOB#)
	</insert>

	<update id="updateByPrimaryKey" parameterClass="map">

		update ${UMP_SCHEMA}SYS_CHG_BIZ_LOG
		<dynamic prepend="set">
			<isNotNull prepend="," property="branchId">
				BRANCH_ID =
				#branchId:VARCHAR#
			</isNotNull>
			<isNotNull prepend="," property="funcId">
				FUNC_ID = #funcId:VARCHAR#
			</isNotNull>
			<isNotNull prepend="," property="funcName">
				FUNC_NAME =
				#funcName:VARCHAR#
			</isNotNull>
			<isNotNull prepend="," property="userId">
				USER_ID = #userId:VARCHAR#
			</isNotNull>
			<isNotNull prepend="," property="userNameEn">
				USER_NAME_EN =
				#userNameEn:VARCHAR#
			</isNotNull>
			<isNotNull prepend="," property="userNameCn">
				USER_NAME_CN =
				#userNameCn:VARCHAR#
			</isNotNull>
			<isNotNull prepend="," property="operDate">
				OPER_DATE =
				#operDate:VARCHAR#
			</isNotNull>
			<isNotNull prepend="," property="operTime">
				OPER_TIME =
				#operTime:VARCHAR#
			</isNotNull>
			<isNotNull prepend="," property="operType">
				OPER_TYPE = #operType:CHAR#
			</isNotNull>
			<isNotNull prepend="," property="comments">
				COMMENTS =
				#comments:VARCHAR#
			</isNotNull>
			<isNotNull prepend="," property="rev1">
				REV1 = #rev1:VARCHAR#
			</isNotNull>
			<isNotNull prepend="," property="rev2">
				REV2 = #rev2:VARCHAR#
			</isNotNull>
			<isNotNull prepend="," property="rev3">
				REV3 = #rev3:VARCHAR#
			</isNotNull>
			<isNotNull prepend="," property="rev4">
				REV4 = #rev4:VARCHAR#
			</isNotNull>
			<isNotNull prepend="," property="rev5">
				REV5 = #rev5:VARCHAR#
			</isNotNull>
			<isNotNull prepend="," property="systemId">
				SYSTEM_ID =
				#systemId:VARCHAR#
			</isNotNull>
			<isNotNull prepend="," property="dataBefore">
				DATA_BEFORE =
				#dataBefore:CLOB#
			</isNotNull>
			<isNotNull prepend="," property="dataAfter">
				DATA_AFTER =
				#dataAfter:CLOB#
			</isNotNull>
		</dynamic>
		where SYS_DATA_ID = #sysDataId#
	</update>
</sqlMap>