<?xml version="1.0" encoding="UTF-8" ?>
<!DOCTYPE sqlMap PUBLIC "-//ibatis.apache.org//DTD SQL Map 2.0//EN" "http://ibatis.apache.org/dtd/sql-map-2.dtd" >
<sqlMap namespace="CCI_HOMEPAGE">
	<!-- 首页处理 by lyl -->
	<select id="selectFuncIdByRoleId" parameterClass="com.synesoft.cci.business.homepage.CciHomePageVo"
		resultClass="com.synesoft.common.model.SysFuncInfo">
		select distinct A.FUNC_ID as funcId, B.FUNC_URL as funcUrl
		,B.FUNC_DESC as funcDesc from ${UMP_SCHEMA}SYS_ROLE_FUNC A,
		${UMP_SCHEMA}SYS_FUNC_INFO B
		WHERE A.FUNC_ID = B.FUNC_ID
		AND
		B.IS_BTN='0'
		<isNotEmpty prepend="AND" property="menuPattern">
			B.func_id like
			#menuPattern#
		</isNotEmpty>
		<isNotEmpty prepend="and" property="roleIdList">
			<iterate property="roleIdList" open="A.ROLE_ID IN ("
				close=")" conjunction=",">
				#roleIdList[]#
			</iterate>
		</isNotEmpty>
		order by A.FUNC_ID
	</select>

</sqlMap>